wage_id,placement_id,employment_history_id,recorded_date,wage_amount,wage_unit,source
1,1,1,2025-06-14,14000.0,monthly,dashboard
2,1,1,2025-09-12,14500.0,monthly,follow_up
3,1,1,2025-12-11,15300.0,monthly,follow_up
4,1,1,2026-06-09,16700.0,monthly,follow_up
5,3,2,2025-06-07,18600.0,monthly,dashboard
6,3,2,2025-09-05,18800.0,monthly,follow_up
7,3,2,2026-06-02,20300.0,monthly,follow_up
8,4,3,2025-06-29,15600.0,monthly,dashboard
9,4,3,2025-09-27,16500.0,monthly,follow_up
10,4,3,2025-12-26,17800.0,monthly,follow_up
11,4,3,2026-06-24,19600.0,monthly,follow_up
12,6,4,2025-04-27,17800.0,monthly,dashboard
13,6,4,2025-10-24,18800.0,monthly,follow_up
14,8,5,2025-05-27,18800.0,monthly,dashboard
15,8,5,2025-08-25,19800.0,monthly,follow_up
16,8,5,2025-11-23,20600.0,monthly,follow_up
17,8,5,2026-05-22,22000.0,monthly,follow_up
18,9,6,2025-06-26,16900.0,monthly,dashboard
19,9,6,2025-09-24,17900.0,monthly,follow_up
20,9,6,2025-12-23,18900.0,monthly,follow_up
21,9,6,2026-06-21,19900.0,monthly,follow_up
22,10,7,2025-05-29,13900.0,monthly,dashboard
23,10,7,2025-08-27,14300.0,monthly,follow_up
24,10,7,2025-11-25,15600.0,monthly,follow_up
25,13,8,2025-06-05,18900.0,monthly,dashboard
26,13,8,2025-09-03,20300.0,monthly,follow_up
27,13,8,2025-12-02,22300.0,monthly,follow_up
28,13,8,2026-05-31,22900.0,monthly,follow_up
29,14,9,2025-05-19,17100.0,monthly,dashboard
30,14,9,2025-08-17,18100.0,monthly,follow_up
31,14,9,2025-11-15,17700.0,monthly,follow_up
32,14,9,2026-05-14,17900.0,monthly,follow_up
33,15,10,2025-06-28,18500.0,monthly,dashboard
34,15,10,2025-09-26,18100.0,monthly,follow_up
35,15,10,2025-12-25,18700.0,monthly,follow_up
36,15,10,2026-06-23,19100.0,monthly,follow_up
37,16,11,2025-06-01,17000.0,monthly,dashboard
38,16,11,2025-08-30,17900.0,monthly,follow_up
39,16,11,2025-11-28,18800.0,monthly,follow_up
40,16,11,2026-05-27,19300.0,monthly,follow_up
41,17,12,2025-04-21,14500.0,monthly,dashboard
42,17,12,2025-07-20,14800.0,monthly,follow_up
43,17,12,2025-10-18,14800.0,monthly,follow_up
44,17,12,2026-04-16,15100.0,monthly,follow_up
45,19,13,2025-06-29,16300.0,monthly,dashboard
46,19,13,2025-09-27,17300.0,monthly,follow_up
47,19,13,2025-12-26,17900.0,monthly,follow_up
48,20,14,2025-06-11,16200.0,monthly,dashboard
49,20,14,2025-09-09,16700.0,monthly,follow_up
50,20,14,2025-12-08,17200.0,monthly,follow_up
51,20,14,2026-06-06,17300.0,monthly,follow_up
52,21,15,2025-04-23,17600.0,monthly,dashboard
53,21,15,2025-07-22,18700.0,monthly,follow_up
54,21,15,2025-10-20,19500.0,monthly,follow_up
55,21,15,2026-04-18,21200.0,monthly,follow_up
56,22,16,2025-06-04,15500.0,monthly,dashboard
57,22,16,2025-09-02,15600.0,monthly,follow_up
58,22,16,2025-12-01,17100.0,monthly,follow_up
59,22,16,2026-05-30,18700.0,monthly,follow_up
60,24,17,2025-06-03,14100.0,monthly,dashboard
61,24,17,2025-09-01,14400.0,monthly,follow_up
62,24,17,2025-11-30,14900.0,monthly,follow_up
63,24,17,2026-05-29,15600.0,monthly,follow_up
64,25,18,2025-05-23,17400.0,monthly,dashboard
65,25,18,2025-08-21,18500.0,monthly,follow_up
66,25,18,2025-11-19,18800.0,monthly,follow_up
67,25,18,2026-05-18,20000.0,monthly,follow_up
68,26,19,2025-05-14,16500.0,monthly,dashboard
69,26,19,2025-08-12,17800.0,monthly,follow_up
70,26,19,2025-11-10,17500.0,monthly,follow_up
71,26,19,2026-05-09,18500.0,monthly,follow_up
72,28,20,2025-06-20,14400.0,monthly,dashboard
73,28,20,2025-09-18,14400.0,monthly,follow_up
74,28,20,2026-06-15,14600.0,monthly,follow_up
75,30,21,2025-04-26,17600.0,monthly,dashboard
76,30,21,2025-07-25,18100.0,monthly,follow_up
77,30,21,2025-10-23,18200.0,monthly,follow_up
78,30,21,2026-04-21,19600.0,monthly,follow_up
79,33,22,2025-06-16,16700.0,monthly,dashboard
80,33,22,2025-09-14,17200.0,monthly,follow_up
81,33,22,2025-12-13,19200.0,monthly,follow_up
82,35,23,2025-04-29,14800.0,monthly,dashboard
83,35,23,2025-07-28,15300.0,monthly,follow_up
84,35,23,2025-10-26,16100.0,monthly,follow_up
85,35,23,2026-04-24,17200.0,monthly,follow_up
86,38,24,2025-06-28,17100.0,monthly,dashboard
87,38,24,2025-09-26,19300.0,monthly,follow_up
88,38,24,2025-12-25,21300.0,monthly,follow_up
89,39,25,2025-05-14,15800.0,monthly,dashboard
90,39,25,2025-08-12,16800.0,monthly,follow_up
91,39,25,2025-11-10,17500.0,monthly,follow_up
92,39,25,2026-05-09,18100.0,monthly,follow_up
93,40,26,2025-06-05,13000.0,monthly,dashboard
94,40,26,2025-09-03,12900.0,monthly,follow_up
95,40,26,2025-12-02,13700.0,monthly,follow_up
96,40,26,2026-05-31,13400.0,monthly,follow_up
97,41,27,2025-04-25,13800.0,monthly,dashboard
98,41,27,2025-07-24,14000.0,monthly,follow_up
99,41,27,2025-10-22,14500.0,monthly,follow_up
100,41,27,2026-04-20,15900.0,monthly,follow_up
101,42,28,2025-06-10,17500.0,monthly,dashboard
102,42,28,2025-09-08,18400.0,monthly,follow_up
103,42,28,2025-12-07,18700.0,monthly,follow_up
104,42,28,2026-06-05,20000.0,monthly,follow_up
105,43,29,2025-05-03,13900.0,monthly,dashboard
106,43,29,2025-08-01,15100.0,monthly,follow_up
107,43,29,2025-10-30,16300.0,monthly,follow_up
108,43,29,2026-04-28,17200.0,monthly,follow_up
109,44,30,2025-05-22,16600.0,monthly,dashboard
110,44,30,2025-08-20,17500.0,monthly,follow_up
111,44,30,2025-11-18,19400.0,monthly,follow_up
112,44,30,2026-05-17,21300.0,monthly,follow_up
113,45,31,2025-06-06,18800.0,monthly,dashboard
114,45,31,2025-12-03,19700.0,monthly,follow_up
115,45,31,2026-06-01,20800.0,monthly,follow_up
116,46,32,2025-05-03,14400.0,monthly,dashboard
117,46,32,2025-08-01,15000.0,monthly,follow_up
118,46,32,2025-10-30,15900.0,monthly,follow_up
119,46,32,2026-04-28,16800.0,monthly,follow_up
120,47,33,2025-06-14,16500.0,monthly,dashboard
121,47,33,2025-09-12,17300.0,monthly,follow_up
122,47,33,2025-12-11,18400.0,monthly,follow_up
123,47,33,2026-06-09,20300.0,monthly,follow_up
124,48,34,2025-04-24,13900.0,monthly,dashboard
125,48,34,2025-07-23,15100.0,monthly,follow_up
126,48,34,2025-10-21,15600.0,monthly,follow_up
127,49,35,2025-05-27,13300.0,monthly,dashboard
128,49,35,2025-08-25,13400.0,monthly,follow_up
129,49,35,2025-11-23,14400.0,monthly,follow_up
130,50,36,2025-06-13,18500.0,monthly,dashboard
131,50,36,2025-12-10,18900.0,monthly,follow_up
132,50,36,2026-06-08,19600.0,monthly,follow_up
133,51,37,2025-05-09,17500.0,monthly,dashboard
134,51,37,2025-08-07,18700.0,monthly,follow_up
135,51,37,2025-11-05,18800.0,monthly,follow_up
136,51,37,2026-05-04,19000.0,monthly,follow_up
137,52,38,2025-05-27,16400.0,monthly,dashboard
138,52,38,2025-08-25,17800.0,monthly,follow_up
139,52,38,2025-11-23,19200.0,monthly,follow_up
140,53,39,2025-06-09,16800.0,monthly,dashboard
141,53,39,2025-09-07,17000.0,monthly,follow_up
142,53,39,2025-12-06,17500.0,monthly,follow_up
143,54,40,2025-06-02,16100.0,monthly,dashboard
144,54,40,2025-11-29,16300.0,monthly,follow_up
145,54,40,2026-05-28,17500.0,monthly,follow_up
146,55,41,2025-05-11,17100.0,monthly,dashboard
147,55,41,2025-08-09,17800.0,monthly,follow_up
148,55,41,2025-11-07,19600.0,monthly,follow_up
149,55,41,2026-05-06,19600.0,monthly,follow_up
150,57,42,2025-05-06,18500.0,monthly,dashboard
151,57,42,2025-08-04,20100.0,monthly,follow_up
152,57,42,2025-11-02,21000.0,monthly,follow_up
153,57,42,2026-05-01,23100.0,monthly,follow_up
154,59,43,2025-06-27,16800.0,monthly,dashboard
155,59,43,2025-09-25,18000.0,monthly,follow_up
156,59,43,2025-12-24,18500.0,monthly,follow_up
157,61,44,2025-04-23,16300.0,monthly,dashboard
158,61,44,2025-07-22,17200.0,monthly,follow_up
159,61,44,2025-10-20,17400.0,monthly,follow_up
160,61,44,2026-04-18,17500.0,monthly,follow_up
161,63,45,2025-05-25,16000.0,monthly,dashboard
162,63,45,2025-08-23,17200.0,monthly,follow_up
163,63,45,2025-11-21,17400.0,monthly,follow_up
164,63,45,2026-05-20,17800.0,monthly,follow_up
165,64,46,2025-03-10,17800.0,monthly,dashboard
166,64,46,2025-06-08,18200.0,monthly,follow_up
167,64,46,2025-09-06,19200.0,monthly,follow_up
168,64,46,2026-03-05,20100.0,monthly,follow_up
169,65,47,2025-03-11,18500.0,monthly,dashboard
170,65,47,2025-09-07,19800.0,monthly,follow_up
171,65,47,2026-03-06,21000.0,monthly,follow_up
172,67,48,2025-02-15,16000.0,monthly,dashboard
173,67,48,2025-05-16,15500.0,monthly,follow_up
174,67,48,2025-08-14,16500.0,monthly,follow_up
175,67,48,2026-02-10,16900.0,monthly,follow_up
176,68,49,2025-04-04,14800.0,monthly,dashboard
177,68,49,2025-07-03,15800.0,monthly,follow_up
178,68,49,2025-10-01,17800.0,monthly,follow_up
179,68,49,2026-03-30,18200.0,monthly,follow_up
180,70,50,2025-04-03,13400.0,monthly,dashboard
181,70,50,2025-09-30,14100.0,monthly,follow_up
182,70,50,2026-03-29,15300.0,monthly,follow_up
183,71,51,2025-01-30,14000.0,monthly,dashboard
184,71,51,2025-04-30,15100.0,monthly,follow_up
185,71,51,2025-07-29,15400.0,monthly,follow_up
186,73,52,2025-02-08,17500.0,monthly,dashboard
187,73,52,2025-05-09,18300.0,monthly,follow_up
188,73,52,2025-08-07,19300.0,monthly,follow_up
189,73,52,2026-02-03,20000.0,monthly,follow_up
190,74,53,2025-01-26,14600.0,monthly,dashboard
191,74,53,2025-04-26,15200.0,monthly,follow_up
192,74,53,2025-07-25,15900.0,monthly,follow_up
193,74,53,2026-01-21,17000.0,monthly,follow_up
194,75,54,2025-03-25,16400.0,monthly,dashboard
195,75,54,2025-06-23,16300.0,monthly,follow_up
196,75,54,2025-09-21,17900.0,monthly,follow_up
197,75,54,2026-03-20,18900.0,monthly,follow_up
198,76,55,2025-03-27,17100.0,monthly,dashboard
199,76,55,2025-06-25,18400.0,monthly,follow_up
200,76,55,2025-09-23,18000.0,monthly,follow_up
201,76,55,2026-03-22,18800.0,monthly,follow_up
202,77,56,2025-04-01,17600.0,monthly,dashboard
203,77,56,2025-09-28,17600.0,monthly,follow_up
204,77,56,2026-03-27,19300.0,monthly,follow_up
205,78,57,2025-01-28,18800.0,monthly,dashboard
206,78,57,2025-04-28,19600.0,monthly,follow_up
207,78,57,2025-07-27,21100.0,monthly,follow_up
208,78,57,2026-01-23,22200.0,monthly,follow_up
209,79,58,2025-02-16,17000.0,monthly,dashboard
210,79,58,2025-05-17,18000.0,monthly,follow_up
211,79,58,2025-08-15,19100.0,monthly,follow_up
212,79,58,2026-02-11,21100.0,monthly,follow_up
213,80,59,2025-03-04,15900.0,monthly,dashboard
214,80,59,2025-06-02,16000.0,monthly,follow_up
215,80,59,2025-08-31,16800.0,monthly,follow_up
216,80,59,2026-02-27,16700.0,monthly,follow_up
217,81,60,2025-02-19,15700.0,monthly,dashboard
218,81,60,2025-08-18,15900.0,monthly,follow_up
219,81,60,2026-02-14,16700.0,monthly,follow_up
220,83,61,2025-03-13,15100.0,monthly,dashboard
221,83,61,2025-06-11,15000.0,monthly,follow_up
222,84,62,2025-02-17,18600.0,monthly,dashboard
223,84,62,2025-05-18,20200.0,monthly,follow_up
224,84,62,2025-08-16,21500.0,monthly,follow_up
225,85,63,2025-03-05,16100.0,monthly,dashboard
226,85,63,2025-06-03,16400.0,monthly,follow_up
227,85,63,2025-09-01,17400.0,monthly,follow_up
228,86,64,2025-03-25,16300.0,monthly,dashboard
229,86,64,2025-09-21,16600.0,monthly,follow_up
230,88,65,2025-02-17,17200.0,monthly,dashboard
231,88,65,2025-05-18,17900.0,monthly,follow_up
232,88,65,2025-08-16,19100.0,monthly,follow_up
233,88,65,2026-02-12,18800.0,monthly,follow_up
234,89,66,2025-04-04,14400.0,monthly,dashboard
235,89,66,2025-07-03,14200.0,monthly,follow_up
236,89,66,2025-10-01,14600.0,monthly,follow_up
237,89,66,2026-03-30,15300.0,monthly,follow_up
238,90,67,2025-01-30,13100.0,monthly,dashboard
239,90,67,2025-04-30,13300.0,monthly,follow_up
240,90,67,2025-07-29,13500.0,monthly,follow_up
241,91,68,2025-02-06,18800.0,monthly,dashboard
242,91,68,2025-05-07,19500.0,monthly,follow_up
243,91,68,2025-08-05,22200.0,monthly,follow_up
244,93,69,2025-02-28,16500.0,monthly,dashboard
245,93,69,2025-05-29,17300.0,monthly,follow_up
246,93,69,2025-08-27,18400.0,monthly,follow_up
247,93,69,2026-02-23,19500.0,monthly,follow_up
248,94,70,2025-03-22,16500.0,monthly,dashboard
249,94,70,2025-06-20,17200.0,monthly,follow_up
250,94,70,2025-09-18,18400.0,monthly,follow_up
251,94,70,2026-03-17,19100.0,monthly,follow_up
252,95,71,2025-02-06,15500.0,monthly,dashboard
253,95,71,2025-05-07,14900.0,monthly,follow_up
254,95,71,2025-08-05,15200.0,monthly,follow_up
255,95,71,2026-02-01,16200.0,monthly,follow_up
256,96,72,2025-03-23,18200.0,monthly,dashboard
257,96,72,2025-06-21,19500.0,monthly,follow_up
258,96,72,2025-09-19,19800.0,monthly,follow_up
259,96,72,2026-03-18,20400.0,monthly,follow_up
260,97,73,2025-04-03,17800.0,monthly,dashboard
261,97,73,2025-07-02,19300.0,monthly,follow_up
262,97,73,2026-03-29,19500.0,monthly,follow_up
263,98,74,2025-03-18,13500.0,monthly,dashboard
264,98,74,2025-06-16,13800.0,monthly,follow_up
265,99,75,2025-02-12,15700.0,monthly,dashboard
266,99,75,2025-05-13,16600.0,monthly,follow_up
267,99,75,2025-08-11,17200.0,monthly,follow_up
268,100,76,2025-03-19,17400.0,monthly,dashboard
269,100,76,2025-06-17,18300.0,monthly,follow_up
270,100,76,2025-09-15,19300.0,monthly,follow_up
271,100,76,2026-03-14,19800.0,monthly,follow_up
272,101,77,2025-02-07,14800.0,monthly,dashboard
273,101,77,2025-05-08,15700.0,monthly,follow_up
274,101,77,2025-08-06,16600.0,monthly,follow_up
275,101,77,2026-02-02,17200.0,monthly,follow_up
276,103,78,2025-03-17,13200.0,monthly,dashboard
277,103,78,2025-06-15,13800.0,monthly,follow_up
278,103,78,2025-09-13,15000.0,monthly,follow_up
279,103,78,2026-03-12,16400.0,monthly,follow_up
280,104,79,2025-02-24,13700.0,monthly,dashboard
281,104,79,2025-05-25,14400.0,monthly,follow_up
282,104,79,2025-08-23,14600.0,monthly,follow_up
283,104,79,2026-02-19,15600.0,monthly,follow_up
284,105,80,2025-02-05,18200.0,monthly,dashboard
285,105,80,2025-08-04,18700.0,monthly,follow_up
286,105,80,2026-01-31,18500.0,monthly,follow_up
287,106,81,2025-01-24,15600.0,monthly,dashboard
288,106,81,2025-04-24,15800.0,monthly,follow_up
289,106,81,2025-07-23,16200.0,monthly,follow_up
290,106,81,2026-01-19,16900.0,monthly,follow_up
291,108,82,2025-02-14,15900.0,monthly,dashboard
292,108,82,2025-08-13,17000.0,monthly,follow_up
293,108,82,2026-02-09,18500.0,monthly,follow_up
294,109,83,2025-02-10,16700.0,monthly,dashboard
295,109,83,2025-05-11,17700.0,monthly,follow_up
296,109,83,2025-08-09,19400.0,monthly,follow_up
297,109,83,2026-02-05,21000.0,monthly,follow_up
298,110,84,2025-03-01,14800.0,monthly,dashboard
299,110,84,2025-08-28,15400.0,monthly,follow_up
300,110,84,2026-02-24,16300.0,monthly,follow_up
301,111,85,2025-03-25,15400.0,monthly,dashboard
302,111,85,2025-06-23,16100.0,monthly,follow_up
303,111,85,2025-09-21,16700.0,monthly,follow_up
304,112,86,2025-02-01,18500.0,monthly,dashboard
305,114,87,2025-03-07,13300.0,monthly,dashboard
306,114,87,2025-06-05,13700.0,monthly,follow_up
307,114,87,2025-09-03,14300.0,monthly,follow_up
308,115,88,2025-04-04,15500.0,monthly,dashboard
309,115,88,2025-07-03,16600.0,monthly,follow_up
310,115,88,2025-10-01,17600.0,monthly,follow_up
311,115,88,2026-03-30,19000.0,monthly,follow_up
312,116,89,2025-02-18,16200.0,monthly,dashboard
313,116,89,2025-05-19,17500.0,monthly,follow_up
314,116,89,2025-08-17,18500.0,monthly,follow_up
315,116,89,2026-02-13,18200.0,monthly,follow_up
316,117,90,2025-03-12,15400.0,monthly,dashboard
317,117,90,2025-06-10,16200.0,monthly,follow_up
318,117,90,2025-09-08,16900.0,monthly,follow_up
319,117,90,2026-03-07,17500.0,monthly,follow_up
320,118,91,2025-03-22,17200.0,monthly,dashboard
321,118,91,2025-06-20,18300.0,monthly,follow_up
322,118,91,2025-09-18,19000.0,monthly,follow_up
323,118,91,2026-03-17,20600.0,monthly,follow_up
324,119,92,2025-02-09,16900.0,monthly,dashboard
325,119,92,2025-05-10,18400.0,monthly,follow_up
326,119,92,2025-08-08,18700.0,monthly,follow_up
327,119,92,2026-02-04,19300.0,monthly,follow_up
328,120,93,2025-03-02,15500.0,monthly,dashboard
329,120,93,2025-05-31,16300.0,monthly,follow_up
330,120,93,2026-02-25,18700.0,monthly,follow_up
331,121,94,2025-01-31,14600.0,monthly,dashboard
332,121,94,2025-05-01,14900.0,monthly,follow_up
333,121,94,2025-07-30,16100.0,monthly,follow_up
334,121,94,2026-01-26,16200.0,monthly,follow_up
335,122,95,2025-02-11,13500.0,monthly,dashboard
336,122,95,2025-05-12,14000.0,monthly,follow_up
337,122,95,2026-02-06,15100.0,monthly,follow_up
338,123,96,2025-03-11,18900.0,monthly,dashboard
339,123,96,2025-06-09,19600.0,monthly,follow_up
340,123,96,2025-09-07,20200.0,monthly,follow_up
341,123,96,2026-03-06,20800.0,monthly,follow_up
342,124,97,2025-01-28,13600.0,monthly,dashboard
343,124,97,2025-04-28,14500.0,monthly,follow_up
344,124,97,2025-07-27,15300.0,monthly,follow_up
345,124,97,2026-01-23,15900.0,monthly,follow_up
346,125,98,2025-05-26,17700.0,monthly,dashboard
347,125,98,2025-08-24,18700.0,monthly,follow_up
348,126,99,2025-05-17,15600.0,monthly,dashboard
349,126,99,2025-11-13,16000.0,monthly,follow_up
350,126,99,2026-05-12,17200.0,monthly,follow_up
351,127,100,2025-06-04,15800.0,monthly,dashboard
352,127,100,2025-09-02,16700.0,monthly,follow_up
353,127,100,2025-12-01,17300.0,monthly,follow_up
354,127,100,2026-05-30,18400.0,monthly,follow_up
355,128,101,2025-05-03,14400.0,monthly,dashboard
356,128,101,2025-08-01,14700.0,monthly,follow_up
357,128,101,2026-04-28,14100.0,monthly,follow_up
358,129,102,2025-04-29,18500.0,monthly,dashboard
359,130,103,2025-04-23,14600.0,monthly,dashboard
360,130,103,2025-07-22,15900.0,monthly,follow_up
361,130,103,2025-10-20,16200.0,monthly,follow_up
362,130,103,2026-04-18,16600.0,monthly,follow_up
363,132,104,2025-06-05,13800.0,monthly,dashboard
364,132,104,2025-09-03,13700.0,monthly,follow_up
365,132,104,2025-12-02,14600.0,monthly,follow_up
366,132,104,2026-05-31,15100.0,monthly,follow_up
367,133,105,2025-06-13,13300.0,monthly,dashboard
368,133,105,2025-09-11,14100.0,monthly,follow_up
369,133,105,2025-12-10,14900.0,monthly,follow_up
370,133,105,2026-06-08,16200.0,monthly,follow_up
371,134,106,2025-05-13,14800.0,monthly,dashboard
372,134,106,2025-08-11,14800.0,monthly,follow_up
373,134,106,2026-05-08,15800.0,monthly,follow_up
374,135,107,2025-05-07,14400.0,monthly,dashboard
375,135,107,2025-11-03,14700.0,monthly,follow_up
376,136,108,2025-05-17,14800.0,monthly,dashboard
377,136,108,2025-08-15,15200.0,monthly,follow_up
378,136,108,2025-11-13,15900.0,monthly,follow_up
379,136,108,2026-05-12,17300.0,monthly,follow_up
380,137,109,2025-04-13,15500.0,monthly,dashboard
381,137,109,2025-07-12,16600.0,monthly,follow_up
382,137,109,2025-10-10,17300.0,monthly,follow_up
383,137,109,2026-04-08,18500.0,monthly,follow_up
384,138,110,2025-06-05,15600.0,monthly,dashboard
385,139,111,2025-05-18,15700.0,monthly,dashboard
386,139,111,2025-08-16,16700.0,monthly,follow_up
387,139,111,2025-11-14,18100.0,monthly,follow_up
388,139,111,2026-05-13,19000.0,monthly,follow_up
389,140,112,2025-04-08,16900.0,monthly,dashboard
390,140,112,2025-10-05,18200.0,monthly,follow_up
391,140,112,2026-04-03,19500.0,monthly,follow_up
392,141,113,2025-06-08,17700.0,monthly,dashboard
393,141,113,2025-09-06,18400.0,monthly,follow_up
394,141,113,2025-12-05,19900.0,monthly,follow_up
395,141,113,2026-06-03,21300.0,monthly,follow_up
396,142,114,2025-05-03,18200.0,monthly,dashboard
397,142,114,2025-08-01,18900.0,monthly,follow_up
398,142,114,2025-10-30,19300.0,monthly,follow_up
399,143,115,2025-04-27,17200.0,monthly,dashboard
400,143,115,2025-10-24,18500.0,monthly,follow_up
401,143,115,2026-04-22,19400.0,monthly,follow_up
402,145,116,2025-05-05,16400.0,monthly,dashboard
403,146,117,2025-05-22,15700.0,monthly,dashboard
404,146,117,2025-11-18,16600.0,monthly,follow_up
405,146,117,2026-05-17,17600.0,monthly,follow_up
406,147,118,2025-05-02,17300.0,monthly,dashboard
407,147,118,2025-10-29,17600.0,monthly,follow_up
408,147,118,2026-04-27,19300.0,monthly,follow_up
409,148,119,2025-04-28,18000.0,monthly,dashboard
410,148,119,2025-07-27,19800.0,monthly,follow_up
411,148,119,2025-10-25,21400.0,monthly,follow_up
412,150,120,2025-05-17,16300.0,monthly,dashboard
413,150,120,2025-08-15,16900.0,monthly,follow_up
414,150,120,2025-11-13,17700.0,monthly,follow_up
415,151,121,2025-05-27,13900.0,monthly,dashboard
416,151,121,2025-08-25,13700.0,monthly,follow_up
417,151,121,2025-11-23,14300.0,monthly,follow_up
418,151,121,2026-05-22,15800.0,monthly,follow_up
419,152,122,2025-05-10,14200.0,monthly,dashboard
420,152,122,2025-08-08,14800.0,monthly,follow_up
421,152,122,2025-11-06,15400.0,monthly,follow_up
422,152,122,2026-05-05,15700.0,monthly,follow_up
423,154,123,2025-04-04,16800.0,monthly,dashboard
424,154,123,2025-07-03,18300.0,monthly,follow_up
425,155,124,2025-05-16,15100.0,monthly,dashboard
426,155,124,2025-08-14,16100.0,monthly,follow_up
427,156,125,2025-04-16,15500.0,monthly,dashboard
428,156,125,2025-10-13,17400.0,monthly,follow_up
429,156,125,2026-04-11,19200.0,monthly,follow_up
430,157,126,2025-04-06,16500.0,monthly,dashboard
431,158,127,2025-04-21,18800.0,monthly,dashboard
432,158,127,2025-07-20,18700.0,monthly,follow_up
433,158,127,2026-04-16,20300.0,monthly,follow_up
434,159,128,2025-06-08,17000.0,monthly,dashboard
435,160,129,2025-04-20,16700.0,monthly,dashboard
436,160,129,2025-07-19,17200.0,monthly,follow_up
437,160,129,2025-10-17,18000.0,monthly,follow_up
438,160,129,2026-04-15,18900.0,monthly,follow_up
439,161,130,2025-04-17,16800.0,monthly,dashboard
440,161,130,2025-07-16,18300.0,monthly,follow_up
441,161,130,2025-10-14,18500.0,monthly,follow_up
442,162,131,2025-05-11,13100.0,monthly,dashboard
443,162,131,2025-08-09,14300.0,monthly,follow_up
444,162,131,2026-05-06,14900.0,monthly,follow_up
445,163,132,2025-04-30,14900.0,monthly,dashboard
446,163,132,2025-07-29,15400.0,monthly,follow_up
447,163,132,2025-10-27,15700.0,monthly,follow_up
448,163,132,2026-04-25,16200.0,monthly,follow_up
449,165,133,2025-04-27,15900.0,monthly,dashboard
450,165,133,2025-07-26,17300.0,monthly,follow_up
451,166,134,2025-05-25,16600.0,monthly,dashboard
452,166,134,2025-08-23,17000.0,monthly,follow_up
453,166,134,2025-11-21,17000.0,monthly,follow_up
454,166,134,2026-05-20,17300.0,monthly,follow_up
455,167,135,2025-06-07,16200.0,monthly,dashboard
456,167,135,2025-09-05,16100.0,monthly,follow_up
457,167,135,2025-12-04,18000.0,monthly,follow_up
458,167,135,2026-06-02,18800.0,monthly,follow_up
459,168,136,2025-04-16,13000.0,monthly,dashboard
460,169,137,2025-05-28,16300.0,monthly,dashboard
461,169,137,2025-08-26,15700.0,monthly,follow_up
462,169,137,2025-11-24,16700.0,monthly,follow_up
463,169,137,2026-05-23,17700.0,monthly,follow_up
464,170,138,2025-04-10,14300.0,monthly,dashboard
465,170,138,2026-04-05,14800.0,monthly,follow_up
466,171,139,2025-05-10,17000.0,monthly,dashboard
467,171,139,2025-08-08,18000.0,monthly,follow_up
468,171,139,2025-11-06,18800.0,monthly,follow_up
469,172,140,2025-05-25,13700.0,monthly,dashboard
470,172,140,2025-08-23,14200.0,monthly,follow_up
471,172,140,2025-11-21,14500.0,monthly,follow_up
472,172,140,2026-05-20,15300.0,monthly,follow_up
473,176,141,2025-05-19,18100.0,monthly,dashboard
474,176,141,2025-08-17,19200.0,monthly,follow_up
475,176,141,2025-11-15,20100.0,monthly,follow_up
476,176,141,2026-05-14,21500.0,monthly,follow_up
477,177,142,2025-04-26,15300.0,monthly,dashboard
478,177,142,2025-10-23,16100.0,monthly,follow_up
479,177,142,2026-04-21,17300.0,monthly,follow_up
480,178,143,2025-05-03,17800.0,monthly,dashboard
481,178,143,2025-08-01,19200.0,monthly,follow_up
482,178,143,2025-10-30,20200.0,monthly,follow_up
483,178,143,2026-04-28,21200.0,monthly,follow_up
484,179,144,2025-05-07,17100.0,monthly,dashboard
485,179,144,2025-08-05,17800.0,monthly,follow_up
486,179,144,2025-11-03,18300.0,monthly,follow_up
487,179,144,2026-05-02,20100.0,monthly,follow_up
488,180,145,2025-04-24,14600.0,monthly,dashboard
489,180,145,2025-07-23,15000.0,monthly,follow_up
490,180,145,2025-10-21,16300.0,monthly,follow_up
491,180,145,2026-04-19,17900.0,monthly,follow_up
492,181,146,2025-05-23,13800.0,monthly,dashboard
493,183,147,2025-05-03,17500.0,monthly,dashboard
494,183,147,2025-10-30,17900.0,monthly,follow_up
495,183,147,2026-04-28,18600.0,monthly,follow_up
496,184,148,2025-05-23,17800.0,monthly,dashboard
497,184,148,2025-08-21,18800.0,monthly,follow_up
498,184,148,2025-11-19,20700.0,monthly,follow_up
499,185,149,2025-06-11,14300.0,monthly,dashboard
500,185,149,2025-09-09,15300.0,monthly,follow_up
501,185,149,2025-12-08,16400.0,monthly,follow_up
502,186,150,2025-04-19,13200.0,monthly,dashboard
503,186,150,2025-07-18,12800.0,monthly,follow_up
504,186,150,2025-10-16,13300.0,monthly,follow_up
505,188,151,2024-10-13,13500.0,monthly,dashboard
506,188,151,2025-01-11,14200.0,monthly,follow_up
507,188,151,2025-04-11,14600.0,monthly,follow_up
508,189,152,2024-11-26,16400.0,monthly,dashboard
509,189,152,2025-02-24,16500.0,monthly,follow_up
510,189,152,2025-05-25,17000.0,monthly,follow_up
511,189,152,2025-11-21,17200.0,monthly,follow_up
512,190,153,2024-11-27,16000.0,monthly,dashboard
513,190,153,2025-02-25,16500.0,monthly,follow_up
514,190,153,2025-05-26,17900.0,monthly,follow_up
515,191,154,2024-12-18,14300.0,monthly,dashboard
516,191,154,2025-03-18,14500.0,monthly,follow_up
517,192,155,2024-10-21,18700.0,monthly,dashboard
518,192,155,2025-01-19,19300.0,monthly,follow_up
519,192,155,2025-04-19,20000.0,monthly,follow_up
520,193,156,2024-12-21,15600.0,monthly,dashboard
521,193,156,2025-03-21,16000.0,monthly,follow_up
522,193,156,2025-06-19,16500.0,monthly,follow_up
523,193,156,2025-12-16,17000.0,monthly,follow_up
524,195,157,2024-11-12,15400.0,monthly,dashboard
525,195,157,2025-02-10,15800.0,monthly,follow_up
526,195,157,2025-05-11,15500.0,monthly,follow_up
527,195,157,2025-11-07,15800.0,monthly,follow_up
528,197,158,2024-12-01,15400.0,monthly,dashboard
529,197,158,2025-11-26,16200.0,monthly,follow_up
530,198,159,2024-12-18,13500.0,monthly,dashboard
531,198,159,2025-03-18,14000.0,monthly,follow_up
532,198,159,2025-12-13,15000.0,monthly,follow_up
533,199,160,2024-10-22,14800.0,monthly,dashboard
534,199,160,2025-01-20,15700.0,monthly,follow_up
535,199,160,2025-04-20,16500.0,monthly,follow_up
536,199,160,2025-10-17,16700.0,monthly,follow_up
537,201,161,2024-10-24,18500.0,monthly,dashboard
538,201,161,2025-01-22,19200.0,monthly,follow_up
539,201,161,2025-10-19,19700.0,monthly,follow_up
540,203,162,2024-12-17,18500.0,monthly,dashboard
541,203,162,2025-03-17,19700.0,monthly,follow_up
542,203,162,2025-06-15,21200.0,monthly,follow_up
543,203,162,2025-12-12,23900.0,monthly,follow_up
544,204,163,2024-10-15,13600.0,monthly,dashboard
545,204,163,2025-01-13,14200.0,monthly,follow_up
546,204,163,2025-04-13,14800.0,monthly,follow_up
547,204,163,2025-10-10,15200.0,monthly,follow_up
548,205,164,2024-11-15,18700.0,monthly,dashboard
549,205,164,2025-02-13,19200.0,monthly,follow_up
550,205,164,2025-05-14,19100.0,monthly,follow_up
551,205,164,2025-11-10,19000.0,monthly,follow_up
552,207,165,2024-10-18,16700.0,monthly,dashboard
553,207,165,2025-04-16,17900.0,monthly,follow_up
554,208,166,2024-11-06,13700.0,monthly,dashboard
555,208,166,2025-05-05,13900.0,monthly,follow_up
556,208,166,2025-11-01,14500.0,monthly,follow_up
557,209,167,2024-11-03,18800.0,monthly,dashboard
558,210,168,2024-10-12,13900.0,monthly,dashboard
559,211,169,2024-11-03,17600.0,monthly,dashboard
560,211,169,2025-02-01,18500.0,monthly,follow_up
561,211,169,2025-10-29,19300.0,monthly,follow_up
562,213,170,2024-12-14,14700.0,monthly,dashboard
563,213,170,2025-03-14,14700.0,monthly,follow_up
564,213,170,2025-06-12,15600.0,monthly,follow_up
565,214,171,2024-11-24,18500.0,monthly,dashboard
566,214,171,2025-02-22,19700.0,monthly,follow_up
567,214,171,2025-11-19,21400.0,monthly,follow_up
568,215,172,2024-11-23,14700.0,monthly,dashboard
569,215,172,2025-05-22,15600.0,monthly,follow_up
570,215,172,2025-11-18,15700.0,monthly,follow_up
571,216,173,2024-11-19,17800.0,monthly,dashboard
572,216,173,2025-02-17,19200.0,monthly,follow_up
573,216,173,2025-05-18,20000.0,monthly,follow_up
574,217,174,2024-10-23,14300.0,monthly,dashboard
575,217,174,2025-01-21,14400.0,monthly,follow_up
576,217,174,2025-04-21,15000.0,monthly,follow_up
577,217,174,2025-10-18,16300.0,monthly,follow_up
578,218,175,2024-12-20,15600.0,monthly,dashboard
579,218,175,2025-03-20,15700.0,monthly,follow_up
580,218,175,2025-06-18,16100.0,monthly,follow_up
581,218,175,2025-12-15,15700.0,monthly,follow_up
582,219,176,2024-12-11,15400.0,monthly,dashboard
583,219,176,2025-03-11,16300.0,monthly,follow_up
584,219,176,2025-12-06,16100.0,monthly,follow_up
585,220,177,2024-10-21,15900.0,monthly,dashboard
586,220,177,2025-04-19,16200.0,monthly,follow_up
587,220,177,2025-10-16,16600.0,monthly,follow_up
588,221,178,2024-10-20,17900.0,monthly,dashboard
589,221,178,2025-01-18,18900.0,monthly,follow_up
590,221,178,2025-10-15,20000.0,monthly,follow_up
591,222,179,2024-11-25,18800.0,monthly,dashboard
592,222,179,2025-05-24,19800.0,monthly,follow_up
593,223,180,2024-12-11,13400.0,monthly,dashboard
594,223,180,2025-06-09,14500.0,monthly,follow_up
595,223,180,2025-12-06,15000.0,monthly,follow_up
596,225,181,2024-12-20,13700.0,monthly,dashboard
597,225,181,2025-03-20,14700.0,monthly,follow_up
598,225,181,2025-06-18,15900.0,monthly,follow_up
599,226,182,2024-12-20,15800.0,monthly,dashboard
600,226,182,2025-03-20,16200.0,monthly,follow_up
601,226,182,2025-06-18,18100.0,monthly,follow_up
602,226,182,2025-12-15,19300.0,monthly,follow_up
603,227,183,2024-10-22,13100.0,monthly,dashboard
604,227,183,2025-04-20,13900.0,monthly,follow_up
605,227,183,2025-10-17,14600.0,monthly,follow_up
606,229,184,2024-10-18,15900.0,monthly,dashboard
607,229,184,2025-01-16,16900.0,monthly,follow_up
608,229,184,2025-04-16,18700.0,monthly,follow_up
609,229,184,2025-10-13,19400.0,monthly,follow_up
610,231,185,2024-11-11,14100.0,monthly,dashboard
611,231,185,2025-02-09,14900.0,monthly,follow_up
612,231,185,2025-11-06,15600.0,monthly,follow_up
613,232,186,2024-11-04,17000.0,monthly,dashboard
614,232,186,2025-02-02,17500.0,monthly,follow_up
615,232,186,2025-05-03,17200.0,monthly,follow_up
616,232,186,2025-10-30,19300.0,monthly,follow_up
617,233,187,2024-12-07,13900.0,monthly,dashboard
618,233,187,2025-03-07,14400.0,monthly,follow_up
619,233,187,2025-06-05,15600.0,monthly,follow_up
620,233,187,2025-12-02,16000.0,monthly,follow_up
621,234,188,2024-11-26,15800.0,monthly,dashboard
622,234,188,2025-02-24,16900.0,monthly,follow_up
623,234,188,2025-11-21,17300.0,monthly,follow_up
624,235,189,2024-11-11,18800.0,monthly,dashboard
625,235,189,2025-02-09,20000.0,monthly,follow_up
626,235,189,2025-05-10,20800.0,monthly,follow_up
627,235,189,2025-11-06,22800.0,monthly,follow_up
628,236,190,2024-10-17,18400.0,monthly,dashboard
629,236,190,2025-01-15,18400.0,monthly,follow_up
630,236,190,2025-04-15,18600.0,monthly,follow_up
631,237,191,2024-11-08,16300.0,monthly,dashboard
632,237,191,2025-02-06,16500.0,monthly,follow_up
633,237,191,2025-11-03,17400.0,monthly,follow_up
634,238,192,2024-12-11,14000.0,monthly,dashboard
635,238,192,2025-03-11,14600.0,monthly,follow_up
636,238,192,2025-06-09,14700.0,monthly,follow_up
637,238,192,2025-12-06,16600.0,monthly,follow_up
638,239,193,2024-12-11,14300.0,monthly,dashboard
639,239,193,2025-03-11,15400.0,monthly,follow_up
640,239,193,2025-12-06,15800.0,monthly,follow_up
641,240,194,2024-11-22,13400.0,monthly,dashboard
642,241,195,2024-10-28,15800.0,monthly,dashboard
643,241,195,2025-01-26,17100.0,monthly,follow_up
644,241,195,2025-04-26,17500.0,monthly,follow_up
645,241,195,2025-10-23,19300.0,monthly,follow_up
646,242,196,2024-10-12,17800.0,monthly,dashboard
647,242,196,2025-01-10,18800.0,monthly,follow_up
648,242,196,2025-04-10,20600.0,monthly,follow_up
649,242,196,2025-10-07,22400.0,monthly,follow_up
650,243,197,2024-11-28,15000.0,monthly,dashboard
651,243,197,2025-05-27,16300.0,monthly,follow_up
652,243,197,2025-11-23,17000.0,monthly,follow_up
653,244,198,2024-11-27,16900.0,monthly,dashboard
654,244,198,2025-02-25,18400.0,monthly,follow_up
655,244,198,2025-05-26,19400.0,monthly,follow_up
656,244,198,2025-11-22,19900.0,monthly,follow_up
657,245,199,2024-11-18,15300.0,monthly,dashboard
658,245,199,2025-02-16,16100.0,monthly,follow_up
659,245,199,2025-05-17,17000.0,monthly,follow_up
660,246,200,2024-11-10,16900.0,monthly,dashboard
661,246,200,2025-02-08,17500.0,monthly,follow_up
662,246,200,2025-05-09,17500.0,monthly,follow_up
663,246,200,2025-11-05,17000.0,monthly,follow_up
664,249,201,2024-11-28,16000.0,monthly,dashboard
665,249,201,2025-05-27,17600.0,monthly,follow_up
666,249,201,2025-11-23,18500.0,monthly,follow_up
667,250,202,2024-07-24,16800.0,monthly,dashboard
668,250,202,2024-10-22,17700.0,monthly,follow_up
669,251,203,2024-06-30,15100.0,monthly,dashboard
670,251,203,2024-09-28,16200.0,monthly,follow_up
671,251,203,2024-12-27,17800.0,monthly,follow_up
672,251,203,2025-06-25,18500.0,monthly,follow_up
673,254,204,2024-06-22,18700.0,monthly,dashboard
674,254,204,2024-09-20,19500.0,monthly,follow_up
675,254,204,2024-12-19,19400.0,monthly,follow_up
676,256,205,2024-06-01,15100.0,monthly,dashboard
677,256,205,2024-08-30,16400.0,monthly,follow_up
678,256,205,2024-11-28,17000.0,monthly,follow_up
679,256,205,2025-05-27,18200.0,monthly,follow_up
680,257,206,2024-07-06,14300.0,monthly,dashboard
681,257,206,2024-10-04,14300.0,monthly,follow_up
682,257,206,2025-01-02,14400.0,monthly,follow_up
683,258,207,2024-07-20,13900.0,monthly,dashboard
684,258,207,2024-10-18,14200.0,monthly,follow_up
685,258,207,2025-07-15,15600.0,monthly,follow_up
686,259,208,2024-05-20,14200.0,monthly,dashboard
687,260,209,2024-05-27,13600.0,monthly,dashboard
688,260,209,2024-08-25,13700.0,monthly,follow_up
689,260,209,2024-11-23,13500.0,monthly,follow_up
690,260,209,2025-05-22,14600.0,monthly,follow_up
691,261,210,2024-06-20,14900.0,monthly,dashboard
692,261,210,2024-09-18,15600.0,monthly,follow_up
693,261,210,2024-12-17,16400.0,monthly,follow_up
694,261,210,2025-06-15,17400.0,monthly,follow_up
695,262,211,2024-05-28,15400.0,monthly,dashboard
696,262,211,2024-08-26,15200.0,monthly,follow_up
697,262,211,2024-11-24,15300.0,monthly,follow_up
698,262,211,2025-05-23,15600.0,monthly,follow_up
699,263,212,2024-06-01,16700.0,monthly,dashboard
700,263,212,2025-05-27,17800.0,monthly,follow_up
701,264,213,2024-07-23,14100.0,monthly,dashboard
702,264,213,2024-10-21,15000.0,monthly,follow_up
703,264,213,2025-01-19,15700.0,monthly,follow_up
704,264,213,2025-07-18,17100.0,monthly,follow_up
705,265,214,2024-06-29,16500.0,monthly,dashboard
706,265,214,2024-09-27,16900.0,monthly,follow_up
707,265,214,2024-12-26,17600.0,monthly,follow_up
708,265,214,2025-06-24,18600.0,monthly,follow_up
709,266,215,2024-07-08,14900.0,monthly,dashboard
710,266,215,2024-10-06,15100.0,monthly,follow_up
711,266,215,2025-01-04,15800.0,monthly,follow_up
712,266,215,2025-07-03,16900.0,monthly,follow_up
713,267,216,2024-07-05,17800.0,monthly,dashboard
714,267,216,2024-10-03,18000.0,monthly,follow_up
715,267,216,2025-01-01,19100.0,monthly,follow_up
716,267,216,2025-06-30,19500.0,monthly,follow_up
717,268,217,2024-07-13,15800.0,monthly,dashboard
718,268,217,2024-10-11,17200.0,monthly,follow_up
719,268,217,2025-01-09,18800.0,monthly,follow_up
720,268,217,2025-07-08,18800.0,monthly,follow_up
721,269,218,2024-07-13,13800.0,monthly,dashboard
722,269,218,2024-10-11,14400.0,monthly,follow_up
723,269,218,2025-01-09,15300.0,monthly,follow_up
724,271,219,2024-06-24,14300.0,monthly,dashboard
725,271,219,2024-12-21,14300.0,monthly,follow_up
726,271,219,2025-06-19,15500.0,monthly,follow_up
727,274,220,2024-05-30,17900.0,monthly,dashboard
728,274,220,2024-08-28,18600.0,monthly,follow_up
729,274,220,2024-11-26,20100.0,monthly,follow_up
730,275,221,2024-06-04,17900.0,monthly,dashboard
731,275,221,2024-09-02,18800.0,monthly,follow_up
732,275,221,2024-12-01,19600.0,monthly,follow_up
733,275,221,2025-05-30,20300.0,monthly,follow_up
734,276,222,2024-06-17,14100.0,monthly,dashboard
735,276,222,2024-09-15,15100.0,monthly,follow_up
736,276,222,2024-12-14,15700.0,monthly,follow_up
737,276,222,2025-06-12,16800.0,monthly,follow_up
738,277,223,2024-07-21,18200.0,monthly,dashboard
739,277,223,2024-10-19,19000.0,monthly,follow_up
740,277,223,2025-01-17,20100.0,monthly,follow_up
741,277,223,2025-07-16,21000.0,monthly,follow_up
742,278,224,2024-07-14,15500.0,monthly,dashboard
743,278,224,2024-10-12,16200.0,monthly,follow_up
744,278,224,2025-01-10,17000.0,monthly,follow_up
745,278,224,2025-07-09,17600.0,monthly,follow_up
746,280,225,2024-07-09,16000.0,monthly,dashboard
747,280,225,2024-10-07,16300.0,monthly,follow_up
748,280,225,2025-01-05,17300.0,monthly,follow_up
749,280,225,2025-07-04,18400.0,monthly,follow_up
750,281,226,2024-05-20,18200.0,monthly,dashboard
751,281,226,2025-05-15,19600.0,monthly,follow_up
752,282,227,2024-05-27,13900.0,monthly,dashboard
753,282,227,2024-11-23,13700.0,monthly,follow_up
754,283,228,2024-05-24,18800.0,monthly,dashboard
755,283,228,2024-08-22,20000.0,monthly,follow_up
756,283,228,2024-11-20,20800.0,monthly,follow_up
757,284,229,2024-07-19,17900.0,monthly,dashboard
758,284,229,2024-10-17,19400.0,monthly,follow_up
759,284,229,2025-07-14,20600.0,monthly,follow_up
760,286,230,2024-05-20,16500.0,monthly,dashboard
761,287,231,2024-07-11,18900.0,monthly,dashboard
762,287,231,2024-10-09,19500.0,monthly,follow_up
763,288,232,2024-07-04,16900.0,monthly,dashboard
764,288,232,2024-10-02,17600.0,monthly,follow_up
765,288,232,2024-12-31,18300.0,monthly,follow_up
766,290,233,2024-07-07,14700.0,monthly,dashboard
767,290,233,2024-10-05,15600.0,monthly,follow_up
768,290,233,2025-01-03,16800.0,monthly,follow_up
769,290,233,2025-07-02,17500.0,monthly,follow_up
770,291,234,2024-06-04,19000.0,monthly,dashboard
771,291,234,2024-09-02,20000.0,monthly,follow_up
772,291,234,2024-12-01,20800.0,monthly,follow_up
773,293,235,2024-05-28,18200.0,monthly,dashboard
774,293,235,2024-08-26,18400.0,monthly,follow_up
775,293,235,2024-11-24,19300.0,monthly,follow_up
776,293,235,2025-05-23,20000.0,monthly,follow_up
777,294,236,2024-07-01,15600.0,monthly,dashboard
778,294,236,2024-09-29,15900.0,monthly,follow_up
779,294,236,2024-12-28,17200.0,monthly,follow_up
780,294,236,2025-06-26,17800.0,monthly,follow_up
781,295,237,2024-05-22,13000.0,monthly,dashboard
782,295,237,2024-08-20,13600.0,monthly,follow_up
783,295,237,2024-11-18,14600.0,monthly,follow_up
784,295,237,2025-05-17,16000.0,monthly,follow_up
785,296,238,2024-06-04,14600.0,monthly,dashboard
786,296,238,2024-09-02,15600.0,monthly,follow_up
787,296,238,2024-12-01,16500.0,monthly,follow_up
788,296,238,2025-05-30,17500.0,monthly,follow_up
789,297,239,2024-07-02,17300.0,monthly,dashboard
790,297,239,2024-09-30,18000.0,monthly,follow_up
791,297,239,2024-12-29,18300.0,monthly,follow_up
792,297,239,2025-06-27,19300.0,monthly,follow_up
793,300,240,2024-07-06,15900.0,monthly,dashboard
794,300,240,2024-10-04,17100.0,monthly,follow_up
795,300,240,2025-07-01,18200.0,monthly,follow_up
796,301,241,2024-07-02,13900.0,monthly,dashboard
797,301,241,2024-09-30,14300.0,monthly,follow_up
798,301,241,2024-12-29,14700.0,monthly,follow_up
799,301,241,2025-06-27,15500.0,monthly,follow_up
800,303,242,2024-06-19,16600.0,monthly,dashboard
801,306,243,2024-06-17,16000.0,monthly,dashboard
802,306,243,2024-09-15,17300.0,monthly,follow_up
803,306,243,2025-06-12,17500.0,monthly,follow_up
804,308,244,2024-07-22,16700.0,monthly,dashboard
805,308,244,2024-10-20,18600.0,monthly,follow_up
806,308,244,2025-01-18,20000.0,monthly,follow_up
807,308,244,2025-07-17,21300.0,monthly,follow_up
808,309,245,2024-07-09,17200.0,monthly,dashboard
809,309,245,2024-10-07,17800.0,monthly,follow_up
810,309,245,2025-01-05,18900.0,monthly,follow_up
811,309,245,2025-07-04,19800.0,monthly,follow_up
812,310,246,2024-07-10,17600.0,monthly,dashboard
813,311,247,2024-06-12,17900.0,monthly,dashboard
814,311,247,2024-09-10,19400.0,monthly,follow_up
815,311,247,2024-12-09,20000.0,monthly,follow_up
816,311,247,2025-06-07,20400.0,monthly,follow_up
817,312,248,2024-05-17,18700.0,monthly,dashboard
818,312,248,2024-11-13,19800.0,monthly,follow_up
819,312,248,2025-05-12,20400.0,monthly,follow_up
820,313,249,2024-05-18,15000.0,monthly,dashboard
821,315,250,2025-01-24,15700.0,monthly,dashboard
822,315,250,2025-04-24,17000.0,monthly,follow_up
823,315,250,2025-07-23,17600.0,monthly,follow_up
824,315,250,2026-01-19,18800.0,monthly,follow_up
825,316,251,2025-01-23,18000.0,monthly,dashboard
826,316,251,2025-04-23,18900.0,monthly,follow_up
827,316,251,2025-07-22,19500.0,monthly,follow_up
828,317,252,2025-02-07,13000.0,monthly,dashboard
829,317,252,2025-05-08,14000.0,monthly,follow_up
830,317,252,2025-08-06,14800.0,monthly,follow_up
831,317,252,2026-02-02,15600.0,monthly,follow_up
832,318,253,2025-03-24,14300.0,monthly,dashboard
833,318,253,2025-06-22,15200.0,monthly,follow_up
834,318,253,2025-09-20,15100.0,monthly,follow_up
835,319,254,2025-01-25,14200.0,monthly,dashboard
836,319,254,2025-04-25,14900.0,monthly,follow_up
837,319,254,2025-07-24,15200.0,monthly,follow_up
838,319,254,2026-01-20,15200.0,monthly,follow_up
839,320,255,2025-02-13,17600.0,monthly,dashboard
840,320,255,2025-05-14,18200.0,monthly,follow_up
841,320,255,2026-02-08,18900.0,monthly,follow_up
842,321,256,2025-03-26,17200.0,monthly,dashboard
843,321,256,2025-06-24,18100.0,monthly,follow_up
844,322,257,2025-02-21,13200.0,monthly,dashboard
845,322,257,2025-05-22,13500.0,monthly,follow_up
846,322,257,2025-08-20,14400.0,monthly,follow_up
847,322,257,2026-02-16,16000.0,monthly,follow_up
848,323,258,2025-03-30,16600.0,monthly,dashboard
849,323,258,2025-09-26,17200.0,monthly,follow_up
850,323,258,2026-03-25,18100.0,monthly,follow_up
851,324,259,2025-03-27,14100.0,monthly,dashboard
852,324,259,2025-06-25,14400.0,monthly,follow_up
853,324,259,2025-09-23,14600.0,monthly,follow_up
854,325,260,2025-02-27,17800.0,monthly,dashboard
855,325,260,2025-05-28,18400.0,monthly,follow_up
856,325,260,2026-02-22,19800.0,monthly,follow_up
857,326,261,2025-03-23,13400.0,monthly,dashboard
858,326,261,2025-09-19,14200.0,monthly,follow_up
859,326,261,2026-03-18,15400.0,monthly,follow_up
860,328,262,2025-03-18,16500.0,monthly,dashboard
861,328,262,2025-06-16,17800.0,monthly,follow_up
862,328,262,2025-09-14,18400.0,monthly,follow_up
863,328,262,2026-03-13,19400.0,monthly,follow_up
864,329,263,2025-02-24,13500.0,monthly,dashboard
865,329,263,2025-08-23,14000.0,monthly,follow_up
866,329,263,2026-02-19,14900.0,monthly,follow_up
867,330,264,2025-03-02,17900.0,monthly,dashboard
868,330,264,2025-05-31,18200.0,monthly,follow_up
869,330,264,2026-02-25,18900.0,monthly,follow_up
870,332,265,2025-02-14,18900.0,monthly,dashboard
871,332,265,2025-05-15,19700.0,monthly,follow_up
872,332,265,2025-08-13,20400.0,monthly,follow_up
873,332,265,2026-02-09,21900.0,monthly,follow_up
874,333,266,2025-01-21,16900.0,monthly,dashboard
875,333,266,2025-04-21,18800.0,monthly,follow_up
876,333,266,2025-07-20,20100.0,monthly,follow_up
877,333,266,2026-01-16,21900.0,monthly,follow_up
878,334,267,2025-03-01,18500.0,monthly,dashboard
879,334,267,2025-05-30,19300.0,monthly,follow_up
880,335,268,2025-02-14,16600.0,monthly,dashboard
881,335,268,2025-05-15,17100.0,monthly,follow_up
882,335,268,2025-08-13,18200.0,monthly,follow_up
883,335,268,2026-02-09,20000.0,monthly,follow_up
884,336,269,2025-02-17,13400.0,monthly,dashboard
885,336,269,2025-05-18,15300.0,monthly,follow_up
886,336,269,2026-02-12,16600.0,monthly,follow_up
887,337,270,2025-02-11,18800.0,monthly,dashboard
888,337,270,2025-05-12,19400.0,monthly,follow_up
889,337,270,2025-08-10,20400.0,monthly,follow_up
890,338,271,2025-02-28,15000.0,monthly,dashboard
891,338,271,2025-05-29,15600.0,monthly,follow_up
892,338,271,2025-08-27,16200.0,monthly,follow_up
893,338,271,2026-02-23,16800.0,monthly,follow_up
894,340,272,2025-03-10,17900.0,monthly,dashboard
895,340,272,2025-06-08,18400.0,monthly,follow_up
896,340,272,2025-09-06,18500.0,monthly,follow_up
897,340,272,2026-03-05,19400.0,monthly,follow_up
898,341,273,2025-02-21,18300.0,monthly,dashboard
899,341,273,2025-05-22,18600.0,monthly,follow_up
900,341,273,2026-02-16,18800.0,monthly,follow_up
901,342,274,2025-02-14,14100.0,monthly,dashboard
902,342,274,2025-05-15,14700.0,monthly,follow_up
903,342,274,2025-08-13,14700.0,monthly,follow_up
904,342,274,2026-02-09,14700.0,monthly,follow_up
905,343,275,2025-01-25,15000.0,monthly,dashboard
906,343,275,2025-04-25,16200.0,monthly,follow_up
907,343,275,2025-07-24,16600.0,monthly,follow_up
908,343,275,2026-01-20,17900.0,monthly,follow_up
909,344,276,2025-03-08,16800.0,monthly,dashboard
910,344,276,2025-06-06,17700.0,monthly,follow_up
911,344,276,2025-09-04,18400.0,monthly,follow_up
912,344,276,2026-03-03,18300.0,monthly,follow_up
913,345,277,2025-03-25,15900.0,monthly,dashboard
914,345,277,2025-06-23,16900.0,monthly,follow_up
915,345,277,2025-09-21,19100.0,monthly,follow_up
916,345,277,2026-03-20,21300.0,monthly,follow_up
917,346,278,2025-03-29,15300.0,monthly,dashboard
918,346,278,2025-06-27,15600.0,monthly,follow_up
919,346,278,2025-09-25,16800.0,monthly,follow_up
920,347,279,2025-02-05,16500.0,monthly,dashboard
921,347,279,2025-05-06,16400.0,monthly,follow_up
922,347,279,2025-08-04,17500.0,monthly,follow_up
923,347,279,2026-01-31,19300.0,monthly,follow_up
924,348,280,2025-01-24,16800.0,monthly,dashboard
925,348,280,2025-04-24,17800.0,monthly,follow_up
926,348,280,2025-07-23,18700.0,monthly,follow_up
927,348,280,2026-01-19,19500.0,monthly,follow_up
928,349,281,2025-03-05,14700.0,monthly,dashboard
929,349,281,2025-06-03,15500.0,monthly,follow_up
930,349,281,2025-09-01,15700.0,monthly,follow_up
931,349,281,2026-02-28,16000.0,monthly,follow_up
932,350,282,2025-02-02,18600.0,monthly,dashboard
933,350,282,2025-08-01,21000.0,monthly,follow_up
934,350,282,2026-01-28,22600.0,monthly,follow_up
935,351,283,2025-03-09,15200.0,monthly,dashboard
936,351,283,2026-03-04,14600.0,monthly,follow_up
937,352,284,2025-02-27,13100.0,monthly,dashboard
938,352,284,2025-05-28,13600.0,monthly,follow_up
939,352,284,2025-08-26,13700.0,monthly,follow_up
940,353,285,2025-01-30,18700.0,monthly,dashboard
941,353,285,2025-07-29,18600.0,monthly,follow_up
942,353,285,2026-01-25,19300.0,monthly,follow_up
943,354,286,2025-02-27,16700.0,monthly,dashboard
944,354,286,2025-08-26,17300.0,monthly,follow_up
945,354,286,2026-02-22,18200.0,monthly,follow_up
946,355,287,2025-03-26,14500.0,monthly,dashboard
947,355,287,2025-06-24,15100.0,monthly,follow_up
948,355,287,2026-03-21,15500.0,monthly,follow_up
949,356,288,2025-02-11,17200.0,monthly,dashboard
950,356,288,2025-05-12,17700.0,monthly,follow_up
951,356,288,2025-08-10,18900.0,monthly,follow_up
952,356,288,2026-02-06,19400.0,monthly,follow_up
953,357,289,2025-02-07,15500.0,monthly,dashboard
954,357,289,2025-05-08,16700.0,monthly,follow_up
955,357,289,2025-08-06,18000.0,monthly,follow_up
956,357,289,2026-02-02,18600.0,monthly,follow_up
957,358,290,2025-02-10,16100.0,monthly,dashboard
958,358,290,2025-05-11,16800.0,monthly,follow_up
959,358,290,2025-08-09,18300.0,monthly,follow_up
960,358,290,2026-02-05,18700.0,monthly,follow_up
961,362,291,2025-02-28,15000.0,monthly,dashboard
962,363,292,2025-01-20,14800.0,monthly,dashboard
963,363,292,2025-04-20,15500.0,monthly,follow_up
964,363,292,2025-07-19,16000.0,monthly,follow_up
965,363,292,2026-01-15,16900.0,monthly,follow_up
966,364,293,2025-02-23,17600.0,monthly,dashboard
967,364,293,2025-05-24,19300.0,monthly,follow_up
968,365,294,2025-03-04,14700.0,monthly,dashboard
969,365,294,2025-08-31,15300.0,monthly,follow_up
970,367,295,2025-03-15,14800.0,monthly,dashboard
971,367,295,2025-06-13,15200.0,monthly,follow_up
972,367,295,2025-09-11,16300.0,monthly,follow_up
973,367,295,2026-03-10,16700.0,monthly,follow_up
974,369,296,2025-02-05,14300.0,monthly,dashboard
975,369,296,2025-05-06,15500.0,monthly,follow_up
976,369,296,2025-08-04,16900.0,monthly,follow_up
977,369,296,2026-01-31,18000.0,monthly,follow_up
978,370,297,2025-03-14,13700.0,monthly,dashboard
979,370,297,2025-06-12,13400.0,monthly,follow_up
980,370,297,2025-09-10,13900.0,monthly,follow_up
981,370,297,2026-03-09,15600.0,monthly,follow_up
982,371,298,2025-03-12,13100.0,monthly,dashboard
983,371,298,2025-06-10,13200.0,monthly,follow_up
984,371,298,2025-09-08,13900.0,monthly,follow_up
985,373,299,2025-03-08,14800.0,monthly,dashboard
986,373,299,2025-06-06,16400.0,monthly,follow_up
987,373,299,2025-09-04,17000.0,monthly,follow_up
988,373,299,2026-03-03,18100.0,monthly,follow_up
989,374,300,2025-03-17,15600.0,monthly,dashboard
990,374,300,2025-09-13,16800.0,monthly,follow_up
991,374,300,2026-03-12,16600.0,monthly,follow_up
992,375,301,2025-01-29,13800.0,monthly,dashboard
993,377,302,2025-03-17,13100.0,monthly,dashboard
994,377,302,2025-09-13,13500.0,monthly,follow_up
995,379,303,2025-02-04,16200.0,monthly,dashboard
996,379,303,2025-05-05,17700.0,monthly,follow_up
997,379,303,2025-08-03,18600.0,monthly,follow_up
998,379,303,2026-01-30,18900.0,monthly,follow_up
999,381,304,2025-01-11,15700.0,monthly,dashboard
1000,381,304,2025-04-11,16800.0,monthly,follow_up
1001,381,304,2025-07-10,17100.0,monthly,follow_up
1002,381,304,2026-01-06,17700.0,monthly,follow_up
1003,382,305,2024-12-30,15100.0,monthly,dashboard
1004,382,305,2025-12-25,15800.0,monthly,follow_up
1005,383,306,2024-12-13,13100.0,monthly,dashboard
1006,383,306,2025-03-13,13800.0,monthly,follow_up
1007,383,306,2025-06-11,13900.0,monthly,follow_up
1008,386,307,2025-01-12,12600.0,monthly,dashboard
1009,386,307,2025-04-12,13500.0,monthly,follow_up
1010,386,307,2025-07-11,14800.0,monthly,follow_up
1011,386,307,2026-01-07,15900.0,monthly,follow_up
1012,387,308,2024-12-23,13400.0,monthly,dashboard
1013,387,308,2025-12-18,14000.0,monthly,follow_up
1014,388,309,2025-01-26,15000.0,monthly,dashboard
1015,388,309,2025-04-26,15700.0,monthly,follow_up
1016,388,309,2026-01-21,16200.0,monthly,follow_up
1017,392,310,2024-12-28,15900.0,monthly,dashboard
1018,392,310,2025-03-28,16300.0,monthly,follow_up
1019,392,310,2025-06-26,16500.0,monthly,follow_up
1020,392,310,2025-12-23,17200.0,monthly,follow_up
1021,393,311,2024-11-28,11500.0,monthly,dashboard
1022,393,311,2025-02-26,11600.0,monthly,follow_up
1023,393,311,2025-05-27,11900.0,monthly,follow_up
1024,393,311,2025-11-23,12100.0,monthly,follow_up
1025,394,312,2024-12-20,11700.0,monthly,dashboard
1026,394,312,2025-03-20,11800.0,monthly,follow_up
1027,398,313,2025-01-17,14300.0,monthly,dashboard
1028,398,313,2025-04-17,15400.0,monthly,follow_up
1029,398,313,2025-07-16,16000.0,monthly,follow_up
1030,398,313,2026-01-12,16200.0,monthly,follow_up
1031,403,314,2024-12-07,12400.0,monthly,dashboard
1032,403,314,2025-03-07,12900.0,monthly,follow_up
1033,403,314,2025-06-05,13700.0,monthly,follow_up
1034,403,314,2025-12-02,14300.0,monthly,follow_up
1035,408,315,2025-01-11,14600.0,monthly,dashboard
1036,408,315,2026-01-06,15300.0,monthly,follow_up
1037,409,316,2024-12-12,14200.0,monthly,dashboard
1038,409,316,2025-03-12,15100.0,monthly,follow_up
1039,409,316,2025-06-10,16300.0,monthly,follow_up
1040,409,316,2025-12-07,16500.0,monthly,follow_up
1041,410,317,2024-12-08,15600.0,monthly,dashboard
1042,410,317,2025-03-08,16600.0,monthly,follow_up
1043,410,317,2025-06-06,17200.0,monthly,follow_up
1044,410,317,2025-12-03,17800.0,monthly,follow_up
1045,411,318,2024-12-08,11100.0,monthly,dashboard
1046,411,318,2025-06-06,11600.0,monthly,follow_up
1047,413,319,2025-01-17,15400.0,monthly,dashboard
1048,413,319,2025-04-17,16000.0,monthly,follow_up
1049,413,319,2025-07-16,17000.0,monthly,follow_up
1050,413,319,2026-01-12,16500.0,monthly,follow_up
1051,414,320,2025-01-19,15400.0,monthly,dashboard
1052,414,320,2025-04-19,16200.0,monthly,follow_up
1053,414,320,2026-01-14,17100.0,monthly,follow_up
1054,415,321,2025-01-03,12100.0,monthly,dashboard
1055,415,321,2025-04-03,12500.0,monthly,follow_up
1056,415,321,2025-07-02,12200.0,monthly,follow_up
1057,415,321,2025-12-29,12900.0,monthly,follow_up
1058,416,322,2024-12-23,15300.0,monthly,dashboard
1059,416,322,2025-03-23,15800.0,monthly,follow_up
1060,416,322,2025-06-21,17400.0,monthly,follow_up
1061,417,323,2024-11-29,11500.0,monthly,dashboard
1062,417,323,2025-02-27,12300.0,monthly,follow_up
1063,417,323,2025-05-28,12700.0,monthly,follow_up
1064,417,323,2025-11-24,12900.0,monthly,follow_up
1065,418,324,2024-12-26,13900.0,monthly,dashboard
1066,418,324,2025-06-24,15000.0,monthly,follow_up
1067,418,324,2025-12-21,15200.0,monthly,follow_up
1068,420,325,2024-12-02,14400.0,monthly,dashboard
1069,420,325,2025-03-02,14600.0,monthly,follow_up
1070,420,325,2025-05-31,15200.0,monthly,follow_up
1071,420,325,2025-11-27,15300.0,monthly,follow_up
1072,421,326,2024-12-17,15800.0,monthly,dashboard
1073,422,327,2025-01-17,15600.0,monthly,dashboard
1074,422,327,2025-04-17,16300.0,monthly,follow_up
1075,422,327,2025-07-16,16800.0,monthly,follow_up
1076,422,327,2026-01-12,17500.0,monthly,follow_up
1077,425,328,2025-01-23,11900.0,monthly,dashboard
1078,425,328,2025-04-23,11700.0,monthly,follow_up
1079,425,328,2025-07-22,12300.0,monthly,follow_up
1080,425,328,2026-01-18,13100.0,monthly,follow_up
1081,426,329,2024-12-30,14700.0,monthly,dashboard
1082,426,329,2025-03-30,15000.0,monthly,follow_up
1083,426,329,2025-06-28,15700.0,monthly,follow_up
1084,426,329,2025-12-25,16500.0,monthly,follow_up
1085,427,330,2024-12-11,12000.0,monthly,dashboard
1086,427,330,2025-03-11,12600.0,monthly,follow_up
1087,427,330,2025-06-09,13500.0,monthly,follow_up
1088,427,330,2025-12-06,13800.0,monthly,follow_up
1089,428,331,2025-01-05,11000.0,monthly,dashboard
1090,428,331,2025-04-05,11400.0,monthly,follow_up
1091,428,331,2025-07-04,11800.0,monthly,follow_up
1092,429,332,2025-01-17,15400.0,monthly,dashboard
1093,429,332,2025-04-17,16700.0,monthly,follow_up
1094,429,332,2025-07-16,17300.0,monthly,follow_up
1095,429,332,2026-01-12,18000.0,monthly,follow_up
1096,430,333,2024-12-15,12300.0,monthly,dashboard
1097,430,333,2025-03-15,12800.0,monthly,follow_up
1098,430,333,2025-06-13,13700.0,monthly,follow_up
1099,430,333,2025-12-10,13700.0,monthly,follow_up
1100,431,334,2025-01-15,12900.0,monthly,dashboard
1101,431,334,2025-04-15,13600.0,monthly,follow_up
1102,431,334,2026-01-10,14100.0,monthly,follow_up
1103,433,335,2024-12-21,11000.0,monthly,dashboard
1104,433,335,2025-03-21,11300.0,monthly,follow_up
1105,433,335,2025-06-19,12100.0,monthly,follow_up
1106,437,336,2024-12-11,11100.0,monthly,dashboard
1107,437,336,2025-03-11,11900.0,monthly,follow_up
1108,437,336,2025-06-09,12100.0,monthly,follow_up
1109,437,336,2025-12-06,12900.0,monthly,follow_up
1110,438,337,2025-01-05,13000.0,monthly,dashboard
1111,438,337,2025-04-05,13300.0,monthly,follow_up
1112,438,337,2025-07-04,14200.0,monthly,follow_up
1113,438,337,2025-12-31,14400.0,monthly,follow_up
1114,439,338,2024-12-23,12300.0,monthly,dashboard
1115,439,338,2025-06-21,12700.0,monthly,follow_up
1116,439,338,2025-12-18,13800.0,monthly,follow_up
1117,440,339,2025-01-17,11500.0,monthly,dashboard
1118,443,340,2025-05-08,12700.0,monthly,dashboard
1119,443,340,2025-08-06,13400.0,monthly,follow_up
1120,443,340,2026-05-03,13700.0,monthly,follow_up
1121,445,341,2025-04-30,15700.0,monthly,dashboard
1122,445,341,2025-07-29,16600.0,monthly,follow_up
1123,445,341,2025-10-27,17300.0,monthly,follow_up
1124,445,341,2026-04-25,18200.0,monthly,follow_up
1125,446,342,2025-05-09,15900.0,monthly,dashboard
1126,446,342,2025-08-07,16800.0,monthly,follow_up
1127,446,342,2026-05-04,17600.0,monthly,follow_up
1128,447,343,2025-06-02,11600.0,monthly,dashboard
1129,447,343,2025-11-29,11700.0,monthly,follow_up
1130,447,343,2026-05-28,12400.0,monthly,follow_up
1131,449,344,2025-06-01,14200.0,monthly,dashboard
1132,449,344,2025-08-30,14600.0,monthly,follow_up
1133,449,344,2026-05-27,15400.0,monthly,follow_up
1134,450,345,2025-06-17,12700.0,monthly,dashboard
1135,450,345,2025-12-14,14000.0,monthly,follow_up
1136,450,345,2026-06-12,14200.0,monthly,follow_up
1137,452,346,2025-06-21,11400.0,monthly,dashboard
1138,452,346,2025-09-19,11100.0,monthly,follow_up
1139,452,346,2025-12-18,11300.0,monthly,follow_up
1140,452,346,2026-06-16,12200.0,monthly,follow_up
1141,453,347,2025-06-23,14100.0,monthly,dashboard
1142,454,348,2025-05-16,14600.0,monthly,dashboard
1143,454,348,2025-11-12,15200.0,monthly,follow_up
1144,454,348,2026-05-11,16500.0,monthly,follow_up
1145,455,349,2025-06-15,12700.0,monthly,dashboard
1146,455,349,2025-09-13,13500.0,monthly,follow_up
1147,455,349,2025-12-12,14300.0,monthly,follow_up
1148,456,350,2025-05-12,16000.0,monthly,dashboard
1149,456,350,2025-08-10,16500.0,monthly,follow_up
1150,456,350,2025-11-08,17200.0,monthly,follow_up
1151,456,350,2026-05-07,18200.0,monthly,follow_up
1152,457,351,2025-06-14,13200.0,monthly,dashboard
1153,457,351,2025-09-12,14000.0,monthly,follow_up
1154,457,351,2025-12-11,14600.0,monthly,follow_up
1155,458,352,2025-05-18,11600.0,monthly,dashboard
1156,458,352,2025-11-14,11800.0,monthly,follow_up
1157,459,353,2025-06-05,12800.0,monthly,dashboard
1158,459,353,2025-09-03,13000.0,monthly,follow_up
1159,459,353,2025-12-02,13300.0,monthly,follow_up
1160,459,353,2026-05-31,13800.0,monthly,follow_up
1161,460,354,2025-05-28,13600.0,monthly,dashboard
1162,460,354,2025-08-26,14200.0,monthly,follow_up
1163,460,354,2025-11-24,15000.0,monthly,follow_up
1164,460,354,2026-05-23,15700.0,monthly,follow_up
1165,461,355,2025-05-29,11500.0,monthly,dashboard
1166,461,355,2025-08-27,12000.0,monthly,follow_up
1167,464,356,2025-06-07,12400.0,monthly,dashboard
1168,464,356,2025-09-05,12400.0,monthly,follow_up
1169,464,356,2025-12-04,13400.0,monthly,follow_up
1170,464,356,2026-06-02,13900.0,monthly,follow_up
1171,465,357,2025-05-12,11400.0,monthly,dashboard
1172,465,357,2025-08-10,11900.0,monthly,follow_up
1173,465,357,2025-11-08,12000.0,monthly,follow_up
1174,465,357,2026-05-07,12100.0,monthly,follow_up
1175,467,358,2025-06-15,14300.0,monthly,dashboard
1176,467,358,2025-09-13,15000.0,monthly,follow_up
1177,467,358,2025-12-12,16200.0,monthly,follow_up
1178,468,359,2025-05-21,12100.0,monthly,dashboard
1179,468,359,2025-08-19,12600.0,monthly,follow_up
1180,468,359,2025-11-17,12900.0,monthly,follow_up
1181,469,360,2025-06-30,12100.0,monthly,dashboard
1182,469,360,2025-09-28,12900.0,monthly,follow_up
1183,469,360,2026-06-25,13000.0,monthly,follow_up
1184,470,361,2025-06-15,15000.0,monthly,dashboard
1185,470,361,2025-09-13,15600.0,monthly,follow_up
1186,470,361,2026-06-10,16800.0,monthly,follow_up
1187,471,362,2025-06-30,14600.0,monthly,dashboard
1188,471,362,2025-09-28,15200.0,monthly,follow_up
1189,471,362,2025-12-27,15600.0,monthly,follow_up
1190,472,363,2025-06-22,12300.0,monthly,dashboard
1191,472,363,2025-09-20,13100.0,monthly,follow_up
1192,473,364,2025-05-03,11100.0,monthly,dashboard
1193,473,364,2025-08-01,11900.0,monthly,follow_up
1194,473,364,2025-10-30,13200.0,monthly,follow_up
1195,473,364,2026-04-28,14200.0,monthly,follow_up
1196,474,365,2025-05-11,12300.0,monthly,dashboard
1197,474,365,2025-08-09,13300.0,monthly,follow_up
1198,474,365,2026-05-06,13600.0,monthly,follow_up
1199,475,366,2025-05-01,15100.0,monthly,dashboard
1200,475,366,2025-07-30,16200.0,monthly,follow_up
1201,475,366,2025-10-28,16900.0,monthly,follow_up
1202,476,367,2025-06-11,11000.0,monthly,dashboard
1203,476,367,2025-09-09,12000.0,monthly,follow_up
1204,477,368,2025-06-12,15200.0,monthly,dashboard
1205,481,369,2025-05-25,13500.0,monthly,dashboard
1206,481,369,2025-08-23,14300.0,monthly,follow_up
1207,482,370,2025-06-02,11800.0,monthly,dashboard
1208,482,370,2025-08-31,12700.0,monthly,follow_up
1209,482,370,2026-05-28,13300.0,monthly,follow_up
1210,483,371,2025-06-14,11600.0,monthly,dashboard
1211,483,371,2025-09-12,12800.0,monthly,follow_up
1212,483,371,2025-12-11,13800.0,monthly,follow_up
1213,483,371,2026-06-09,14700.0,monthly,follow_up
1214,485,372,2025-05-17,13200.0,monthly,dashboard
1215,485,372,2025-11-13,13900.0,monthly,follow_up
1216,485,372,2026-05-12,14000.0,monthly,follow_up
1217,486,373,2025-05-29,12300.0,monthly,dashboard
1218,487,374,2025-05-06,14200.0,monthly,dashboard
1219,487,374,2025-11-02,14700.0,monthly,follow_up
1220,487,374,2026-05-01,15600.0,monthly,follow_up
1221,488,375,2025-05-31,15800.0,monthly,dashboard
1222,491,376,2025-05-12,11500.0,monthly,dashboard
1223,491,376,2025-08-10,12200.0,monthly,follow_up
1224,491,376,2025-11-08,13200.0,monthly,follow_up
1225,491,376,2026-05-07,14200.0,monthly,follow_up
1226,493,377,2025-06-12,11200.0,monthly,dashboard
1227,493,377,2025-09-10,11500.0,monthly,follow_up
1228,493,377,2025-12-09,12100.0,monthly,follow_up
1229,493,377,2026-06-07,12800.0,monthly,follow_up
1230,495,378,2025-06-13,14200.0,monthly,dashboard
1231,495,378,2025-09-11,14500.0,monthly,follow_up
1232,495,378,2025-12-10,15400.0,monthly,follow_up
1233,495,378,2026-06-08,15700.0,monthly,follow_up
1234,497,379,2025-06-09,11900.0,monthly,dashboard
1235,498,380,2025-06-25,15500.0,monthly,dashboard
1236,498,380,2025-09-23,16300.0,monthly,follow_up
1237,499,381,2025-05-25,16000.0,monthly,dashboard
1238,499,381,2025-08-23,15900.0,monthly,follow_up
1239,500,382,2025-05-29,14000.0,monthly,dashboard
1240,500,382,2025-08-27,15100.0,monthly,follow_up
1241,501,383,2025-06-05,14500.0,monthly,dashboard
1242,501,383,2025-09-03,15500.0,monthly,follow_up
1243,501,383,2025-12-02,15800.0,monthly,follow_up
1244,501,383,2026-05-31,16000.0,monthly,follow_up
1245,503,384,2025-07-21,12100.0,monthly,dashboard
1246,503,384,2025-10-19,12500.0,monthly,follow_up
1247,503,384,2026-01-17,12800.0,monthly,follow_up
1248,503,384,2026-07-16,12800.0,monthly,follow_up
1249,506,385,2025-07-17,14100.0,monthly,dashboard
1250,506,385,2025-10-15,14200.0,monthly,follow_up
1251,506,385,2026-01-13,14300.0,monthly,follow_up
1252,506,385,2026-07-12,15200.0,monthly,follow_up
1253,509,386,2025-08-28,14000.0,monthly,dashboard
1254,509,386,2025-11-26,13800.0,monthly,follow_up
1255,509,386,2026-02-24,14900.0,monthly,follow_up
1256,510,387,2025-07-21,12700.0,monthly,dashboard
1257,510,387,2025-10-19,13200.0,monthly,follow_up
1258,510,387,2026-07-16,13800.0,monthly,follow_up
1259,511,388,2025-07-24,15700.0,monthly,dashboard
1260,511,388,2025-10-22,16800.0,monthly,follow_up
1261,511,388,2026-01-20,17600.0,monthly,follow_up
1262,511,388,2026-07-19,17600.0,monthly,follow_up
1263,512,389,2025-08-27,13500.0,monthly,dashboard
1264,512,389,2025-11-25,14100.0,monthly,follow_up
1265,512,389,2026-02-23,14100.0,monthly,follow_up
1266,513,390,2025-09-03,14300.0,monthly,dashboard
1267,513,390,2025-12-02,14900.0,monthly,follow_up
1268,513,390,2026-03-02,15700.0,monthly,follow_up
1269,514,391,2025-09-03,15600.0,monthly,dashboard
1270,514,391,2025-12-02,17600.0,monthly,follow_up
1271,514,391,2026-03-02,18600.0,monthly,follow_up
1272,515,392,2025-09-07,11600.0,monthly,dashboard
1273,515,392,2025-12-06,12300.0,monthly,follow_up
1274,516,393,2025-08-07,14800.0,monthly,dashboard
1275,517,394,2025-07-30,13400.0,monthly,dashboard
1276,517,394,2025-10-28,14200.0,monthly,follow_up
1277,517,394,2026-01-26,15000.0,monthly,follow_up
1278,517,394,2026-07-25,16100.0,monthly,follow_up
1279,522,395,2025-09-09,15700.0,monthly,dashboard
1280,522,395,2025-12-08,16500.0,monthly,follow_up
1281,522,395,2026-03-08,17900.0,monthly,follow_up
1282,522,395,2026-09-04,18400.0,monthly,follow_up
1283,523,396,2025-07-16,13900.0,monthly,dashboard
1284,523,396,2025-10-14,15100.0,monthly,follow_up
1285,523,396,2026-01-12,14900.0,monthly,follow_up
1286,524,397,2025-08-18,15700.0,monthly,dashboard
1287,524,397,2026-02-14,16700.0,monthly,follow_up
1288,526,398,2025-09-13,11400.0,monthly,dashboard
1289,526,398,2025-12-12,12400.0,monthly,follow_up
1290,526,398,2026-03-12,12800.0,monthly,follow_up
1291,526,398,2026-09-08,13200.0,monthly,follow_up
1292,527,399,2025-07-09,12100.0,monthly,dashboard
1293,527,399,2025-10-07,12100.0,monthly,follow_up
1294,527,399,2026-01-05,12800.0,monthly,follow_up
1295,527,399,2026-07-04,13400.0,monthly,follow_up
1296,530,400,2025-09-01,13200.0,monthly,dashboard
1297,530,400,2025-11-30,13600.0,monthly,follow_up
1298,530,400,2026-02-28,14100.0,monthly,follow_up
1299,530,400,2026-08-27,15300.0,monthly,follow_up
1300,531,401,2025-09-03,15300.0,monthly,dashboard
1301,531,401,2025-12-02,16200.0,monthly,follow_up
1302,531,401,2026-03-02,16400.0,monthly,follow_up
1303,531,401,2026-08-29,15900.0,monthly,follow_up
1304,532,402,2025-07-11,15100.0,monthly,dashboard
1305,532,402,2025-10-09,15600.0,monthly,follow_up
1306,532,402,2026-01-07,16300.0,monthly,follow_up
1307,533,403,2025-07-28,13400.0,monthly,dashboard
1308,533,403,2025-10-26,14100.0,monthly,follow_up
1309,533,403,2026-07-23,14600.0,monthly,follow_up
1310,534,404,2025-08-01,14700.0,monthly,dashboard
1311,534,404,2025-10-30,15200.0,monthly,follow_up
1312,534,404,2026-01-28,15800.0,monthly,follow_up
1313,534,404,2026-07-27,15200.0,monthly,follow_up
1314,536,405,2025-08-11,11900.0,monthly,dashboard
1315,536,405,2025-11-09,12500.0,monthly,follow_up
1316,536,405,2026-02-07,12600.0,monthly,follow_up
1317,536,405,2026-08-06,13600.0,monthly,follow_up
1318,537,406,2025-09-09,12100.0,monthly,dashboard
1319,537,406,2026-03-08,12500.0,monthly,follow_up
1320,537,406,2026-09-04,13000.0,monthly,follow_up
1321,538,407,2025-08-04,15800.0,monthly,dashboard
1322,538,407,2025-11-02,16000.0,monthly,follow_up
1323,538,407,2026-01-31,16600.0,monthly,follow_up
1324,539,408,2025-07-24,14200.0,monthly,dashboard
1325,539,408,2025-10-22,14900.0,monthly,follow_up
1326,539,408,2026-01-20,15400.0,monthly,follow_up
1327,539,408,2026-07-19,16400.0,monthly,follow_up
1328,541,409,2025-08-19,13300.0,monthly,dashboard
1329,541,409,2025-11-17,13700.0,monthly,follow_up
1330,541,409,2026-02-15,13700.0,monthly,follow_up
1331,541,409,2026-08-14,13900.0,monthly,follow_up
1332,543,410,2025-09-07,11500.0,monthly,dashboard
1333,543,410,2025-12-06,11500.0,monthly,follow_up
1334,543,410,2026-03-06,11900.0,monthly,follow_up
1335,543,410,2026-09-02,12800.0,monthly,follow_up
1336,544,411,2025-09-03,13000.0,monthly,dashboard
1337,544,411,2025-12-02,12600.0,monthly,follow_up
1338,544,411,2026-03-02,13300.0,monthly,follow_up
1339,544,411,2026-08-29,14200.0,monthly,follow_up
1340,545,412,2025-08-09,13700.0,monthly,dashboard
1341,545,412,2025-11-07,13900.0,monthly,follow_up
1342,545,412,2026-02-05,15200.0,monthly,follow_up
1343,545,412,2026-08-04,16000.0,monthly,follow_up
1344,546,413,2025-09-07,11600.0,monthly,dashboard
1345,546,413,2025-12-06,12100.0,monthly,follow_up
1346,546,413,2026-03-06,12300.0,monthly,follow_up
1347,546,413,2026-09-02,12400.0,monthly,follow_up
1348,548,414,2025-08-11,12100.0,monthly,dashboard
1349,548,414,2025-11-09,12800.0,monthly,follow_up
1350,548,414,2026-02-07,13300.0,monthly,follow_up
1351,548,414,2026-08-06,13200.0,monthly,follow_up
1352,552,415,2025-09-04,13200.0,monthly,dashboard
1353,552,415,2025-12-03,13400.0,monthly,follow_up
1354,552,415,2026-03-03,13900.0,monthly,follow_up
1355,552,415,2026-08-30,14500.0,monthly,follow_up
1356,553,416,2025-08-14,13700.0,monthly,dashboard
1357,553,416,2025-11-12,14800.0,monthly,follow_up
1358,553,416,2026-02-10,15400.0,monthly,follow_up
1359,553,416,2026-08-09,15900.0,monthly,follow_up
1360,554,417,2025-08-25,12700.0,monthly,dashboard
1361,554,417,2026-02-21,13500.0,monthly,follow_up
1362,554,417,2026-08-20,13700.0,monthly,follow_up
1363,555,418,2025-08-23,11100.0,monthly,dashboard
1364,555,418,2025-11-21,11600.0,monthly,follow_up
1365,555,418,2026-02-19,12000.0,monthly,follow_up
1366,555,418,2026-08-18,12400.0,monthly,follow_up
1367,558,419,2025-07-26,11300.0,monthly,dashboard
1368,558,419,2025-10-24,12000.0,monthly,follow_up
1369,558,419,2026-01-22,12800.0,monthly,follow_up
1370,558,419,2026-07-21,13600.0,monthly,follow_up
1371,559,420,2025-09-11,12000.0,monthly,dashboard
1372,559,420,2025-12-10,12800.0,monthly,follow_up
1373,561,421,2025-07-29,12800.0,monthly,dashboard
1374,561,421,2025-10-27,12800.0,monthly,follow_up
1375,561,421,2026-01-25,13600.0,monthly,follow_up
1376,562,422,2025-07-08,11600.0,monthly,dashboard
1377,562,422,2025-10-06,11700.0,monthly,follow_up
1378,562,422,2026-01-04,11500.0,monthly,follow_up
1379,562,422,2026-07-03,12200.0,monthly,follow_up
1380,565,423,2025-07-28,13900.0,monthly,dashboard
1381,565,423,2026-07-23,15100.0,monthly,follow_up
1382,566,424,2025-07-15,11700.0,monthly,dashboard
1383,568,425,2024-10-06,14000.0,monthly,dashboard
1384,568,425,2025-01-04,15200.0,monthly,follow_up
1385,568,425,2025-04-04,16300.0,monthly,follow_up
1386,568,425,2025-10-01,17200.0,monthly,follow_up
1387,569,426,2024-11-11,14100.0,monthly,dashboard
1388,569,426,2025-02-09,14600.0,monthly,follow_up
1389,569,426,2025-05-10,15000.0,monthly,follow_up
1390,569,426,2025-11-06,15700.0,monthly,follow_up
1391,570,427,2024-10-11,13300.0,monthly,dashboard
1392,570,427,2025-01-09,13900.0,monthly,follow_up
1393,570,427,2025-04-09,14900.0,monthly,follow_up
1394,570,427,2025-10-06,16000.0,monthly,follow_up
1395,571,428,2024-11-08,12100.0,monthly,dashboard
1396,571,428,2025-02-06,13300.0,monthly,follow_up
1397,571,428,2025-05-07,13300.0,monthly,follow_up
1398,571,428,2025-11-03,14100.0,monthly,follow_up
1399,572,429,2024-09-28,11300.0,monthly,dashboard
1400,572,429,2025-03-27,11400.0,monthly,follow_up
1401,573,430,2024-11-08,11800.0,monthly,dashboard
1402,573,430,2025-02-06,12300.0,monthly,follow_up
1403,573,430,2025-05-07,11700.0,monthly,follow_up
1404,573,430,2025-11-03,12300.0,monthly,follow_up
1405,574,431,2024-10-28,15900.0,monthly,dashboard
1406,574,431,2025-01-26,16500.0,monthly,follow_up
1407,574,431,2025-04-26,18300.0,monthly,follow_up
1408,574,431,2025-10-23,20700.0,monthly,follow_up
1409,575,432,2024-10-22,12700.0,monthly,dashboard
1410,575,432,2025-01-20,13200.0,monthly,follow_up
1411,575,432,2025-04-20,14600.0,monthly,follow_up
1412,576,433,2024-10-16,14900.0,monthly,dashboard
1413,576,433,2025-01-14,16300.0,monthly,follow_up
1414,576,433,2025-04-14,16800.0,monthly,follow_up
1415,576,433,2025-10-11,17400.0,monthly,follow_up
1416,577,434,2024-09-23,12700.0,monthly,dashboard
1417,578,435,2024-11-14,13500.0,monthly,dashboard
1418,578,435,2025-05-13,13900.0,monthly,follow_up
1419,578,435,2025-11-09,15000.0,monthly,follow_up
1420,579,436,2024-10-09,15800.0,monthly,dashboard
1421,579,436,2025-01-07,16800.0,monthly,follow_up
1422,579,436,2025-04-07,17800.0,monthly,follow_up
1423,581,437,2024-10-29,11900.0,monthly,dashboard
1424,581,437,2025-01-27,12300.0,monthly,follow_up
1425,581,437,2025-04-27,13100.0,monthly,follow_up
1426,581,437,2025-10-24,13400.0,monthly,follow_up
1427,583,438,2024-10-01,11900.0,monthly,dashboard
1428,583,438,2024-12-30,12700.0,monthly,follow_up
1429,583,438,2025-03-30,13100.0,monthly,follow_up
1430,583,438,2025-09-26,13400.0,monthly,follow_up
1431,584,439,2024-10-25,12700.0,monthly,dashboard
1432,584,439,2025-01-23,12800.0,monthly,follow_up
1433,584,439,2025-04-23,13700.0,monthly,follow_up
1434,584,439,2025-10-20,14300.0,monthly,follow_up
1435,585,440,2024-10-11,15500.0,monthly,dashboard
1436,585,440,2025-01-09,15600.0,monthly,follow_up
1437,585,440,2025-10-06,15300.0,monthly,follow_up
1438,586,441,2024-11-11,13400.0,monthly,dashboard
1439,586,441,2025-05-10,14600.0,monthly,follow_up
1440,586,441,2025-11-06,15300.0,monthly,follow_up
1441,588,442,2024-11-04,11800.0,monthly,dashboard
1442,588,442,2025-02-02,12600.0,monthly,follow_up
1443,588,442,2025-05-03,13000.0,monthly,follow_up
1444,589,443,2024-10-23,12600.0,monthly,dashboard
1445,591,444,2024-11-04,11600.0,monthly,dashboard
1446,591,444,2025-02-02,11800.0,monthly,follow_up
1447,591,444,2025-05-03,12900.0,monthly,follow_up
1448,593,445,2024-09-22,13700.0,monthly,dashboard
1449,593,445,2024-12-21,14300.0,monthly,follow_up
1450,593,445,2025-03-21,15500.0,monthly,follow_up
1451,593,445,2025-09-17,16300.0,monthly,follow_up
1452,594,446,2024-10-07,12800.0,monthly,dashboard
1453,594,446,2025-04-05,13600.0,monthly,follow_up
1454,594,446,2025-10-02,14100.0,monthly,follow_up
1455,595,447,2024-11-13,15400.0,monthly,dashboard
1456,595,447,2025-02-11,16100.0,monthly,follow_up
1457,595,447,2025-05-12,16600.0,monthly,follow_up
1458,597,448,2024-10-12,13800.0,monthly,dashboard
1459,597,448,2025-04-10,14200.0,monthly,follow_up
1460,597,448,2025-10-07,15200.0,monthly,follow_up
1461,602,449,2024-09-30,11400.0,monthly,dashboard
1462,602,449,2024-12-29,11400.0,monthly,follow_up
1463,602,449,2025-03-29,11500.0,monthly,follow_up
1464,602,449,2025-09-25,11900.0,monthly,follow_up
1465,604,450,2024-11-21,15200.0,monthly,dashboard
1466,604,450,2025-02-19,15600.0,monthly,follow_up
1467,604,450,2025-05-20,16000.0,monthly,follow_up
1468,608,451,2024-09-17,12300.0,monthly,dashboard
1469,608,451,2024-12-16,12900.0,monthly,follow_up
1470,608,451,2025-03-16,12900.0,monthly,follow_up
1471,608,451,2025-09-12,12800.0,monthly,follow_up
1472,610,452,2024-11-08,14400.0,monthly,dashboard
1473,610,452,2025-05-07,15400.0,monthly,follow_up
1474,610,452,2025-11-03,16600.0,monthly,follow_up
1475,612,453,2024-09-12,11900.0,monthly,dashboard
1476,612,453,2024-12-11,12700.0,monthly,follow_up
1477,612,453,2025-03-11,12900.0,monthly,follow_up
1478,613,454,2024-10-29,11200.0,monthly,dashboard
1479,613,454,2025-01-27,11700.0,monthly,follow_up
1480,613,454,2025-04-27,12200.0,monthly,follow_up
1481,613,454,2025-10-24,12700.0,monthly,follow_up
1482,615,455,2024-09-13,12300.0,monthly,dashboard
1483,615,455,2024-12-12,13000.0,monthly,follow_up
1484,615,455,2025-03-12,13300.0,monthly,follow_up
1485,615,455,2025-09-08,14200.0,monthly,follow_up
1486,617,456,2024-11-06,15700.0,monthly,dashboard
1487,617,456,2025-02-04,17100.0,monthly,follow_up
1488,617,456,2025-05-05,17400.0,monthly,follow_up
1489,617,456,2025-11-01,18700.0,monthly,follow_up
1490,621,457,2024-09-20,15500.0,monthly,dashboard
1491,621,457,2024-12-19,16100.0,monthly,follow_up
1492,621,457,2025-03-19,17300.0,monthly,follow_up
1493,621,457,2025-09-15,18300.0,monthly,follow_up
1494,622,458,2024-10-04,12000.0,monthly,dashboard
1495,622,458,2025-01-02,12600.0,monthly,follow_up
1496,622,458,2025-04-02,13500.0,monthly,follow_up
1497,622,458,2025-09-29,14300.0,monthly,follow_up
1498,623,459,2024-11-13,11900.0,monthly,dashboard
1499,623,459,2025-02-11,13200.0,monthly,follow_up
1500,623,459,2025-05-12,14200.0,monthly,follow_up
1501,623,459,2025-11-08,15200.0,monthly,follow_up
1502,624,460,2024-11-21,11900.0,monthly,dashboard
1503,624,460,2025-02-19,12500.0,monthly,follow_up
1504,624,460,2025-05-20,13200.0,monthly,follow_up
1505,624,460,2025-11-16,14000.0,monthly,follow_up
1506,626,461,2024-10-31,14400.0,monthly,dashboard
1507,626,461,2025-01-29,15100.0,monthly,follow_up
1508,626,461,2025-04-29,16000.0,monthly,follow_up
1509,627,462,2025-04-26,10300.0,monthly,dashboard
1510,628,463,2025-05-28,13900.0,monthly,dashboard
1511,628,463,2025-08-26,15400.0,monthly,follow_up
1512,630,464,2025-04-19,10900.0,monthly,dashboard
1513,630,464,2025-07-18,11400.0,monthly,follow_up
1514,630,464,2025-10-16,11800.0,monthly,follow_up
1515,630,464,2026-04-14,12300.0,monthly,follow_up
1516,631,465,2025-05-17,13400.0,monthly,dashboard
1517,631,465,2025-08-15,13400.0,monthly,follow_up
1518,631,465,2025-11-13,14400.0,monthly,follow_up
1519,631,465,2026-05-12,16100.0,monthly,follow_up
1520,632,466,2025-05-26,13400.0,monthly,dashboard
1521,632,466,2025-08-24,14200.0,monthly,follow_up
1522,633,467,2025-05-29,12600.0,monthly,dashboard
1523,633,467,2025-11-25,13100.0,monthly,follow_up
1524,635,468,2025-05-16,11200.0,monthly,dashboard
1525,635,468,2025-08-14,12500.0,monthly,follow_up
1526,635,468,2026-05-11,13200.0,monthly,follow_up
1527,636,469,2025-05-14,12100.0,monthly,dashboard
1528,636,469,2025-08-12,12800.0,monthly,follow_up
1529,636,469,2025-11-10,13800.0,monthly,follow_up
1530,636,469,2026-05-09,15100.0,monthly,follow_up
1531,637,470,2025-04-14,11000.0,monthly,dashboard
1532,639,471,2025-05-09,12700.0,monthly,dashboard
1533,639,471,2025-08-07,13200.0,monthly,follow_up
1534,641,472,2025-04-17,10200.0,monthly,dashboard
1535,641,472,2025-07-16,10000.0,monthly,follow_up
1536,641,472,2025-10-14,10900.0,monthly,follow_up
1537,641,472,2026-04-12,11300.0,monthly,follow_up
1538,642,473,2025-04-09,12000.0,monthly,dashboard
1539,642,473,2025-10-06,11900.0,monthly,follow_up
1540,642,473,2026-04-04,11500.0,monthly,follow_up
1541,645,474,2025-06-01,12700.0,monthly,dashboard
1542,645,474,2025-08-30,13600.0,monthly,follow_up
1543,645,474,2025-11-28,14100.0,monthly,follow_up
1544,645,474,2026-05-27,14400.0,monthly,follow_up
1545,646,475,2025-04-15,12800.0,monthly,dashboard
1546,646,475,2025-07-14,13700.0,monthly,follow_up
1547,646,475,2026-04-10,13800.0,monthly,follow_up
1548,647,476,2025-05-16,13900.0,monthly,dashboard
1549,647,476,2025-08-14,13700.0,monthly,follow_up
1550,647,476,2025-11-12,14500.0,monthly,follow_up
1551,647,476,2026-05-11,15400.0,monthly,follow_up
1552,648,477,2025-05-30,13100.0,monthly,dashboard
1553,648,477,2025-08-28,13900.0,monthly,follow_up
1554,648,477,2025-11-26,14300.0,monthly,follow_up
1555,648,477,2026-05-25,14700.0,monthly,follow_up
1556,651,478,2025-04-29,10200.0,monthly,dashboard
1557,651,478,2025-07-28,10300.0,monthly,follow_up
1558,651,478,2025-10-26,10800.0,monthly,follow_up
1559,651,478,2026-04-24,10400.0,monthly,follow_up
1560,653,479,2025-04-28,13000.0,monthly,dashboard
1561,653,479,2025-07-27,13400.0,monthly,follow_up
1562,653,479,2025-10-25,13600.0,monthly,follow_up
1563,653,479,2026-04-23,13700.0,monthly,follow_up
1564,655,480,2025-06-05,13200.0,monthly,dashboard
1565,658,481,2025-04-01,13000.0,monthly,dashboard
1566,658,481,2025-09-28,13500.0,monthly,follow_up
1567,659,482,2025-04-12,13300.0,monthly,dashboard
1568,659,482,2025-07-11,13800.0,monthly,follow_up
1569,659,482,2025-10-09,14600.0,monthly,follow_up
1570,659,482,2026-04-07,15500.0,monthly,follow_up
1571,660,483,2025-05-08,13900.0,monthly,dashboard
1572,660,483,2025-08-06,14700.0,monthly,follow_up
1573,660,483,2025-11-04,15500.0,monthly,follow_up
1574,660,483,2026-05-03,16200.0,monthly,follow_up
1575,661,484,2025-05-06,10300.0,monthly,dashboard
1576,661,484,2025-08-04,10600.0,monthly,follow_up
1577,661,484,2025-11-02,10800.0,monthly,follow_up
1578,661,484,2026-05-01,11600.0,monthly,follow_up
1579,666,485,2025-04-12,10800.0,monthly,dashboard
1580,666,485,2025-07-11,11000.0,monthly,follow_up
1581,666,485,2025-10-09,11400.0,monthly,follow_up
1582,666,485,2026-04-07,11700.0,monthly,follow_up
1583,669,486,2025-04-15,11100.0,monthly,dashboard
1584,670,487,2025-05-21,11800.0,monthly,dashboard
1585,670,487,2025-08-19,12600.0,monthly,follow_up
1586,670,487,2025-11-17,13900.0,monthly,follow_up
1587,670,487,2026-05-16,14700.0,monthly,follow_up
1588,671,488,2025-05-01,10100.0,monthly,dashboard
1589,671,488,2025-07-30,10500.0,monthly,follow_up
1590,671,488,2025-10-28,11100.0,monthly,follow_up
1591,671,488,2026-04-26,11300.0,monthly,follow_up
1592,672,489,2025-05-28,13100.0,monthly,dashboard
1593,672,489,2025-08-26,13200.0,monthly,follow_up
1594,672,489,2025-11-24,13500.0,monthly,follow_up
1595,672,489,2026-05-23,14300.0,monthly,follow_up
1596,673,490,2025-04-10,13500.0,monthly,dashboard
1597,673,490,2025-07-09,14200.0,monthly,follow_up
1598,673,490,2025-10-07,14700.0,monthly,follow_up
1599,673,490,2026-04-05,15500.0,monthly,follow_up
1600,676,491,2025-05-24,13900.0,monthly,dashboard
1601,676,491,2025-08-22,14800.0,monthly,follow_up
1602,676,491,2026-05-19,16200.0,monthly,follow_up
1603,677,492,2025-05-13,10300.0,monthly,dashboard
1604,677,492,2025-08-11,10200.0,monthly,follow_up
1605,677,492,2025-11-09,10300.0,monthly,follow_up
1606,677,492,2026-05-08,10000.0,monthly,follow_up
1607,678,493,2025-05-09,12400.0,monthly,dashboard
1608,678,493,2025-08-07,12800.0,monthly,follow_up
1609,678,493,2025-11-05,13400.0,monthly,follow_up
1610,678,493,2026-05-04,13900.0,monthly,follow_up
1611,681,494,2025-06-05,11000.0,monthly,dashboard
1612,681,494,2025-09-03,11300.0,monthly,follow_up
1613,681,494,2025-12-02,12000.0,monthly,follow_up
1614,681,494,2026-05-31,13200.0,monthly,follow_up
1615,682,495,2025-03-31,11300.0,monthly,dashboard
1616,682,495,2025-06-29,11800.0,monthly,follow_up
1617,682,495,2026-03-26,12800.0,monthly,follow_up
1618,683,496,2025-05-31,12200.0,monthly,dashboard
1619,683,496,2025-11-27,12700.0,monthly,follow_up
1620,683,496,2026-05-26,13800.0,monthly,follow_up
1621,684,497,2025-03-28,12900.0,monthly,dashboard
1622,684,497,2025-06-26,12700.0,monthly,follow_up
1623,684,497,2026-03-23,12000.0,monthly,follow_up
1624,685,498,2025-05-27,13400.0,monthly,dashboard
1625,685,498,2025-08-25,14000.0,monthly,follow_up
1626,685,498,2025-11-23,14500.0,monthly,follow_up
1627,686,499,2025-04-30,11900.0,monthly,dashboard
1628,686,499,2025-07-29,12200.0,monthly,follow_up
1629,686,499,2025-10-27,12500.0,monthly,follow_up
1630,686,499,2026-04-25,12700.0,monthly,follow_up
1631,687,500,2025-04-13,13800.0,monthly,dashboard
1632,687,500,2025-07-12,14800.0,monthly,follow_up
1633,687,500,2025-10-10,15100.0,monthly,follow_up
1634,687,500,2026-04-08,15400.0,monthly,follow_up
1635,688,501,2025-03-30,12100.0,monthly,dashboard
1636,688,501,2025-06-28,12200.0,monthly,follow_up
1637,688,501,2026-03-25,12700.0,monthly,follow_up
1638,689,502,2025-01-01,10900.0,monthly,dashboard
1639,689,502,2025-04-01,11600.0,monthly,follow_up
1640,689,502,2025-06-30,12600.0,monthly,follow_up
1641,689,502,2025-12-27,13700.0,monthly,follow_up
1642,690,503,2025-03-01,10900.0,monthly,dashboard
1643,690,503,2025-05-30,11300.0,monthly,follow_up
1644,690,503,2025-08-28,11000.0,monthly,follow_up
1645,690,503,2026-02-24,11100.0,monthly,follow_up
1646,691,504,2025-01-10,13400.0,monthly,dashboard
1647,694,505,2024-12-31,10600.0,monthly,dashboard
1648,694,505,2025-03-31,10700.0,monthly,follow_up
1649,694,505,2025-06-29,11000.0,monthly,follow_up
1650,695,506,2025-01-27,13200.0,monthly,dashboard
1651,695,506,2025-07-26,14300.0,monthly,follow_up
1652,697,507,2025-01-20,11900.0,monthly,dashboard
1653,697,507,2025-04-20,12600.0,monthly,follow_up
1654,697,507,2025-07-19,13400.0,monthly,follow_up
1655,697,507,2026-01-15,14600.0,monthly,follow_up
1656,698,508,2025-01-14,12500.0,monthly,dashboard
1657,698,508,2026-01-09,13700.0,monthly,follow_up
1658,700,509,2025-02-03,11200.0,monthly,dashboard
1659,700,509,2025-05-04,11100.0,monthly,follow_up
1660,700,509,2025-08-02,12100.0,monthly,follow_up
1661,700,509,2026-01-29,11900.0,monthly,follow_up
1662,701,510,2025-02-21,12800.0,monthly,dashboard
1663,701,510,2025-05-22,13000.0,monthly,follow_up
1664,703,511,2025-02-02,10500.0,monthly,dashboard
1665,703,511,2025-08-01,10700.0,monthly,follow_up
1666,705,512,2025-01-09,11300.0,monthly,dashboard
1667,705,512,2025-04-09,12300.0,monthly,follow_up
1668,705,512,2025-07-08,13400.0,monthly,follow_up
1669,705,512,2026-01-04,13900.0,monthly,follow_up
1670,708,513,2025-02-07,13800.0,monthly,dashboard
1671,708,513,2025-05-08,14900.0,monthly,follow_up
1672,708,513,2025-08-06,15800.0,monthly,follow_up
1673,708,513,2026-02-02,17700.0,monthly,follow_up
1674,709,514,2025-02-26,13700.0,monthly,dashboard
1675,711,515,2025-02-25,10700.0,monthly,dashboard
1676,711,515,2025-05-26,11300.0,monthly,follow_up
1677,711,515,2025-08-24,11700.0,monthly,follow_up
1678,711,515,2026-02-20,12700.0,monthly,follow_up
1679,713,516,2025-02-21,13300.0,monthly,dashboard
1680,713,516,2025-05-22,15100.0,monthly,follow_up
1681,713,516,2025-08-20,15100.0,monthly,follow_up
1682,714,517,2025-03-07,11800.0,monthly,dashboard
1683,714,517,2025-06-05,12400.0,monthly,follow_up
1684,714,517,2026-03-02,13600.0,monthly,follow_up
1685,716,518,2025-02-17,10000.0,monthly,dashboard
1686,716,518,2025-05-18,10200.0,monthly,follow_up
1687,716,518,2025-08-16,10600.0,monthly,follow_up
1688,716,518,2026-02-12,11300.0,monthly,follow_up
1689,717,519,2025-01-19,13800.0,monthly,dashboard
1690,717,519,2025-04-19,14700.0,monthly,follow_up
1691,717,519,2025-07-18,14700.0,monthly,follow_up
1692,717,519,2026-01-14,15200.0,monthly,follow_up
1693,720,520,2025-02-22,12200.0,monthly,dashboard
1694,720,520,2025-05-23,13300.0,monthly,follow_up
1695,720,520,2025-08-21,14500.0,monthly,follow_up
1696,720,520,2026-02-17,15600.0,monthly,follow_up
1697,721,521,2025-01-13,12100.0,monthly,dashboard
1698,723,522,2025-03-07,10700.0,monthly,dashboard
1699,723,522,2025-06-05,11100.0,monthly,follow_up
1700,723,522,2025-09-03,11800.0,monthly,follow_up
1701,723,522,2026-03-02,12300.0,monthly,follow_up
1702,724,523,2025-02-07,13700.0,monthly,dashboard
1703,724,523,2025-05-08,13300.0,monthly,follow_up
1704,724,523,2025-08-06,14400.0,monthly,follow_up
1705,724,523,2026-02-02,14800.0,monthly,follow_up
1706,728,524,2025-02-08,10300.0,monthly,dashboard
1707,728,524,2025-05-09,10900.0,monthly,follow_up
1708,728,524,2025-08-07,11500.0,monthly,follow_up
1709,728,524,2026-02-03,12000.0,monthly,follow_up
1710,729,525,2025-01-10,10700.0,monthly,dashboard
1711,729,525,2025-04-10,11700.0,monthly,follow_up
1712,729,525,2025-07-09,12300.0,monthly,follow_up
1713,731,526,2025-03-06,12000.0,monthly,dashboard
1714,731,526,2025-06-04,12600.0,monthly,follow_up
1715,731,526,2025-09-02,12800.0,monthly,follow_up
1716,731,526,2026-03-01,13400.0,monthly,follow_up
1717,732,527,2024-12-28,12600.0,monthly,dashboard
1718,732,527,2025-03-28,13100.0,monthly,follow_up
1719,732,527,2025-06-26,14000.0,monthly,follow_up
1720,733,528,2025-02-15,13900.0,monthly,dashboard
1721,733,528,2025-05-16,13600.0,monthly,follow_up
1722,733,528,2025-08-14,14400.0,monthly,follow_up
1723,733,528,2026-02-10,15600.0,monthly,follow_up
1724,734,529,2025-01-14,12400.0,monthly,dashboard
1725,734,529,2025-04-14,12400.0,monthly,follow_up
1726,734,529,2025-07-13,12400.0,monthly,follow_up
1727,734,529,2026-01-09,12900.0,monthly,follow_up
1728,735,530,2025-02-10,11500.0,monthly,dashboard
1729,735,530,2025-05-11,11600.0,monthly,follow_up
1730,735,530,2025-08-09,12700.0,monthly,follow_up
1731,735,530,2026-02-05,12500.0,monthly,follow_up
1732,738,531,2025-02-18,11300.0,monthly,dashboard
1733,738,531,2025-05-19,11700.0,monthly,follow_up
1734,738,531,2025-08-17,12700.0,monthly,follow_up
1735,738,531,2026-02-13,13600.0,monthly,follow_up
1736,740,532,2025-03-01,11800.0,monthly,dashboard
1737,740,532,2025-05-30,12000.0,monthly,follow_up
1738,744,533,2025-02-13,12100.0,monthly,dashboard
1739,744,533,2025-05-14,13200.0,monthly,follow_up
1740,745,534,2025-02-10,13500.0,monthly,dashboard
1741,745,534,2025-05-11,14600.0,monthly,follow_up
1742,745,534,2025-08-09,15600.0,monthly,follow_up
1743,745,534,2026-02-05,16400.0,monthly,follow_up
1744,747,535,2025-01-17,12600.0,monthly,dashboard
1745,747,535,2025-07-16,13300.0,monthly,follow_up
1746,749,536,2025-02-04,11100.0,monthly,dashboard
1747,749,536,2025-08-03,11400.0,monthly,follow_up
1748,752,537,2025-02-01,12200.0,monthly,dashboard
1749,752,537,2025-05-02,13100.0,monthly,follow_up
1750,752,537,2026-01-27,14100.0,monthly,follow_up
1751,753,538,2024-10-12,12400.0,monthly,dashboard
1752,753,538,2025-01-10,12800.0,monthly,follow_up
1753,753,538,2025-04-10,13600.0,monthly,follow_up
1754,753,538,2025-10-07,14400.0,monthly,follow_up
1755,754,539,2024-09-29,11700.0,monthly,dashboard
1756,754,539,2024-12-28,12500.0,monthly,follow_up
1757,754,539,2025-09-24,12800.0,monthly,follow_up
1758,756,540,2024-11-29,11800.0,monthly,dashboard
1759,756,540,2025-11-24,12200.0,monthly,follow_up
1760,757,541,2024-10-27,10800.0,monthly,dashboard
1761,757,541,2025-01-25,11200.0,monthly,follow_up
1762,757,541,2025-04-25,11700.0,monthly,follow_up
1763,757,541,2025-10-22,11800.0,monthly,follow_up
1764,759,542,2024-11-27,11900.0,monthly,dashboard
1765,759,542,2025-05-26,12100.0,monthly,follow_up
1766,759,542,2025-11-22,12700.0,monthly,follow_up
1767,760,543,2024-10-24,12300.0,monthly,dashboard
1768,760,543,2025-01-22,12500.0,monthly,follow_up
1769,760,543,2025-04-22,12700.0,monthly,follow_up
1770,760,543,2025-10-19,12600.0,monthly,follow_up
1771,763,544,2024-11-22,11700.0,monthly,dashboard
1772,763,544,2025-02-20,12200.0,monthly,follow_up
1773,763,544,2025-05-21,12500.0,monthly,follow_up
1774,766,545,2024-11-28,13300.0,monthly,dashboard
1775,766,545,2025-02-26,14600.0,monthly,follow_up
1776,766,545,2025-11-23,14800.0,monthly,follow_up
1777,767,546,2024-11-29,11900.0,monthly,dashboard
1778,767,546,2025-05-28,13000.0,monthly,follow_up
1779,768,547,2024-10-25,11600.0,monthly,dashboard
1780,768,547,2025-01-23,11700.0,monthly,follow_up
1781,769,548,2024-10-13,11500.0,monthly,dashboard
1782,769,548,2025-04-11,11900.0,monthly,follow_up
1783,769,548,2025-10-08,12500.0,monthly,follow_up
1784,770,549,2024-10-25,10000.0,monthly,dashboard
1785,770,549,2025-01-23,11000.0,monthly,follow_up
1786,770,549,2025-04-23,12300.0,monthly,follow_up
1787,770,549,2025-10-20,12400.0,monthly,follow_up
1788,772,550,2024-11-14,10900.0,monthly,dashboard
1789,772,550,2025-02-12,11400.0,monthly,follow_up
1790,772,550,2025-05-13,11300.0,monthly,follow_up
1791,772,550,2025-11-09,11700.0,monthly,follow_up
1792,773,551,2024-11-11,11400.0,monthly,dashboard
1793,773,551,2025-02-09,11600.0,monthly,follow_up
1794,773,551,2025-05-10,12100.0,monthly,follow_up
1795,773,551,2025-11-06,12700.0,monthly,follow_up
1796,774,552,2024-09-26,11800.0,monthly,dashboard
1797,777,553,2024-09-27,13100.0,monthly,dashboard
1798,777,553,2024-12-26,14100.0,monthly,follow_up
1799,778,554,2024-10-07,10200.0,monthly,dashboard
1800,778,554,2025-01-05,10900.0,monthly,follow_up
1801,778,554,2025-10-02,11500.0,monthly,follow_up
1802,779,555,2024-09-22,11500.0,monthly,dashboard
1803,779,555,2024-12-21,12400.0,monthly,follow_up
1804,779,555,2025-03-21,12700.0,monthly,follow_up
1805,779,555,2025-09-17,13500.0,monthly,follow_up
1806,780,556,2024-10-28,12400.0,monthly,dashboard
1807,782,557,2024-10-13,12100.0,monthly,dashboard
1808,783,558,2024-10-13,11100.0,monthly,dashboard
1809,783,558,2025-04-11,12000.0,monthly,follow_up
1810,785,559,2024-10-12,10700.0,monthly,dashboard
1811,785,559,2025-04-10,11100.0,monthly,follow_up
1812,785,559,2025-10-07,11800.0,monthly,follow_up
1813,786,560,2024-10-16,13900.0,monthly,dashboard
1814,786,560,2025-01-14,14400.0,monthly,follow_up
1815,786,560,2025-04-14,15700.0,monthly,follow_up
1816,786,560,2025-10-11,16100.0,monthly,follow_up
1817,787,561,2024-11-28,10100.0,monthly,dashboard
1818,787,561,2025-02-26,10600.0,monthly,follow_up
1819,787,561,2025-05-27,11100.0,monthly,follow_up
1820,787,561,2025-11-23,11300.0,monthly,follow_up
1821,788,562,2024-09-22,11600.0,monthly,dashboard
1822,788,562,2024-12-21,12400.0,monthly,follow_up
1823,788,562,2025-03-21,13200.0,monthly,follow_up
1824,788,562,2025-09-17,14200.0,monthly,follow_up
1825,790,563,2024-11-25,12100.0,monthly,dashboard
1826,790,563,2025-02-23,11900.0,monthly,follow_up
1827,790,563,2025-05-24,12700.0,monthly,follow_up
1828,791,564,2024-10-19,12300.0,monthly,dashboard
1829,791,564,2025-04-17,12600.0,monthly,follow_up
1830,791,564,2025-10-14,12700.0,monthly,follow_up
1831,792,565,2024-10-05,11500.0,monthly,dashboard
1832,792,565,2025-01-03,12100.0,monthly,follow_up
1833,792,565,2025-04-03,12400.0,monthly,follow_up
1834,792,565,2025-09-30,12600.0,monthly,follow_up
1835,793,566,2024-11-30,10200.0,monthly,dashboard
1836,793,566,2025-02-28,10900.0,monthly,follow_up
1837,793,566,2025-05-29,11400.0,monthly,follow_up
1838,793,566,2025-11-25,12100.0,monthly,follow_up
1839,795,567,2024-11-15,10100.0,monthly,dashboard
1840,795,567,2025-02-13,10700.0,monthly,follow_up
1841,797,568,2024-11-11,12200.0,monthly,dashboard
1842,797,568,2025-02-09,13200.0,monthly,follow_up
1843,797,568,2025-05-10,13300.0,monthly,follow_up
1844,797,568,2025-11-06,14000.0,monthly,follow_up
1845,798,569,2024-10-07,12500.0,monthly,dashboard
1846,798,569,2025-01-05,13200.0,monthly,follow_up
1847,798,569,2025-10-02,14600.0,monthly,follow_up
1848,800,570,2024-10-03,12900.0,monthly,dashboard
1849,800,570,2025-01-01,13400.0,monthly,follow_up
1850,800,570,2025-04-01,14200.0,monthly,follow_up
1851,803,571,2024-10-26,13500.0,monthly,dashboard
1852,803,571,2025-01-24,13700.0,monthly,follow_up
1853,803,571,2025-04-24,14800.0,monthly,follow_up
1854,803,571,2025-10-21,15200.0,monthly,follow_up
1855,806,572,2024-10-31,11200.0,monthly,dashboard
1856,806,572,2025-01-29,11600.0,monthly,follow_up
1857,806,572,2025-04-29,11700.0,monthly,follow_up
1858,806,572,2025-10-26,12100.0,monthly,follow_up
1859,808,573,2024-09-30,10300.0,monthly,dashboard
1860,808,573,2024-12-29,10800.0,monthly,follow_up
1861,808,573,2025-03-29,11300.0,monthly,follow_up
1862,808,573,2025-09-25,12400.0,monthly,follow_up
1863,809,574,2024-10-31,12200.0,monthly,dashboard
1864,810,575,2024-09-22,11300.0,monthly,dashboard
1865,810,575,2025-03-21,12700.0,monthly,follow_up
1866,810,575,2025-09-17,13400.0,monthly,follow_up
1867,811,576,2024-11-16,12900.0,monthly,dashboard
1868,811,576,2025-02-14,13300.0,monthly,follow_up
1869,811,576,2025-05-15,14100.0,monthly,follow_up
1870,812,577,2024-10-11,11300.0,monthly,dashboard
1871,812,577,2025-01-09,12100.0,monthly,follow_up
1872,812,577,2025-04-09,12400.0,monthly,follow_up
1873,812,577,2025-10-06,12800.0,monthly,follow_up
1874,813,578,2024-11-06,10300.0,monthly,dashboard
1875,813,578,2025-05-05,10200.0,monthly,follow_up
1876,817,579,2024-12-06,13800.0,monthly,dashboard
1877,817,579,2025-03-06,14600.0,monthly,follow_up
1878,817,579,2025-06-04,15200.0,monthly,follow_up
1879,817,579,2025-12-01,15600.0,monthly,follow_up
1880,820,580,2024-12-21,11800.0,monthly,dashboard
1881,820,580,2025-03-21,11900.0,monthly,follow_up
1882,820,580,2025-06-19,12000.0,monthly,follow_up
1883,820,580,2025-12-16,13100.0,monthly,follow_up
1884,823,581,2025-01-28,13400.0,monthly,dashboard
1885,823,581,2025-04-28,14000.0,monthly,follow_up
1886,823,581,2025-07-27,14700.0,monthly,follow_up
1887,823,581,2026-01-23,15900.0,monthly,follow_up
1888,826,582,2025-02-07,12200.0,monthly,dashboard
1889,826,582,2025-05-08,12300.0,monthly,follow_up
1890,826,582,2025-08-06,12600.0,monthly,follow_up
1891,826,582,2026-02-02,13100.0,monthly,follow_up
1892,827,583,2024-12-11,13000.0,monthly,dashboard
1893,831,584,2025-01-05,11700.0,monthly,dashboard
1894,831,584,2025-04-05,12300.0,monthly,follow_up
1895,832,585,2024-12-21,13300.0,monthly,dashboard
1896,833,586,2025-01-09,10600.0,monthly,dashboard
1897,833,586,2025-07-08,10900.0,monthly,follow_up
1898,833,586,2026-01-04,11300.0,monthly,follow_up
1899,836,587,2025-02-01,13900.0,monthly,dashboard
1900,836,587,2025-05-02,15300.0,monthly,follow_up
1901,836,587,2025-07-31,16600.0,monthly,follow_up
1902,836,587,2026-01-27,17100.0,monthly,follow_up
1903,839,588,2025-02-01,10900.0,monthly,dashboard
1904,839,588,2025-05-02,11400.0,monthly,follow_up
1905,839,588,2025-07-31,12500.0,monthly,follow_up
1906,839,588,2026-01-27,13400.0,monthly,follow_up
1907,840,589,2025-01-25,13800.0,monthly,dashboard
1908,840,589,2025-04-25,13800.0,monthly,follow_up
1909,840,589,2025-07-24,13100.0,monthly,follow_up
1910,840,589,2026-01-20,13000.0,monthly,follow_up
1911,841,590,2025-02-11,11400.0,monthly,dashboard
1912,841,590,2025-05-12,11800.0,monthly,follow_up
1913,841,590,2025-08-10,11700.0,monthly,follow_up
1914,841,590,2026-02-06,12600.0,monthly,follow_up
1915,842,591,2025-01-10,13300.0,monthly,dashboard
1916,842,591,2025-04-10,14200.0,monthly,follow_up
1917,843,592,2025-01-31,12600.0,monthly,dashboard
1918,843,592,2025-05-01,13800.0,monthly,follow_up
1919,843,592,2025-07-30,14500.0,monthly,follow_up
1920,843,592,2026-01-26,15900.0,monthly,follow_up
1921,845,593,2024-12-05,13300.0,monthly,dashboard
1922,845,593,2025-03-05,14600.0,monthly,follow_up
1923,845,593,2025-06-03,15300.0,monthly,follow_up
1924,845,593,2025-11-30,16000.0,monthly,follow_up
1925,847,594,2024-12-16,12500.0,monthly,dashboard
1926,847,594,2025-03-16,13000.0,monthly,follow_up
1927,847,594,2025-06-14,13300.0,monthly,follow_up
1928,847,594,2025-12-11,13700.0,monthly,follow_up
1929,848,595,2025-01-30,13400.0,monthly,dashboard
1930,848,595,2025-04-30,14500.0,monthly,follow_up
1931,848,595,2025-07-29,15400.0,monthly,follow_up
1932,849,596,2024-12-25,10100.0,monthly,dashboard
1933,849,596,2025-06-23,10900.0,monthly,follow_up
1934,849,596,2025-12-20,10900.0,monthly,follow_up
1935,850,597,2025-02-04,13900.0,monthly,dashboard
1936,850,597,2025-05-05,14900.0,monthly,follow_up
1937,850,597,2025-08-03,15800.0,monthly,follow_up
1938,850,597,2026-01-30,16500.0,monthly,follow_up
1939,851,598,2025-01-17,11900.0,monthly,dashboard
1940,852,599,2025-01-02,11100.0,monthly,dashboard
1941,852,599,2025-04-02,11600.0,monthly,follow_up
1942,852,599,2025-07-01,11700.0,monthly,follow_up
1943,852,599,2025-12-28,12500.0,monthly,follow_up
1944,853,600,2025-01-17,12700.0,monthly,dashboard
1945,853,600,2025-04-17,13800.0,monthly,follow_up
1946,853,600,2025-07-16,14300.0,monthly,follow_up
1947,853,600,2026-01-12,15200.0,monthly,follow_up
1948,854,601,2025-01-05,12100.0,monthly,dashboard
1949,854,601,2025-04-05,12200.0,monthly,follow_up
1950,854,601,2025-07-04,12500.0,monthly,follow_up
1951,855,602,2025-02-10,12500.0,monthly,dashboard
1952,855,602,2025-05-11,12800.0,monthly,follow_up
1953,855,602,2025-08-09,13400.0,monthly,follow_up
1954,855,602,2026-02-05,14400.0,monthly,follow_up
1955,856,603,2025-01-18,11100.0,monthly,dashboard
1956,857,604,2025-01-31,10800.0,monthly,dashboard
1957,857,604,2025-05-01,11500.0,monthly,follow_up
1958,857,604,2026-01-26,12000.0,monthly,follow_up
1959,859,605,2025-01-21,12100.0,monthly,dashboard
1960,859,605,2025-04-21,12200.0,monthly,follow_up
1961,860,606,2025-01-05,12800.0,monthly,dashboard
1962,860,606,2025-04-05,13600.0,monthly,follow_up
1963,860,606,2025-12-31,14200.0,monthly,follow_up
1964,861,607,2025-02-10,11300.0,monthly,dashboard
1965,861,607,2025-05-11,11100.0,monthly,follow_up
1966,861,607,2025-08-09,11800.0,monthly,follow_up
1967,861,607,2026-02-05,12400.0,monthly,follow_up
1968,862,608,2025-01-12,12800.0,monthly,dashboard
1969,862,608,2025-04-12,13500.0,monthly,follow_up
1970,863,609,2025-01-02,12900.0,monthly,dashboard
1971,863,609,2025-04-02,13900.0,monthly,follow_up
1972,863,609,2025-07-01,14900.0,monthly,follow_up
1973,863,609,2025-12-28,14900.0,monthly,follow_up
1974,865,610,2025-02-12,11200.0,monthly,dashboard
1975,865,610,2025-05-13,11900.0,monthly,follow_up
1976,865,610,2025-08-11,12800.0,monthly,follow_up
1977,865,610,2026-02-07,13200.0,monthly,follow_up
1978,866,611,2025-01-14,11500.0,monthly,dashboard
1979,867,612,2024-12-12,13300.0,monthly,dashboard
1980,867,612,2025-03-12,14300.0,monthly,follow_up
1981,867,612,2025-06-10,14900.0,monthly,follow_up
1982,867,612,2025-12-07,14800.0,monthly,follow_up
1983,868,613,2025-01-30,10000.0,monthly,dashboard
1984,868,613,2025-04-30,10700.0,monthly,follow_up
1985,868,613,2025-07-29,11000.0,monthly,follow_up
1986,868,613,2026-01-25,12200.0,monthly,follow_up
1987,869,614,2024-12-10,10700.0,monthly,dashboard
1988,869,614,2025-03-10,11400.0,monthly,follow_up
1989,871,615,2025-01-30,10300.0,monthly,dashboard
1990,871,615,2025-04-30,11200.0,monthly,follow_up
1991,871,615,2025-07-29,11300.0,monthly,follow_up
1992,871,615,2026-01-25,12200.0,monthly,follow_up
1993,872,616,2024-12-15,13900.0,monthly,dashboard
1994,872,616,2025-03-15,14600.0,monthly,follow_up
1995,872,616,2025-12-10,16000.0,monthly,follow_up
1996,873,617,2025-01-06,13500.0,monthly,dashboard
1997,873,617,2025-04-06,14200.0,monthly,follow_up
1998,873,617,2025-07-05,15100.0,monthly,follow_up
1999,873,617,2026-01-01,15600.0,monthly,follow_up
2000,875,618,2025-09-10,12100.0,monthly,dashboard
2001,875,618,2025-12-09,12500.0,monthly,follow_up
2002,875,618,2026-03-09,13400.0,monthly,follow_up
2003,875,618,2026-09-05,13700.0,monthly,follow_up
2004,876,619,2025-08-05,11700.0,monthly,dashboard
2005,876,619,2025-11-03,12700.0,monthly,follow_up
2006,877,620,2025-08-05,14200.0,monthly,dashboard
2007,877,620,2025-11-03,15500.0,monthly,follow_up
2008,877,620,2026-02-01,16500.0,monthly,follow_up
2009,877,620,2026-07-31,17700.0,monthly,follow_up
2010,878,621,2025-08-13,12400.0,monthly,dashboard
2011,878,621,2025-11-11,12900.0,monthly,follow_up
2012,878,621,2026-02-09,13300.0,monthly,follow_up
2013,879,622,2025-08-23,9400.0,monthly,dashboard
2014,879,622,2025-11-21,9800.0,monthly,follow_up
2015,880,623,2025-09-03,11600.0,monthly,dashboard
2016,880,623,2026-03-02,11900.0,monthly,follow_up
2017,880,623,2026-08-29,12500.0,monthly,follow_up
2018,881,624,2025-09-16,12700.0,monthly,dashboard
2019,881,624,2025-12-15,12800.0,monthly,follow_up
2020,881,624,2026-03-15,13100.0,monthly,follow_up
2021,881,624,2026-09-11,13700.0,monthly,follow_up
2022,883,625,2025-07-16,10600.0,monthly,dashboard
2023,883,625,2025-10-14,11000.0,monthly,follow_up
2024,883,625,2026-01-12,11500.0,monthly,follow_up
2025,883,625,2026-07-11,11600.0,monthly,follow_up
2026,884,626,2025-08-07,11300.0,monthly,dashboard
2027,884,626,2025-11-05,11800.0,monthly,follow_up
2028,884,626,2026-08-02,12700.0,monthly,follow_up
2029,886,627,2025-08-04,12600.0,monthly,dashboard
2030,886,627,2025-11-02,13500.0,monthly,follow_up
2031,886,627,2026-01-31,14000.0,monthly,follow_up
2032,886,627,2026-07-30,14300.0,monthly,follow_up
2033,887,628,2025-09-13,12600.0,monthly,dashboard
2034,887,628,2025-12-12,12400.0,monthly,follow_up
2035,887,628,2026-03-12,12200.0,monthly,follow_up
2036,887,628,2026-09-08,12600.0,monthly,follow_up
2037,891,629,2025-08-23,12300.0,monthly,dashboard
2038,891,629,2025-11-21,13100.0,monthly,follow_up
2039,891,629,2026-02-19,13400.0,monthly,follow_up
2040,892,630,2025-08-28,10800.0,monthly,dashboard
2041,895,631,2025-08-09,13400.0,monthly,dashboard
2042,895,631,2025-11-07,13600.0,monthly,follow_up
2043,895,631,2026-02-05,14300.0,monthly,follow_up
2044,895,631,2026-08-04,15000.0,monthly,follow_up
2045,896,632,2025-08-30,12300.0,monthly,dashboard
2046,896,632,2025-11-28,12800.0,monthly,follow_up
2047,896,632,2026-02-26,13800.0,monthly,follow_up
2048,896,632,2026-08-25,14400.0,monthly,follow_up
2049,898,633,2025-09-08,14600.0,monthly,dashboard
2050,898,633,2025-12-07,14700.0,monthly,follow_up
2051,898,633,2026-03-07,14400.0,monthly,follow_up
2052,898,633,2026-09-03,14300.0,monthly,follow_up
2053,900,634,2025-09-01,13900.0,monthly,dashboard
2054,900,634,2025-11-30,14100.0,monthly,follow_up
2055,902,635,2025-09-14,13600.0,monthly,dashboard
2056,902,635,2025-12-13,14900.0,monthly,follow_up
2057,902,635,2026-03-13,15300.0,monthly,follow_up
2058,902,635,2026-09-09,15500.0,monthly,follow_up
2059,903,636,2025-07-26,9600.0,monthly,dashboard
2060,903,636,2025-10-24,10000.0,monthly,follow_up
2061,903,636,2026-01-22,10300.0,monthly,follow_up
2062,903,636,2026-07-21,10900.0,monthly,follow_up
2063,905,637,2025-07-24,12100.0,monthly,dashboard
2064,905,637,2025-10-22,12400.0,monthly,follow_up
2065,905,637,2026-01-20,13100.0,monthly,follow_up
2066,905,637,2026-07-19,14100.0,monthly,follow_up
2067,906,638,2025-08-26,14200.0,monthly,dashboard
2068,906,638,2025-11-24,14300.0,monthly,follow_up
2069,906,638,2026-02-22,15300.0,monthly,follow_up
2070,906,638,2026-08-21,16200.0,monthly,follow_up
2071,909,639,2025-09-23,10800.0,monthly,dashboard
2072,909,639,2025-12-22,10900.0,monthly,follow_up
2073,909,639,2026-03-22,11700.0,monthly,follow_up
2074,909,639,2026-09-18,11800.0,monthly,follow_up
2075,910,640,2025-07-22,13000.0,monthly,dashboard
2076,910,640,2025-10-20,13700.0,monthly,follow_up
2077,910,640,2026-07-17,13700.0,monthly,follow_up
2078,911,641,2025-08-11,11300.0,monthly,dashboard
2079,913,642,2025-08-06,14200.0,monthly,dashboard
2080,913,642,2025-11-04,14500.0,monthly,follow_up
2081,913,642,2026-02-02,15400.0,monthly,follow_up
2082,913,642,2026-08-01,15800.0,monthly,follow_up
2083,916,643,2025-09-21,9400.0,monthly,dashboard
2084,916,643,2026-03-20,10100.0,monthly,follow_up
2085,916,643,2026-09-16,10600.0,monthly,follow_up
2086,918,644,2025-09-09,10500.0,monthly,dashboard
2087,918,644,2025-12-08,11000.0,monthly,follow_up
2088,918,644,2026-03-08,11200.0,monthly,follow_up
2089,924,645,2025-08-11,10600.0,monthly,dashboard
2090,924,645,2025-11-09,11300.0,monthly,follow_up
2091,924,645,2026-02-07,11700.0,monthly,follow_up
2092,924,645,2026-08-06,12100.0,monthly,follow_up
2093,927,646,2025-07-18,14000.0,monthly,dashboard
2094,927,646,2025-10-16,14200.0,monthly,follow_up
2095,927,646,2026-07-13,14300.0,monthly,follow_up
2096,930,647,2025-07-18,10600.0,monthly,dashboard
2097,931,648,2025-07-24,11200.0,monthly,dashboard
2098,931,648,2025-10-22,11900.0,monthly,follow_up
2099,931,648,2026-07-19,12900.0,monthly,follow_up
2100,932,649,2025-08-17,11200.0,monthly,dashboard
2101,932,649,2025-11-15,11800.0,monthly,follow_up
2102,932,649,2026-02-13,12200.0,monthly,follow_up
2103,932,649,2026-08-12,12300.0,monthly,follow_up
2104,933,650,2025-09-05,9900.0,monthly,dashboard
2105,933,650,2026-03-04,10400.0,monthly,follow_up
2106,934,651,2025-08-25,14700.0,monthly,dashboard
2107,935,652,2025-07-21,9700.0,monthly,dashboard
2108,935,652,2025-10-19,9800.0,monthly,follow_up
2109,935,652,2026-01-17,10100.0,monthly,follow_up
2110,935,652,2026-07-16,10600.0,monthly,follow_up
2111,936,653,2025-08-23,12900.0,monthly,dashboard
2112,936,653,2026-02-19,14100.0,monthly,follow_up
2113,936,653,2026-08-18,14600.0,monthly,follow_up
2114,937,654,2025-08-08,10300.0,monthly,dashboard
2115,937,654,2026-02-04,10400.0,monthly,follow_up
2116,937,654,2026-08-03,10600.0,monthly,follow_up
2117,938,655,2025-08-25,11400.0,monthly,dashboard
2118,938,655,2025-11-23,11900.0,monthly,follow_up
2119,938,655,2026-02-21,12100.0,monthly,follow_up
2120,938,655,2026-08-20,12800.0,monthly,follow_up
2121,939,656,2025-01-29,11900.0,monthly,dashboard
2122,939,656,2025-04-29,12500.0,monthly,follow_up
2123,941,657,2025-03-08,15000.0,monthly,dashboard
2124,941,657,2025-06-06,15800.0,monthly,follow_up
2125,941,657,2025-09-04,16200.0,monthly,follow_up
2126,943,658,2025-02-18,12000.0,monthly,dashboard
2127,943,658,2025-05-19,12200.0,monthly,follow_up
2128,943,658,2025-08-17,12600.0,monthly,follow_up
2129,943,658,2026-02-13,13200.0,monthly,follow_up
2130,944,659,2025-03-06,9700.0,monthly,dashboard
2131,944,659,2025-09-02,10200.0,monthly,follow_up
2132,944,659,2026-03-01,10700.0,monthly,follow_up
2133,945,660,2025-02-02,10700.0,monthly,dashboard
2134,945,660,2025-05-03,10800.0,monthly,follow_up
2135,945,660,2025-08-01,11200.0,monthly,follow_up
2136,945,660,2026-01-28,12400.0,monthly,follow_up
2137,946,661,2025-01-11,14500.0,monthly,dashboard
2138,947,662,2025-01-24,11700.0,monthly,dashboard
2139,947,662,2026-01-19,12000.0,monthly,follow_up
2140,949,663,2025-02-02,12400.0,monthly,dashboard
2141,949,663,2025-05-03,13500.0,monthly,follow_up
2142,949,663,2025-08-01,14200.0,monthly,follow_up
2143,949,663,2026-01-28,14500.0,monthly,follow_up
2144,951,664,2025-01-03,11200.0,monthly,dashboard
2145,951,664,2025-04-03,12600.0,monthly,follow_up
2146,951,664,2025-07-02,13100.0,monthly,follow_up
2147,951,664,2025-12-29,14200.0,monthly,follow_up
2148,952,665,2025-03-06,14600.0,monthly,dashboard
2149,952,665,2025-06-04,16100.0,monthly,follow_up
2150,952,665,2026-03-01,16500.0,monthly,follow_up
2151,953,666,2025-01-07,12400.0,monthly,dashboard
2152,953,666,2025-04-07,12600.0,monthly,follow_up
2153,953,666,2025-07-06,13100.0,monthly,follow_up
2154,953,666,2026-01-02,13800.0,monthly,follow_up
2155,954,667,2025-02-14,10700.0,monthly,dashboard
2156,954,667,2025-05-15,11400.0,monthly,follow_up
2157,954,667,2026-02-09,12100.0,monthly,follow_up
2158,957,668,2025-01-20,10700.0,monthly,dashboard
2159,957,668,2025-04-20,11400.0,monthly,follow_up
2160,957,668,2025-07-19,11900.0,monthly,follow_up
2161,958,669,2025-01-25,13800.0,monthly,dashboard
2162,958,669,2026-01-20,16000.0,monthly,follow_up
2163,959,670,2025-02-22,12700.0,monthly,dashboard
2164,960,671,2025-01-28,11800.0,monthly,dashboard
2165,960,671,2025-04-28,12600.0,monthly,follow_up
2166,960,671,2025-07-27,12900.0,monthly,follow_up
2167,963,672,2025-01-05,10700.0,monthly,dashboard
2168,963,672,2025-07-04,11200.0,monthly,follow_up
2169,963,672,2025-12-31,11800.0,monthly,follow_up
2170,964,673,2025-02-19,11300.0,monthly,dashboard
2171,964,673,2025-05-20,11500.0,monthly,follow_up
2172,964,673,2025-08-18,12200.0,monthly,follow_up
2173,964,673,2026-02-14,11800.0,monthly,follow_up
2174,966,674,2025-03-07,10300.0,monthly,dashboard
2175,966,674,2025-06-05,10500.0,monthly,follow_up
2176,966,674,2025-09-03,10800.0,monthly,follow_up
2177,968,675,2025-03-11,12300.0,monthly,dashboard
2178,968,675,2025-09-07,12900.0,monthly,follow_up
2179,968,675,2026-03-06,13500.0,monthly,follow_up
2180,969,676,2025-01-14,9800.0,monthly,dashboard
2181,969,676,2025-04-14,10300.0,monthly,follow_up
2182,969,676,2025-07-13,10900.0,monthly,follow_up
2183,969,676,2026-01-09,11300.0,monthly,follow_up
2184,970,677,2025-02-28,9200.0,monthly,dashboard
2185,970,677,2025-05-29,9400.0,monthly,follow_up
2186,970,677,2025-08-27,9900.0,monthly,follow_up
2187,970,677,2026-02-23,10300.0,monthly,follow_up
2188,971,678,2025-03-05,11300.0,monthly,dashboard
2189,971,678,2025-06-03,11700.0,monthly,follow_up
2190,971,678,2025-09-01,12800.0,monthly,follow_up
2191,971,678,2026-02-28,13700.0,monthly,follow_up
2192,973,679,2025-02-24,14400.0,monthly,dashboard
2193,973,679,2025-05-25,14000.0,monthly,follow_up
2194,973,679,2025-08-23,14500.0,monthly,follow_up
2195,973,679,2026-02-19,15100.0,monthly,follow_up
2196,976,680,2025-01-03,11900.0,monthly,dashboard
2197,976,680,2025-04-03,12800.0,monthly,follow_up
2198,976,680,2025-07-02,13800.0,monthly,follow_up
2199,976,680,2025-12-29,14800.0,monthly,follow_up
2200,977,681,2025-01-20,14000.0,monthly,dashboard
2201,977,681,2025-04-20,14900.0,monthly,follow_up
2202,977,681,2025-07-19,15700.0,monthly,follow_up
2203,977,681,2026-01-15,16700.0,monthly,follow_up
2204,978,682,2025-01-09,14300.0,monthly,dashboard
2205,978,682,2025-04-09,15000.0,monthly,follow_up
2206,978,682,2025-07-08,15500.0,monthly,follow_up
2207,978,682,2026-01-04,16100.0,monthly,follow_up
2208,979,683,2025-01-20,14500.0,monthly,dashboard
2209,979,683,2025-07-19,15200.0,monthly,follow_up
2210,982,684,2025-01-26,12800.0,monthly,dashboard
2211,982,684,2025-04-26,14000.0,monthly,follow_up
2212,982,684,2025-07-25,14500.0,monthly,follow_up
2213,982,684,2026-01-21,15200.0,monthly,follow_up
2214,986,685,2025-01-28,13100.0,monthly,dashboard
2215,986,685,2025-07-27,13900.0,monthly,follow_up
2216,986,685,2026-01-23,13800.0,monthly,follow_up
2217,987,686,2025-03-09,13700.0,monthly,dashboard
2218,987,686,2025-06-07,14500.0,monthly,follow_up
2219,987,686,2026-03-04,14500.0,monthly,follow_up
2220,988,687,2025-02-08,11300.0,monthly,dashboard
2221,988,687,2025-05-09,11600.0,monthly,follow_up
2222,988,687,2025-08-07,11900.0,monthly,follow_up
2223,991,688,2025-01-03,10100.0,monthly,dashboard
2224,991,688,2025-04-03,10600.0,monthly,follow_up
2225,991,688,2025-07-02,11000.0,monthly,follow_up
2226,993,689,2025-02-01,10400.0,monthly,dashboard
2227,993,689,2025-05-02,10700.0,monthly,follow_up
2228,993,689,2026-01-27,10800.0,monthly,follow_up
2229,998,690,2025-01-21,9500.0,monthly,dashboard
2230,998,690,2025-04-21,10300.0,monthly,follow_up
2231,998,690,2025-07-20,10700.0,monthly,follow_up
2232,998,690,2026-01-16,10700.0,monthly,follow_up
2233,1001,691,2024-12-31,10200.0,monthly,dashboard
2234,1001,691,2025-06-29,11200.0,monthly,follow_up
2235,1002,692,2025-01-11,9100.0,monthly,dashboard
2236,1002,692,2025-04-11,9800.0,monthly,follow_up
2237,1002,692,2025-07-10,10600.0,monthly,follow_up
2238,1002,692,2026-01-06,11400.0,monthly,follow_up
2239,1003,693,2025-01-29,14100.0,monthly,dashboard
2240,1003,693,2025-04-29,14700.0,monthly,follow_up
2241,1003,693,2025-07-28,16300.0,monthly,follow_up
2242,1003,693,2026-01-24,17000.0,monthly,follow_up
2243,1005,694,2024-11-13,14800.0,monthly,dashboard
2244,1005,694,2025-02-11,15700.0,monthly,follow_up
2245,1005,694,2025-05-12,16700.0,monthly,follow_up
2246,1006,695,2024-12-18,10000.0,monthly,dashboard
2247,1006,695,2025-03-18,10400.0,monthly,follow_up
2248,1006,695,2025-06-16,11100.0,monthly,follow_up
2249,1011,696,2024-12-31,9300.0,monthly,dashboard
2250,1011,696,2025-03-31,9500.0,monthly,follow_up
2251,1011,696,2025-06-29,9700.0,monthly,follow_up
2252,1011,696,2025-12-26,10400.0,monthly,follow_up
2253,1013,697,2024-11-10,12400.0,monthly,dashboard
2254,1013,697,2025-05-09,12600.0,monthly,follow_up
2255,1013,697,2025-11-05,13700.0,monthly,follow_up
2256,1015,698,2024-11-19,11600.0,monthly,dashboard
2257,1015,698,2025-02-17,11900.0,monthly,follow_up
2258,1015,698,2025-05-18,11900.0,monthly,follow_up
2259,1015,698,2025-11-14,12300.0,monthly,follow_up
2260,1017,699,2025-01-02,11400.0,monthly,dashboard
2261,1019,700,2024-12-08,13900.0,monthly,dashboard
2262,1019,700,2025-03-08,14500.0,monthly,follow_up
2263,1021,701,2024-12-01,15000.0,monthly,dashboard
2264,1021,701,2025-03-01,15900.0,monthly,follow_up
2265,1021,701,2025-05-30,16800.0,monthly,follow_up
2266,1025,702,2024-11-28,14300.0,monthly,dashboard
2267,1025,702,2025-02-26,14300.0,monthly,follow_up
2268,1028,703,2024-11-23,11800.0,monthly,dashboard
2269,1031,704,2024-11-27,9500.0,monthly,dashboard
2270,1031,704,2025-02-25,10300.0,monthly,follow_up
2271,1031,704,2025-05-26,11100.0,monthly,follow_up
2272,1031,704,2025-11-22,11300.0,monthly,follow_up
2273,1032,705,2024-12-18,9500.0,monthly,dashboard
2274,1032,705,2025-03-18,10000.0,monthly,follow_up
2275,1032,705,2025-06-16,11100.0,monthly,follow_up
2276,1032,705,2025-12-13,11500.0,monthly,follow_up
2277,1033,706,2024-12-31,13800.0,monthly,dashboard
2278,1033,706,2025-03-31,14700.0,monthly,follow_up
2279,1033,706,2025-06-29,15100.0,monthly,follow_up
2280,1033,706,2025-12-26,16100.0,monthly,follow_up
2281,1034,707,2024-11-25,14400.0,monthly,dashboard
2282,1034,707,2025-02-23,15200.0,monthly,follow_up
2283,1034,707,2025-05-24,16500.0,monthly,follow_up
2284,1034,707,2025-11-20,18200.0,monthly,follow_up
2285,1035,708,2024-11-10,13800.0,monthly,dashboard
2286,1035,708,2025-02-08,14700.0,monthly,follow_up
2287,1035,708,2025-05-09,15600.0,monthly,follow_up
2288,1035,708,2025-11-05,17000.0,monthly,follow_up
2289,1036,709,2024-11-17,13400.0,monthly,dashboard
2290,1036,709,2025-02-15,14000.0,monthly,follow_up
2291,1036,709,2025-05-16,14400.0,monthly,follow_up
2292,1036,709,2025-11-12,15100.0,monthly,follow_up
2293,1037,710,2024-11-26,10400.0,monthly,dashboard
2294,1039,711,2024-12-10,11500.0,monthly,dashboard
2295,1039,711,2025-03-10,11800.0,monthly,follow_up
2296,1039,711,2025-06-08,12700.0,monthly,follow_up
2297,1039,711,2025-12-05,13000.0,monthly,follow_up
2298,1042,712,2024-12-17,10700.0,monthly,dashboard
2299,1042,712,2025-03-17,11200.0,monthly,follow_up
2300,1042,712,2025-06-15,11800.0,monthly,follow_up
2301,1042,712,2025-12-12,12500.0,monthly,follow_up
2302,1044,713,2024-12-24,9400.0,monthly,dashboard
2303,1044,713,2025-03-24,9600.0,monthly,follow_up
2304,1044,713,2025-06-22,10300.0,monthly,follow_up
2305,1044,713,2025-12-19,10800.0,monthly,follow_up
2306,1045,714,2024-12-10,10900.0,monthly,dashboard
2307,1045,714,2025-03-10,12400.0,monthly,follow_up
2308,1045,714,2025-06-08,12800.0,monthly,follow_up
2309,1046,715,2024-11-14,12800.0,monthly,dashboard
2310,1047,716,2024-12-05,9800.0,monthly,dashboard
2311,1047,716,2025-06-03,10100.0,monthly,follow_up
2312,1048,717,2024-11-24,9500.0,monthly,dashboard
2313,1048,717,2025-02-22,10200.0,monthly,follow_up
2314,1048,717,2025-05-23,11000.0,monthly,follow_up
2315,1050,718,2024-12-13,13100.0,monthly,dashboard
2316,1050,718,2025-06-11,13900.0,monthly,follow_up
2317,1051,719,2024-12-28,12500.0,monthly,dashboard
2318,1051,719,2025-03-28,13100.0,monthly,follow_up
2319,1051,719,2025-12-23,13700.0,monthly,follow_up
2320,1052,720,2024-12-29,14000.0,monthly,dashboard
2321,1052,720,2025-03-29,14100.0,monthly,follow_up
2322,1052,720,2025-06-27,14600.0,monthly,follow_up
2323,1053,721,2024-12-12,12400.0,monthly,dashboard
2324,1053,721,2025-03-12,13400.0,monthly,follow_up
2325,1053,721,2025-06-10,14000.0,monthly,follow_up
2326,1054,722,2024-11-14,11000.0,monthly,dashboard
2327,1054,722,2025-02-12,11900.0,monthly,follow_up
2328,1054,722,2025-05-13,12500.0,monthly,follow_up
2329,1054,722,2025-11-09,13400.0,monthly,follow_up
2330,1055,723,2024-12-27,11500.0,monthly,dashboard
2331,1057,724,2024-11-20,11600.0,monthly,dashboard
2332,1059,725,2025-01-16,10300.0,monthly,dashboard
2333,1059,725,2025-04-16,10600.0,monthly,follow_up
2334,1059,725,2025-07-15,11100.0,monthly,follow_up
2335,1059,725,2026-01-11,12200.0,monthly,follow_up
2336,1060,726,2024-11-21,11600.0,monthly,dashboard
2337,1060,726,2025-02-19,12300.0,monthly,follow_up
2338,1060,726,2025-05-20,12300.0,monthly,follow_up
2339,1060,726,2025-11-16,12800.0,monthly,follow_up
2340,1063,727,2024-12-01,10800.0,monthly,dashboard
2341,1063,727,2025-03-01,10600.0,monthly,follow_up
2342,1063,727,2025-05-30,11000.0,monthly,follow_up
2343,1064,728,2024-12-15,9900.0,monthly,dashboard
2344,1064,728,2025-06-13,10400.0,monthly,follow_up
2345,1065,729,2024-11-09,10000.0,monthly,dashboard
2346,1065,729,2025-02-07,10700.0,monthly,follow_up
2347,1065,729,2025-11-04,11300.0,monthly,follow_up
2348,1066,730,2024-06-12,11600.0,monthly,dashboard
2349,1066,730,2024-09-10,12100.0,monthly,follow_up
2350,1066,730,2024-12-09,12900.0,monthly,follow_up
2351,1066,730,2025-06-07,13700.0,monthly,follow_up
2352,1069,731,2024-07-20,14900.0,monthly,dashboard
2353,1069,731,2024-10-18,15700.0,monthly,follow_up
2354,1069,731,2025-01-16,16600.0,monthly,follow_up
2355,1070,732,2024-06-18,13900.0,monthly,dashboard
2356,1070,732,2024-09-16,14100.0,monthly,follow_up
2357,1070,732,2024-12-15,15100.0,monthly,follow_up
2358,1070,732,2025-06-13,15300.0,monthly,follow_up
2359,1071,733,2024-07-26,11300.0,monthly,dashboard
2360,1071,733,2025-01-22,12100.0,monthly,follow_up
2361,1071,733,2025-07-21,11700.0,monthly,follow_up
2362,1077,734,2024-06-01,13900.0,monthly,dashboard
2363,1077,734,2024-08-30,14500.0,monthly,follow_up
2364,1077,734,2024-11-28,15300.0,monthly,follow_up
2365,1077,734,2025-05-27,16000.0,monthly,follow_up
2366,1078,735,2024-07-19,14200.0,monthly,dashboard
2367,1078,735,2024-10-17,15300.0,monthly,follow_up
2368,1078,735,2025-01-15,15900.0,monthly,follow_up
2369,1078,735,2025-07-14,16400.0,monthly,follow_up
2370,1081,736,2024-05-27,13500.0,monthly,dashboard
2371,1081,736,2024-08-25,14000.0,monthly,follow_up
2372,1081,736,2024-11-23,15100.0,monthly,follow_up
2373,1081,736,2025-05-22,16200.0,monthly,follow_up
2374,1082,737,2024-07-07,10900.0,monthly,dashboard
2375,1082,737,2025-07-02,11000.0,monthly,follow_up
2376,1084,738,2024-06-26,11600.0,monthly,dashboard
2377,1084,738,2024-09-24,11600.0,monthly,follow_up
2378,1084,738,2024-12-23,12000.0,monthly,follow_up
2379,1084,738,2025-06-21,12800.0,monthly,follow_up
2380,1086,739,2024-07-04,14600.0,monthly,dashboard
2381,1086,739,2024-10-02,15600.0,monthly,follow_up
2382,1086,739,2024-12-31,16700.0,monthly,follow_up
2383,1086,739,2025-06-29,16400.0,monthly,follow_up
2384,1088,740,2024-07-22,12500.0,monthly,dashboard
2385,1088,740,2024-10-20,12800.0,monthly,follow_up
2386,1088,740,2025-01-18,13300.0,monthly,follow_up
2387,1088,740,2025-07-17,13400.0,monthly,follow_up
2388,1089,741,2024-07-16,13700.0,monthly,dashboard
2389,1089,741,2024-10-14,14200.0,monthly,follow_up
2390,1089,741,2025-01-12,15000.0,monthly,follow_up
2391,1089,741,2025-07-11,15200.0,monthly,follow_up
2392,1090,742,2024-06-13,13200.0,monthly,dashboard
2393,1090,742,2024-09-11,13600.0,monthly,follow_up
2394,1093,743,2024-06-23,10900.0,monthly,dashboard
2395,1093,743,2024-09-21,11400.0,monthly,follow_up
2396,1093,743,2024-12-20,11900.0,monthly,follow_up
2397,1093,743,2025-06-18,13200.0,monthly,follow_up
2398,1094,744,2024-06-04,11700.0,monthly,dashboard
2399,1096,745,2024-07-05,11100.0,monthly,dashboard
2400,1096,745,2024-10-03,11500.0,monthly,follow_up
2401,1096,745,2025-01-01,11600.0,monthly,follow_up
2402,1096,745,2025-06-30,11500.0,monthly,follow_up
2403,1108,746,2024-07-18,14500.0,monthly,dashboard
2404,1108,746,2024-10-16,15500.0,monthly,follow_up
2405,1108,746,2025-07-13,15400.0,monthly,follow_up
2406,1109,747,2024-07-18,14200.0,monthly,dashboard
2407,1109,747,2024-10-16,14400.0,monthly,follow_up
2408,1110,748,2024-06-01,9800.0,monthly,dashboard
2409,1110,748,2024-08-30,10300.0,monthly,follow_up
2410,1110,748,2024-11-28,10400.0,monthly,follow_up
2411,1110,748,2025-05-27,11000.0,monthly,follow_up
2412,1111,749,2024-06-21,11400.0,monthly,dashboard
2413,1111,749,2024-12-18,11700.0,monthly,follow_up
2414,1111,749,2025-06-16,12200.0,monthly,follow_up
2415,1113,750,2024-06-22,11600.0,monthly,dashboard
2416,1113,750,2024-09-20,12500.0,monthly,follow_up
2417,1113,750,2025-06-17,13400.0,monthly,follow_up
2418,1114,751,2024-07-20,14700.0,monthly,dashboard
2419,1114,751,2025-01-16,15200.0,monthly,follow_up
2420,1114,751,2025-07-15,15900.0,monthly,follow_up
2421,1115,752,2024-06-20,10200.0,monthly,dashboard
2422,1116,753,2024-06-07,9200.0,monthly,dashboard
2423,1116,753,2024-09-05,9700.0,monthly,follow_up
2424,1116,753,2024-12-04,9900.0,monthly,follow_up
2425,1116,753,2025-06-02,10500.0,monthly,follow_up
2426,1117,754,2024-07-13,13400.0,monthly,dashboard
2427,1117,754,2024-10-11,14200.0,monthly,follow_up
2428,1117,754,2025-01-09,15100.0,monthly,follow_up
2429,1117,754,2025-07-08,14700.0,monthly,follow_up
2430,1121,755,2024-06-30,14000.0,monthly,dashboard
2431,1121,755,2024-09-28,15100.0,monthly,follow_up
2432,1121,755,2024-12-27,16100.0,monthly,follow_up
2433,1123,756,2024-07-12,13000.0,monthly,dashboard
2434,1123,756,2024-10-10,14300.0,monthly,follow_up
2435,1123,756,2025-01-08,15100.0,monthly,follow_up
2436,1123,756,2025-07-07,14900.0,monthly,follow_up
2437,1124,757,2024-07-18,13000.0,monthly,dashboard
2438,1124,757,2024-10-16,13500.0,monthly,follow_up
2439,1124,757,2025-01-14,14100.0,monthly,follow_up
2440,1127,758,2024-06-18,10100.0,monthly,dashboard
2441,1127,758,2024-09-16,11200.0,monthly,follow_up
2442,1127,758,2024-12-15,11500.0,monthly,follow_up
2443,1127,758,2025-06-13,12200.0,monthly,follow_up
2444,1132,759,2024-06-14,11900.0,monthly,dashboard
2445,1132,759,2024-09-12,11900.0,monthly,follow_up
2446,1132,759,2024-12-11,12100.0,monthly,follow_up
2447,1132,759,2025-06-09,12900.0,monthly,follow_up
2448,1133,760,2024-06-02,9000.0,monthly,dashboard
2449,1133,760,2024-08-31,9000.0,monthly,follow_up
2450,1133,760,2025-05-28,9100.0,monthly,follow_up
2451,1134,761,2024-05-10,12100.0,monthly,dashboard
2452,1134,761,2024-08-08,12300.0,monthly,follow_up
2453,1134,761,2024-11-06,12900.0,monthly,follow_up
2454,1143,762,2024-05-31,10600.0,monthly,dashboard
2455,1143,762,2024-08-29,11100.0,monthly,follow_up
2456,1143,762,2024-11-27,11700.0,monthly,follow_up
2457,1143,762,2025-05-26,12100.0,monthly,follow_up
2458,1148,763,2024-06-21,9000.0,monthly,dashboard
2459,1148,763,2025-06-16,9400.0,monthly,follow_up
2460,1152,764,2024-05-20,11400.0,monthly,dashboard
2461,1153,765,2024-05-04,9700.0,monthly,dashboard
2462,1153,765,2024-08-02,9500.0,monthly,follow_up
2463,1153,765,2025-04-29,9500.0,monthly,follow_up
2464,1157,766,2024-05-17,11000.0,monthly,dashboard
2465,1157,766,2024-08-15,11600.0,monthly,follow_up
2466,1157,766,2024-11-13,12000.0,monthly,follow_up
2467,1161,767,2024-07-06,10600.0,monthly,dashboard
2468,1161,767,2024-10-04,10700.0,monthly,follow_up
2469,1161,767,2025-01-02,11400.0,monthly,follow_up
2470,1161,767,2025-07-01,11900.0,monthly,follow_up
2471,1162,768,2024-06-21,10200.0,monthly,dashboard
2472,1162,768,2024-09-19,10500.0,monthly,follow_up
2473,1162,768,2024-12-18,11100.0,monthly,follow_up
2474,1162,768,2025-06-16,11500.0,monthly,follow_up
2475,1163,769,2024-06-13,10800.0,monthly,dashboard
2476,1163,769,2024-09-11,11900.0,monthly,follow_up
2477,1163,769,2024-12-10,12400.0,monthly,follow_up
2478,1165,770,2024-06-25,9400.0,monthly,dashboard
2479,1165,770,2024-09-23,9900.0,monthly,follow_up
2480,1165,770,2024-12-22,10400.0,monthly,follow_up
2481,1165,770,2025-06-20,10800.0,monthly,follow_up
2482,1168,771,2024-06-01,9300.0,monthly,dashboard
2483,1169,772,2024-06-05,10200.0,monthly,dashboard
2484,1169,772,2024-09-03,10500.0,monthly,follow_up
2485,1169,772,2024-12-02,10800.0,monthly,follow_up
2486,1169,772,2025-05-31,11800.0,monthly,follow_up
2487,1170,773,2024-06-26,11800.0,monthly,dashboard
2488,1170,773,2025-06-21,12400.0,monthly,follow_up
2489,1173,774,2024-05-15,11500.0,monthly,dashboard
2490,1173,774,2024-08-13,12200.0,monthly,follow_up
2491,1173,774,2025-05-10,12100.0,monthly,follow_up
2492,1174,775,2024-06-06,9200.0,monthly,dashboard
2493,1174,775,2024-09-04,9800.0,monthly,follow_up
2494,1174,775,2024-12-03,9700.0,monthly,follow_up
2495,1174,775,2025-06-01,10200.0,monthly,follow_up
2496,1175,776,2024-06-03,10400.0,monthly,dashboard
2497,1175,776,2024-11-30,11000.0,monthly,follow_up
2498,1175,776,2025-05-29,11400.0,monthly,follow_up
2499,1176,777,2024-05-29,10300.0,monthly,dashboard
2500,1176,777,2024-08-27,10500.0,monthly,follow_up
2501,1176,777,2024-11-25,10800.0,monthly,follow_up
2502,1176,777,2025-05-24,11000.0,monthly,follow_up
2503,1178,778,2024-06-23,11700.0,monthly,dashboard
2504,1178,778,2024-09-21,12500.0,monthly,follow_up
2505,1178,778,2024-12-20,13300.0,monthly,follow_up
2506,1178,778,2025-06-18,14700.0,monthly,follow_up
2507,1180,779,2024-05-01,9500.0,monthly,dashboard
2508,1180,779,2024-10-28,10100.0,monthly,follow_up
2509,1183,780,2024-05-29,9500.0,monthly,dashboard
2510,1183,780,2024-08-27,9300.0,monthly,follow_up
2511,1185,781,2024-05-22,9300.0,monthly,dashboard
2512,1186,782,2024-05-28,12600.0,monthly,dashboard
2513,1186,782,2024-08-26,12600.0,monthly,follow_up
2514,1186,782,2024-11-24,13700.0,monthly,follow_up
2515,1187,783,2024-05-09,12300.0,monthly,dashboard
2516,1187,783,2024-08-07,13000.0,monthly,follow_up
2517,1187,783,2024-11-05,13300.0,monthly,follow_up
2518,1187,783,2025-05-04,14100.0,monthly,follow_up
2519,1190,784,2025-07-07,12300.0,monthly,dashboard
2520,1190,784,2025-10-05,12800.0,monthly,follow_up
2521,1190,784,2026-01-03,13500.0,monthly,follow_up
2522,1190,784,2026-07-02,14300.0,monthly,follow_up
2523,1191,785,2025-07-09,11300.0,monthly,dashboard
2524,1191,785,2025-10-07,11300.0,monthly,follow_up
2525,1191,785,2026-01-05,12000.0,monthly,follow_up
2526,1191,785,2026-07-04,12800.0,monthly,follow_up
2527,1193,786,2025-07-08,10500.0,monthly,dashboard
2528,1194,787,2025-06-04,12700.0,monthly,dashboard
2529,1194,787,2025-09-02,13500.0,monthly,follow_up
2530,1194,787,2026-05-30,13600.0,monthly,follow_up
2531,1195,788,2025-07-15,12900.0,monthly,dashboard
2532,1195,788,2026-01-11,14000.0,monthly,follow_up
2533,1195,788,2026-07-10,14100.0,monthly,follow_up
2534,1196,789,2025-07-01,12100.0,monthly,dashboard
2535,1196,789,2025-12-28,12900.0,monthly,follow_up
2536,1197,790,2025-05-23,10800.0,monthly,dashboard
2537,1197,790,2025-08-21,11200.0,monthly,follow_up
2538,1197,790,2025-11-19,11400.0,monthly,follow_up
2539,1198,791,2025-06-16,11000.0,monthly,dashboard
2540,1198,791,2025-09-14,10900.0,monthly,follow_up
2541,1198,791,2025-12-13,11100.0,monthly,follow_up
2542,1198,791,2026-06-11,11500.0,monthly,follow_up
2543,1199,792,2025-05-25,11100.0,monthly,dashboard
2544,1199,792,2025-08-23,11400.0,monthly,follow_up
2545,1199,792,2025-11-21,12400.0,monthly,follow_up
2546,1201,793,2025-07-04,12500.0,monthly,dashboard
2547,1201,793,2025-10-02,13100.0,monthly,follow_up
2548,1201,793,2025-12-31,14500.0,monthly,follow_up
2549,1201,793,2026-06-29,16000.0,monthly,follow_up
2550,1208,794,2025-05-26,11700.0,monthly,dashboard
2551,1208,794,2025-08-24,11600.0,monthly,follow_up
2552,1208,794,2025-11-22,12500.0,monthly,follow_up
2553,1208,794,2026-05-21,13400.0,monthly,follow_up
2554,1210,795,2025-06-03,12300.0,monthly,dashboard
2555,1210,795,2025-09-01,12700.0,monthly,follow_up
2556,1210,795,2025-11-30,12900.0,monthly,follow_up
2557,1210,795,2026-05-29,12800.0,monthly,follow_up
2558,1211,796,2025-06-24,9600.0,monthly,dashboard
2559,1211,796,2025-09-22,9700.0,monthly,follow_up
2560,1211,796,2025-12-21,10000.0,monthly,follow_up
2561,1211,796,2026-06-19,10900.0,monthly,follow_up
2562,1212,797,2025-05-22,12800.0,monthly,dashboard
2563,1212,797,2025-08-20,13400.0,monthly,follow_up
2564,1212,797,2025-11-18,13400.0,monthly,follow_up
2565,1215,798,2025-07-17,12900.0,monthly,dashboard
2566,1215,798,2025-10-15,13700.0,monthly,follow_up
2567,1215,798,2026-01-13,14400.0,monthly,follow_up
2568,1217,799,2025-07-10,11900.0,monthly,dashboard
2569,1218,800,2025-06-15,10000.0,monthly,dashboard
2570,1218,800,2025-09-13,10500.0,monthly,follow_up
2571,1218,800,2025-12-12,11700.0,monthly,follow_up
2572,1218,800,2026-06-10,11700.0,monthly,follow_up
2573,1220,801,2025-07-19,11100.0,monthly,dashboard
2574,1220,801,2026-01-15,11700.0,monthly,follow_up
2575,1220,801,2026-07-14,12200.0,monthly,follow_up
2576,1224,802,2025-05-22,10400.0,monthly,dashboard
2577,1224,802,2025-08-20,10600.0,monthly,follow_up
2578,1224,802,2025-11-18,10500.0,monthly,follow_up
2579,1225,803,2025-06-12,11900.0,monthly,dashboard
2580,1225,803,2025-09-10,11900.0,monthly,follow_up
2581,1231,804,2025-05-25,12000.0,monthly,dashboard
2582,1231,804,2025-08-23,11800.0,monthly,follow_up
2583,1233,805,2025-05-23,10300.0,monthly,dashboard
2584,1233,805,2025-08-21,10800.0,monthly,follow_up
2585,1233,805,2025-11-19,11100.0,monthly,follow_up
2586,1233,805,2026-05-18,11100.0,monthly,follow_up
2587,1235,806,2025-06-01,10900.0,monthly,dashboard
2588,1235,806,2025-08-30,11000.0,monthly,follow_up
2589,1238,807,2025-05-28,9900.0,monthly,dashboard
2590,1238,807,2025-08-26,10200.0,monthly,follow_up
2591,1238,807,2025-11-24,11100.0,monthly,follow_up
2592,1238,807,2026-05-23,11800.0,monthly,follow_up
2593,1240,808,2025-06-20,9800.0,monthly,dashboard
2594,1240,808,2025-09-18,10500.0,monthly,follow_up
2595,1241,809,2025-06-27,9200.0,monthly,dashboard
2596,1242,810,2025-06-01,9400.0,monthly,dashboard
2597,1242,810,2025-11-28,9900.0,monthly,follow_up
2598,1242,810,2026-05-27,10400.0,monthly,follow_up
2599,1243,811,2025-06-04,9300.0,monthly,dashboard
2600,1243,811,2025-09-02,9800.0,monthly,follow_up
2601,1243,811,2025-12-01,10100.0,monthly,follow_up
2602,1243,811,2026-05-30,10500.0,monthly,follow_up
2603,1247,812,2025-05-24,10700.0,monthly,dashboard
2604,1247,812,2025-08-22,10600.0,monthly,follow_up
2605,1247,812,2025-11-20,11100.0,monthly,follow_up
2606,1247,812,2026-05-19,11800.0,monthly,follow_up
2607,1248,813,2025-07-04,11000.0,monthly,dashboard
2608,1248,813,2025-10-02,11100.0,monthly,follow_up
2609,1248,813,2025-12-31,11600.0,monthly,follow_up
2610,1248,813,2026-06-29,12000.0,monthly,follow_up
2611,1249,814,2025-06-10,9700.0,monthly,dashboard
2612,1249,814,2025-09-08,10200.0,monthly,follow_up
2613,1249,814,2025-12-07,11300.0,monthly,follow_up
2614,1249,814,2026-06-05,11900.0,monthly,follow_up
2615,1253,815,2024-07-23,9700.0,monthly,dashboard
2616,1253,815,2024-10-21,9600.0,monthly,follow_up
2617,1255,816,2024-06-25,10600.0,monthly,dashboard
2618,1255,816,2024-09-23,11000.0,monthly,follow_up
2619,1255,816,2025-06-20,12200.0,monthly,follow_up
2620,1257,817,2024-07-28,9900.0,monthly,dashboard
2621,1257,817,2024-10-26,10800.0,monthly,follow_up
2622,1257,817,2025-01-24,11600.0,monthly,follow_up
2623,1258,818,2024-06-29,12700.0,monthly,dashboard
2624,1258,818,2024-09-27,12700.0,monthly,follow_up
2625,1258,818,2024-12-26,12700.0,monthly,follow_up
2626,1258,818,2025-06-24,12900.0,monthly,follow_up
2627,1261,819,2024-06-28,12500.0,monthly,dashboard
2628,1261,819,2024-09-26,13600.0,monthly,follow_up
2629,1261,819,2024-12-25,14400.0,monthly,follow_up
2630,1261,819,2025-06-23,15600.0,monthly,follow_up
2631,1262,820,2024-07-02,11600.0,monthly,dashboard
2632,1262,820,2024-09-30,11600.0,monthly,follow_up
2633,1262,820,2024-12-29,11800.0,monthly,follow_up
2634,1262,820,2025-06-27,13000.0,monthly,follow_up
2635,1264,821,2024-06-29,9900.0,monthly,dashboard
2636,1268,822,2024-07-14,12800.0,monthly,dashboard
2637,1268,822,2025-01-10,13600.0,monthly,follow_up
2638,1270,823,2024-06-12,11700.0,monthly,dashboard
2639,1272,824,2024-08-13,11600.0,monthly,dashboard
2640,1272,824,2024-11-11,11900.0,monthly,follow_up
2641,1272,824,2025-02-09,12500.0,monthly,follow_up
2642,1272,824,2025-08-08,13400.0,monthly,follow_up
2643,1274,825,2024-07-06,10400.0,monthly,dashboard
2644,1274,825,2024-10-04,10600.0,monthly,follow_up
2645,1274,825,2025-07-01,11000.0,monthly,follow_up
2646,1278,826,2024-07-26,11400.0,monthly,dashboard
2647,1278,826,2024-10-24,12300.0,monthly,follow_up
2648,1278,826,2025-01-22,12800.0,monthly,follow_up
2649,1278,826,2025-07-21,13900.0,monthly,follow_up
2650,1280,827,2024-07-18,10500.0,monthly,dashboard
2651,1280,827,2024-10-16,11300.0,monthly,follow_up
2652,1280,827,2025-01-14,11500.0,monthly,follow_up
2653,1280,827,2025-07-13,11700.0,monthly,follow_up
2654,1283,828,2024-08-09,12000.0,monthly,dashboard
2655,1283,828,2024-11-07,11900.0,monthly,follow_up
2656,1286,829,2024-07-29,9800.0,monthly,dashboard
2657,1286,829,2024-10-27,10200.0,monthly,follow_up
2658,1286,829,2025-01-25,10300.0,monthly,follow_up
2659,1286,829,2025-07-24,10300.0,monthly,follow_up
2660,1289,830,2024-07-22,10100.0,monthly,dashboard
2661,1289,830,2024-10-20,10100.0,monthly,follow_up
2662,1289,830,2025-01-18,10300.0,monthly,follow_up
2663,1290,831,2024-06-07,10400.0,monthly,dashboard
2664,1290,831,2024-09-05,10800.0,monthly,follow_up
2665,1290,831,2024-12-04,11400.0,monthly,follow_up
2666,1291,832,2024-07-12,12800.0,monthly,dashboard
2667,1291,832,2024-10-10,13200.0,monthly,follow_up
2668,1291,832,2025-01-08,14100.0,monthly,follow_up
2669,1293,833,2024-08-08,10200.0,monthly,dashboard
2670,1293,833,2024-11-06,11400.0,monthly,follow_up
2671,1293,833,2025-02-04,11600.0,monthly,follow_up
2672,1293,833,2025-08-03,12300.0,monthly,follow_up
2673,1294,834,2024-07-22,9900.0,monthly,dashboard
2674,1294,834,2024-10-20,10400.0,monthly,follow_up
2675,1294,834,2025-01-18,11200.0,monthly,follow_up
2676,1294,834,2025-07-17,11800.0,monthly,follow_up
2677,1295,835,2024-07-14,11900.0,monthly,dashboard
2678,1295,835,2024-10-12,12300.0,monthly,follow_up
2679,1295,835,2025-01-10,13000.0,monthly,follow_up
2680,1297,836,2024-06-14,11100.0,monthly,dashboard
2681,1297,836,2024-09-12,12100.0,monthly,follow_up
2682,1297,836,2025-06-09,12500.0,monthly,follow_up
2683,1302,837,2024-08-12,12900.0,monthly,dashboard
2684,1302,837,2024-11-10,13600.0,monthly,follow_up
2685,1302,837,2025-02-08,13400.0,monthly,follow_up
2686,1302,837,2025-08-07,14200.0,monthly,follow_up
2687,1303,838,2024-07-26,9200.0,monthly,dashboard
2688,1303,838,2025-01-22,9700.0,monthly,follow_up
2689,1303,838,2025-07-21,9700.0,monthly,follow_up
2690,1304,839,2024-07-30,12500.0,monthly,dashboard
2691,1304,839,2025-01-26,12800.0,monthly,follow_up
2692,1304,839,2025-07-25,13200.0,monthly,follow_up
2693,1307,840,2024-06-21,11600.0,monthly,dashboard
2694,1307,840,2024-09-19,12200.0,monthly,follow_up
2695,1308,841,2024-06-25,11500.0,monthly,dashboard
2696,1308,841,2024-09-23,12100.0,monthly,follow_up
2697,1308,841,2024-12-22,12500.0,monthly,follow_up
2698,1308,841,2025-06-20,12900.0,monthly,follow_up
2699,1309,842,2024-06-10,10700.0,monthly,dashboard
2700,1309,842,2024-09-08,11200.0,monthly,follow_up
2701,1309,842,2024-12-07,11500.0,monthly,follow_up
2702,1310,843,2024-07-17,9500.0,monthly,dashboard
2703,1310,843,2024-10-15,9500.0,monthly,follow_up
2704,1310,843,2025-01-13,9800.0,monthly,follow_up
2705,1310,843,2025-07-12,10100.0,monthly,follow_up
2706,1313,844,2025-03-28,10200.0,monthly,dashboard
2707,1313,844,2025-06-26,10600.0,monthly,follow_up
2708,1313,844,2025-09-24,11600.0,monthly,follow_up
2709,1313,844,2026-03-23,12800.0,monthly,follow_up
2710,1319,845,2025-03-22,10100.0,monthly,dashboard
2711,1319,845,2025-06-20,10200.0,monthly,follow_up
2712,1319,845,2025-09-18,10400.0,monthly,follow_up
2713,1319,845,2026-03-17,10800.0,monthly,follow_up
2714,1321,846,2025-03-02,10300.0,monthly,dashboard
2715,1321,846,2025-05-31,10700.0,monthly,follow_up
2716,1321,846,2025-08-29,11000.0,monthly,follow_up
2717,1321,846,2026-02-25,10700.0,monthly,follow_up
2718,1322,847,2025-03-03,11400.0,monthly,dashboard
2719,1322,847,2025-06-01,12400.0,monthly,follow_up
2720,1322,847,2025-08-30,13100.0,monthly,follow_up
2721,1322,847,2026-02-26,14000.0,monthly,follow_up
2722,1323,848,2025-02-28,10700.0,monthly,dashboard
2723,1323,848,2025-08-27,10800.0,monthly,follow_up
2724,1323,848,2026-02-23,11500.0,monthly,follow_up
2725,1325,849,2025-02-20,12400.0,monthly,dashboard
2726,1325,849,2025-05-21,13000.0,monthly,follow_up
2727,1325,849,2025-08-19,12800.0,monthly,follow_up
2728,1326,850,2025-03-21,11400.0,monthly,dashboard
2729,1326,850,2025-06-19,12000.0,monthly,follow_up
2730,1326,850,2025-09-17,12400.0,monthly,follow_up
2731,1326,850,2026-03-16,12800.0,monthly,follow_up
2732,1327,851,2025-04-25,10300.0,monthly,dashboard
2733,1327,851,2025-07-24,10500.0,monthly,follow_up
2734,1329,852,2025-03-21,12800.0,monthly,dashboard
2735,1329,852,2025-06-19,13100.0,monthly,follow_up
2736,1332,853,2025-04-18,11600.0,monthly,dashboard
2737,1332,853,2025-07-17,12000.0,monthly,follow_up
2738,1332,853,2025-10-15,12800.0,monthly,follow_up
2739,1332,853,2026-04-13,12500.0,monthly,follow_up
2740,1333,854,2025-03-20,10600.0,monthly,dashboard
2741,1333,854,2025-06-18,10500.0,monthly,follow_up
2742,1335,855,2025-02-20,10100.0,monthly,dashboard
2743,1335,855,2025-05-21,10400.0,monthly,follow_up
2744,1336,856,2025-03-21,11400.0,monthly,dashboard
2745,1336,856,2025-06-19,11700.0,monthly,follow_up
2746,1336,856,2026-03-16,11900.0,monthly,follow_up
2747,1337,857,2025-04-03,10800.0,monthly,dashboard
2748,1337,857,2025-09-30,10900.0,monthly,follow_up
2749,1337,857,2026-03-29,11700.0,monthly,follow_up
2750,1338,858,2025-03-16,11800.0,monthly,dashboard
2751,1338,858,2025-06-14,12300.0,monthly,follow_up
2752,1338,858,2025-09-12,11900.0,monthly,follow_up
2753,1338,858,2026-03-11,12000.0,monthly,follow_up
2754,1339,859,2025-04-21,13000.0,monthly,dashboard
2755,1339,859,2025-07-20,12900.0,monthly,follow_up
2756,1340,860,2025-02-24,12200.0,monthly,dashboard
2757,1340,860,2026-02-19,11800.0,monthly,follow_up
2758,1342,861,2025-02-27,10500.0,monthly,dashboard
2759,1342,861,2025-05-28,11100.0,monthly,follow_up
2760,1342,861,2025-08-26,11500.0,monthly,follow_up
2761,1342,861,2026-02-22,12200.0,monthly,follow_up
2762,1345,862,2025-04-06,9200.0,monthly,dashboard
2763,1345,862,2025-07-05,9300.0,monthly,follow_up
2764,1345,862,2025-10-03,9300.0,monthly,follow_up
2765,1345,862,2026-04-01,9200.0,monthly,follow_up
2766,1348,863,2025-02-25,12000.0,monthly,dashboard
2767,1351,864,2025-03-29,12500.0,monthly,dashboard
2768,1351,864,2025-06-27,13000.0,monthly,follow_up
2769,1351,864,2025-09-25,13500.0,monthly,follow_up
2770,1351,864,2026-03-24,13400.0,monthly,follow_up
2771,1353,865,2025-03-31,12100.0,monthly,dashboard
2772,1353,865,2025-06-29,13200.0,monthly,follow_up
2773,1353,865,2025-09-27,14300.0,monthly,follow_up
2774,1353,865,2026-03-26,14800.0,monthly,follow_up
2775,1354,866,2025-03-31,10000.0,monthly,dashboard
2776,1354,866,2025-06-29,10500.0,monthly,follow_up
2777,1354,866,2025-09-27,11100.0,monthly,follow_up
2778,1354,866,2026-03-26,11000.0,monthly,follow_up
2779,1355,867,2025-02-22,12400.0,monthly,dashboard
2780,1355,867,2025-05-23,13000.0,monthly,follow_up
2781,1355,867,2025-08-21,13800.0,monthly,follow_up
2782,1355,867,2026-02-17,14900.0,monthly,follow_up
2783,1356,868,2025-03-25,11200.0,monthly,dashboard
2784,1356,868,2025-06-23,10700.0,monthly,follow_up
2785,1356,868,2025-09-21,11500.0,monthly,follow_up
2786,1356,868,2026-03-20,12000.0,monthly,follow_up
2787,1358,869,2025-04-14,12800.0,monthly,dashboard
2788,1358,869,2025-07-13,13700.0,monthly,follow_up
2789,1358,869,2025-10-11,14100.0,monthly,follow_up
2790,1358,869,2026-04-09,14200.0,monthly,follow_up
2791,1362,870,2025-04-08,9900.0,monthly,dashboard
2792,1362,870,2025-07-07,10000.0,monthly,follow_up
2793,1362,870,2026-04-03,10300.0,monthly,follow_up
2794,1363,871,2025-03-03,10300.0,monthly,dashboard
2795,1363,871,2025-08-30,10600.0,monthly,follow_up
2796,1365,872,2025-03-28,10200.0,monthly,dashboard
2797,1366,873,2025-03-03,9400.0,monthly,dashboard
2798,1366,873,2025-06-01,10000.0,monthly,follow_up
2799,1366,873,2025-08-30,10900.0,monthly,follow_up
2800,1366,873,2026-02-26,11200.0,monthly,follow_up
2801,1367,874,2025-03-26,11700.0,monthly,dashboard
2802,1367,874,2025-06-24,11800.0,monthly,follow_up
2803,1367,874,2025-09-22,11800.0,monthly,follow_up
2804,1368,875,2025-03-07,12500.0,monthly,dashboard
2805,1368,875,2025-06-05,12900.0,monthly,follow_up
2806,1368,875,2025-09-03,13800.0,monthly,follow_up
2807,1370,876,2025-04-06,12800.0,monthly,dashboard
2808,1371,877,2025-03-20,10900.0,monthly,dashboard
2809,1371,877,2025-06-18,11100.0,monthly,follow_up
2810,1371,877,2025-09-16,12000.0,monthly,follow_up
2811,1372,878,2025-02-20,11800.0,monthly,dashboard
2812,1372,878,2025-05-21,12600.0,monthly,follow_up
2813,1372,878,2025-08-19,13300.0,monthly,follow_up
2814,1372,878,2026-02-15,14300.0,monthly,follow_up
