followup_id,trainee_id,placement_id,followup_date,scheduled_month,status,employment_status_at_followup,wage_at_followup,notes
1,1,1,2025-09-12,3,completed,employed,14500.0,
2,1,1,2025-12-11,6,completed,employed,15300.0,
3,1,1,2026-06-09,12,completed,employed,16700.0,
4,3,3,2025-09-05,3,completed,employed,18800.0,
5,3,3,2025-12-04,6,missed,,,
6,3,3,2026-06-02,12,completed,employed,20300.0,
7,4,4,2025-09-27,3,completed,employed,16500.0,
8,4,4,2025-12-26,6,completed,employed,17800.0,
9,4,4,2026-06-24,12,completed,employed,19600.0,
10,6,6,2025-07-26,3,missed,,,
11,6,6,2025-10-24,6,completed,employed,18800.0,
12,6,6,2026-04-22,12,completed,unemployed,,Moved to a better opportunity
13,8,8,2025-08-25,3,completed,employed,19800.0,
14,8,8,2025-11-23,6,completed,employed,20600.0,
15,8,8,2026-05-22,12,completed,employed,22000.0,
16,9,9,2025-09-24,3,completed,employed,17900.0,
17,9,9,2025-12-23,6,completed,employed,18900.0,
18,9,9,2026-06-21,12,completed,employed,19900.0,
19,10,10,2025-08-27,3,completed,employed,14300.0,
20,10,10,2025-11-25,6,completed,employed,15600.0,
21,10,10,2026-05-24,12,missed,,,
22,13,13,2025-09-03,3,completed,employed,20300.0,
23,13,13,2025-12-02,6,completed,employed,22300.0,
24,13,13,2026-05-31,12,completed,employed,22900.0,
25,14,14,2025-08-17,3,completed,employed,18100.0,
26,14,14,2025-11-15,6,completed,employed,17700.0,
27,14,14,2026-05-14,12,completed,employed,17900.0,
28,15,15,2025-09-26,3,completed,employed,18100.0,
29,15,15,2025-12-25,6,completed,employed,18700.0,
30,15,15,2026-06-23,12,completed,employed,19100.0,
31,16,16,2025-08-30,3,completed,employed,17900.0,
32,16,16,2025-11-28,6,completed,employed,18800.0,
33,16,16,2026-05-27,12,completed,employed,19300.0,
34,17,17,2025-07-20,3,completed,employed,14800.0,
35,17,17,2025-10-18,6,completed,employed,14800.0,
36,17,17,2026-04-16,12,completed,employed,15100.0,
37,19,19,2025-09-27,3,completed,employed,17300.0,
38,19,19,2025-12-26,6,completed,employed,17900.0,
39,19,19,2026-06-24,12,completed,unemployed,,Commute / relocation issues
40,20,20,2025-09-09,3,completed,employed,16700.0,
41,20,20,2025-12-08,6,completed,employed,17200.0,
42,20,20,2026-06-06,12,completed,employed,17300.0,
43,22,21,2025-07-22,3,completed,employed,18700.0,
44,22,21,2025-10-20,6,completed,employed,19500.0,
45,22,21,2026-04-18,12,completed,employed,21200.0,
46,23,22,2025-09-02,3,completed,employed,15600.0,
47,23,22,2025-12-01,6,completed,employed,17100.0,
48,23,22,2026-05-30,12,completed,employed,18700.0,
49,25,24,2025-09-01,3,completed,employed,14400.0,
50,25,24,2025-11-30,6,completed,employed,14900.0,
51,25,24,2026-05-29,12,completed,employed,15600.0,
52,26,25,2025-08-21,3,completed,employed,18500.0,
53,26,25,2025-11-19,6,completed,employed,18800.0,
54,26,25,2026-05-18,12,completed,employed,20000.0,
55,27,26,2025-08-12,3,completed,employed,17800.0,
56,27,26,2025-11-10,6,completed,employed,17500.0,
57,27,26,2026-05-09,12,completed,employed,18500.0,
58,29,28,2025-09-18,3,completed,employed,14400.0,
59,29,28,2025-12-17,6,missed,,,
60,29,28,2026-06-15,12,completed,employed,14600.0,
61,31,30,2025-07-25,3,completed,employed,18100.0,
62,31,30,2025-10-23,6,completed,employed,18200.0,
63,31,30,2026-04-21,12,completed,employed,19600.0,
64,34,33,2025-09-14,3,completed,employed,17200.0,
65,34,33,2025-12-13,6,completed,employed,19200.0,
66,34,33,2026-06-11,12,missed,,,
67,36,35,2025-07-28,3,completed,employed,15300.0,
68,36,35,2025-10-26,6,completed,employed,16100.0,
69,36,35,2026-04-24,12,completed,employed,17200.0,
70,40,38,2025-09-26,3,completed,employed,19300.0,
71,40,38,2025-12-25,6,completed,employed,21300.0,
72,40,38,2026-06-23,12,completed,unemployed,,Commute / relocation issues
73,41,39,2025-08-12,3,completed,employed,16800.0,
74,41,39,2025-11-10,6,completed,employed,17500.0,
75,41,39,2026-05-09,12,completed,employed,18100.0,
76,42,40,2025-09-03,3,completed,employed,12900.0,
77,42,40,2025-12-02,6,completed,employed,13700.0,
78,42,40,2026-05-31,12,completed,employed,13400.0,
79,43,41,2025-07-24,3,completed,employed,14000.0,
80,43,41,2025-10-22,6,completed,employed,14500.0,
81,43,41,2026-04-20,12,completed,employed,15900.0,
82,44,42,2025-09-08,3,completed,employed,18400.0,
83,44,42,2025-12-07,6,completed,employed,18700.0,
84,44,42,2026-06-05,12,completed,employed,20000.0,
85,45,43,2025-08-01,3,completed,employed,15100.0,
86,45,43,2025-10-30,6,completed,employed,16300.0,
87,45,43,2026-04-28,12,completed,employed,17200.0,
88,47,44,2025-08-20,3,completed,employed,17500.0,
89,47,44,2025-11-18,6,completed,employed,19400.0,
90,47,44,2026-05-17,12,completed,employed,21300.0,
91,48,45,2025-09-04,3,missed,,,
92,48,45,2025-12-03,6,completed,employed,19700.0,
93,48,45,2026-06-01,12,completed,employed,20800.0,
94,49,46,2025-08-01,3,completed,employed,15000.0,
95,49,46,2025-10-30,6,completed,employed,15900.0,
96,49,46,2026-04-28,12,completed,employed,16800.0,
97,50,47,2025-09-12,3,completed,employed,17300.0,
98,50,47,2025-12-11,6,completed,employed,18400.0,
99,50,47,2026-06-09,12,completed,employed,20300.0,
100,52,48,2025-07-23,3,completed,employed,15100.0,
101,52,48,2025-10-21,6,completed,employed,15600.0,
102,52,48,2026-04-19,12,missed,,,
103,53,49,2025-08-25,3,completed,employed,13400.0,
104,53,49,2025-11-23,6,completed,employed,14400.0,
105,53,49,2026-05-22,12,missed,,,
106,55,50,2025-09-11,3,missed,,,
107,55,50,2025-12-10,6,completed,employed,18900.0,
108,55,50,2026-06-08,12,completed,employed,19600.0,
109,56,51,2025-08-07,3,completed,employed,18700.0,
110,56,51,2025-11-05,6,completed,employed,18800.0,
111,56,51,2026-05-04,12,completed,employed,19000.0,
112,57,52,2025-08-25,3,completed,employed,17800.0,
113,57,52,2025-11-23,6,completed,employed,19200.0,
114,57,52,2026-05-22,12,missed,,,
115,58,53,2025-09-07,3,completed,employed,17000.0,
116,58,53,2025-12-06,6,completed,employed,17500.0,
117,58,53,2026-06-04,12,completed,unemployed,,Family circumstances changed
118,59,54,2025-08-31,3,missed,,,
119,59,54,2025-11-29,6,completed,employed,16300.0,
120,59,54,2026-05-28,12,completed,employed,17500.0,
121,60,55,2025-08-09,3,completed,employed,17800.0,
122,60,55,2025-11-07,6,completed,employed,19600.0,
123,60,55,2026-05-06,12,completed,employed,19600.0,
124,62,57,2025-08-04,3,completed,employed,20100.0,
125,62,57,2025-11-02,6,completed,employed,21000.0,
126,62,57,2026-05-01,12,completed,employed,23100.0,
127,64,59,2025-09-25,3,completed,employed,18000.0,
128,64,59,2025-12-24,6,completed,employed,18500.0,
129,64,59,2026-06-22,12,completed,unemployed,,Commute / relocation issues
130,66,61,2025-07-22,3,completed,employed,17200.0,
131,66,61,2025-10-20,6,completed,employed,17400.0,
132,66,61,2026-04-18,12,completed,employed,17500.0,
133,68,63,2025-08-23,3,completed,employed,17200.0,
134,68,63,2025-11-21,6,completed,employed,17400.0,
135,68,63,2026-05-20,12,completed,employed,17800.0,
136,69,64,2025-06-08,3,completed,employed,18200.0,
137,69,64,2025-09-06,6,completed,employed,19200.0,
138,69,64,2026-03-05,12,completed,employed,20100.0,
139,70,65,2025-06-09,3,missed,,,
140,70,65,2025-09-07,6,completed,employed,19800.0,
141,70,65,2026-03-06,12,completed,employed,21000.0,
142,72,67,2025-05-16,3,completed,employed,15500.0,
143,72,67,2025-08-14,6,completed,employed,16500.0,
144,72,67,2026-02-10,12,completed,employed,16900.0,
145,73,68,2025-07-03,3,completed,employed,15800.0,
146,73,68,2025-10-01,6,completed,employed,17800.0,
147,73,68,2026-03-30,12,completed,employed,18200.0,
148,75,70,2025-07-02,3,missed,,,
149,75,70,2025-09-30,6,completed,employed,14100.0,
150,75,70,2026-03-29,12,completed,employed,15300.0,
151,76,71,2025-04-30,3,completed,employed,15100.0,
152,76,71,2025-07-29,6,completed,employed,15400.0,
153,76,71,2026-01-25,12,completed,unemployed,,Left due to low wage relative to workload
154,79,73,2025-05-09,3,completed,employed,18300.0,
155,79,73,2025-08-07,6,completed,employed,19300.0,
156,79,73,2026-02-03,12,completed,employed,20000.0,
157,80,74,2025-04-26,3,completed,employed,15200.0,
158,80,74,2025-07-25,6,completed,employed,15900.0,
159,80,74,2026-01-21,12,completed,employed,17000.0,
160,81,75,2025-06-23,3,completed,employed,16300.0,
161,81,75,2025-09-21,6,completed,employed,17900.0,
162,81,75,2026-03-20,12,completed,employed,18900.0,
163,82,76,2025-06-25,3,completed,employed,18400.0,
164,82,76,2025-09-23,6,completed,employed,18000.0,
165,82,76,2026-03-22,12,completed,employed,18800.0,
166,83,77,2025-06-30,3,missed,,,
167,83,77,2025-09-28,6,completed,employed,17600.0,
168,83,77,2026-03-27,12,completed,employed,19300.0,
169,84,78,2025-04-28,3,completed,employed,19600.0,
170,84,78,2025-07-27,6,completed,employed,21100.0,
171,84,78,2026-01-23,12,completed,employed,22200.0,
172,85,79,2025-05-17,3,completed,employed,18000.0,
173,85,79,2025-08-15,6,completed,employed,19100.0,
174,85,79,2026-02-11,12,completed,employed,21100.0,
175,86,80,2025-06-02,3,completed,employed,16000.0,
176,86,80,2025-08-31,6,completed,employed,16800.0,
177,86,80,2026-02-27,12,completed,employed,16700.0,
178,88,81,2025-05-20,3,missed,,,
179,88,81,2025-08-18,6,completed,employed,15900.0,
180,88,81,2026-02-14,12,completed,employed,16700.0,
181,90,83,2025-06-11,3,completed,employed,15000.0,
182,90,83,2025-09-09,6,missed,,,
183,90,83,2026-03-08,12,missed,,,
184,91,84,2025-05-18,3,completed,employed,20200.0,
185,91,84,2025-08-16,6,completed,employed,21500.0,
186,91,84,2026-02-12,12,missed,,,
187,92,85,2025-06-03,3,completed,employed,16400.0,
188,92,85,2025-09-01,6,completed,employed,17400.0,
189,92,85,2026-02-28,12,missed,,,
190,93,86,2025-06-23,3,missed,,,
191,93,86,2025-09-21,6,completed,employed,16600.0,
192,93,86,2026-03-20,12,missed,,,
193,95,88,2025-05-18,3,completed,employed,17900.0,
194,95,88,2025-08-16,6,completed,employed,19100.0,
195,95,88,2026-02-12,12,completed,employed,18800.0,
196,96,89,2025-07-03,3,completed,employed,14200.0,
197,96,89,2025-10-01,6,completed,employed,14600.0,
198,96,89,2026-03-30,12,completed,employed,15300.0,
199,97,90,2025-04-30,3,completed,employed,13300.0,
200,97,90,2025-07-29,6,completed,employed,13500.0,
201,97,90,2026-01-25,12,completed,unemployed,,Job did not match trained skillset
202,98,91,2025-05-07,3,completed,employed,19500.0,
203,98,91,2025-08-05,6,completed,employed,22200.0,
204,98,91,2026-02-01,12,missed,,,
205,101,93,2025-05-29,3,completed,employed,17300.0,
206,101,93,2025-08-27,6,completed,employed,18400.0,
207,101,93,2026-02-23,12,completed,employed,19500.0,
208,103,94,2025-06-20,3,completed,employed,17200.0,
209,103,94,2025-09-18,6,completed,employed,18400.0,
210,103,94,2026-03-17,12,completed,employed,19100.0,
211,104,95,2025-05-07,3,completed,employed,14900.0,
212,104,95,2025-08-05,6,completed,employed,15200.0,
213,104,95,2026-02-01,12,completed,employed,16200.0,
214,105,96,2025-06-21,3,completed,employed,19500.0,
215,105,96,2025-09-19,6,completed,employed,19800.0,
216,105,96,2026-03-18,12,completed,employed,20400.0,
217,106,97,2025-07-02,3,completed,employed,19300.0,
218,106,97,2025-09-30,6,missed,,,
219,106,97,2026-03-29,12,completed,employed,19500.0,
220,107,98,2025-06-16,3,completed,employed,13800.0,
221,107,98,2025-09-14,6,completed,unemployed,,Health-related reasons
222,107,98,2026-03-13,12,completed,unemployed,,
223,109,99,2025-05-13,3,completed,employed,16600.0,
224,109,99,2025-08-11,6,completed,employed,17200.0,
225,109,99,2026-02-07,12,missed,,,
226,110,100,2025-06-17,3,completed,employed,18300.0,
227,110,100,2025-09-15,6,completed,employed,19300.0,
228,110,100,2026-03-14,12,completed,employed,19800.0,
229,111,101,2025-05-08,3,completed,employed,15700.0,
230,111,101,2025-08-06,6,completed,employed,16600.0,
231,111,101,2026-02-02,12,completed,employed,17200.0,
232,113,103,2025-06-15,3,completed,employed,13800.0,
233,113,103,2025-09-13,6,completed,employed,15000.0,
234,113,103,2026-03-12,12,completed,employed,16400.0,
235,114,104,2025-05-25,3,completed,employed,14400.0,
236,114,104,2025-08-23,6,completed,employed,14600.0,
237,114,104,2026-02-19,12,completed,employed,15600.0,
238,115,105,2025-05-06,3,missed,,,
239,115,105,2025-08-04,6,completed,employed,18700.0,
240,115,105,2026-01-31,12,completed,employed,18500.0,
241,117,106,2025-04-24,3,completed,employed,15800.0,
242,117,106,2025-07-23,6,completed,employed,16200.0,
243,117,106,2026-01-19,12,completed,employed,16900.0,
244,119,108,2025-05-15,3,missed,,,
245,119,108,2025-08-13,6,completed,employed,17000.0,
246,119,108,2026-02-09,12,completed,employed,18500.0,
247,120,109,2025-05-11,3,completed,employed,17700.0,
248,120,109,2025-08-09,6,completed,employed,19400.0,
249,120,109,2026-02-05,12,completed,employed,21000.0,
250,121,110,2025-05-30,3,missed,,,
251,121,110,2025-08-28,6,completed,employed,15400.0,
252,121,110,2026-02-24,12,completed,employed,16300.0,
253,122,111,2025-06-23,3,completed,employed,16100.0,
254,122,111,2025-09-21,6,completed,employed,16700.0,
255,122,111,2026-03-20,12,missed,,,
256,123,112,2025-05-02,3,missed,,,
257,123,112,2025-07-31,6,completed,unemployed,,Family circumstances changed
258,123,112,2026-01-27,12,completed,unemployed,,
259,125,114,2025-06-05,3,completed,employed,13700.0,
260,125,114,2025-09-03,6,completed,employed,14300.0,
261,125,114,2026-03-02,12,missed,,,
262,126,115,2025-07-03,3,completed,employed,16600.0,
263,126,115,2025-10-01,6,completed,employed,17600.0,
264,126,115,2026-03-30,12,completed,employed,19000.0,
265,128,116,2025-05-19,3,completed,employed,17500.0,
266,128,116,2025-08-17,6,completed,employed,18500.0,
267,128,116,2026-02-13,12,completed,employed,18200.0,
268,129,117,2025-06-10,3,completed,employed,16200.0,
269,129,117,2025-09-08,6,completed,employed,16900.0,
270,129,117,2026-03-07,12,completed,employed,17500.0,
271,130,118,2025-06-20,3,completed,employed,18300.0,
272,130,118,2025-09-18,6,completed,employed,19000.0,
273,130,118,2026-03-17,12,completed,employed,20600.0,
274,131,119,2025-05-10,3,completed,employed,18400.0,
275,131,119,2025-08-08,6,completed,employed,18700.0,
276,131,119,2026-02-04,12,completed,employed,19300.0,
277,132,120,2025-05-31,3,completed,employed,16300.0,
278,132,120,2025-08-29,6,missed,,,
279,132,120,2026-02-25,12,completed,employed,18700.0,
280,133,121,2025-05-01,3,completed,employed,14900.0,
281,133,121,2025-07-30,6,completed,employed,16100.0,
282,133,121,2026-01-26,12,completed,employed,16200.0,
283,134,122,2025-05-12,3,completed,employed,14000.0,
284,134,122,2025-08-10,6,missed,,,
285,134,122,2026-02-06,12,completed,employed,15100.0,
286,135,123,2025-06-09,3,completed,employed,19600.0,
287,135,123,2025-09-07,6,completed,employed,20200.0,
288,135,123,2026-03-06,12,completed,employed,20800.0,
289,136,124,2025-04-28,3,completed,employed,14500.0,
290,136,124,2025-07-27,6,completed,employed,15300.0,
291,136,124,2026-01-23,12,completed,employed,15900.0,
292,137,125,2025-08-24,3,completed,employed,18700.0,
293,137,125,2025-11-22,6,missed,,,
294,137,125,2026-05-21,12,missed,,,
295,138,126,2025-08-15,3,missed,,,
296,138,126,2025-11-13,6,completed,employed,16000.0,
297,138,126,2026-05-12,12,completed,employed,17200.0,
298,139,127,2025-09-02,3,completed,employed,16700.0,
299,139,127,2025-12-01,6,completed,employed,17300.0,
300,139,127,2026-05-30,12,completed,employed,18400.0,
301,140,128,2025-08-01,3,completed,employed,14700.0,
302,140,128,2025-10-30,6,missed,,,
303,140,128,2026-04-28,12,completed,employed,14100.0,
304,141,129,2025-07-28,3,completed,unemployed,,Commute / relocation issues
305,141,129,2025-10-26,6,completed,unemployed,,
306,141,129,2026-04-24,12,completed,unemployed,,
307,142,130,2025-07-22,3,completed,employed,15900.0,
308,142,130,2025-10-20,6,completed,employed,16200.0,
309,142,130,2026-04-18,12,completed,employed,16600.0,
310,145,132,2025-09-03,3,completed,employed,13700.0,
311,145,132,2025-12-02,6,completed,employed,14600.0,
312,145,132,2026-05-31,12,completed,employed,15100.0,
313,146,133,2025-09-11,3,completed,employed,14100.0,
314,146,133,2025-12-10,6,completed,employed,14900.0,
315,146,133,2026-06-08,12,completed,employed,16200.0,
316,147,134,2025-08-11,3,completed,employed,14800.0,
317,147,134,2025-11-09,6,missed,,,
318,147,134,2026-05-08,12,completed,employed,15800.0,
319,148,135,2025-08-05,3,missed,,,
320,148,135,2025-11-03,6,completed,employed,14700.0,
321,148,135,2026-05-02,12,missed,,,
322,149,136,2025-08-15,3,completed,employed,15200.0,
323,149,136,2025-11-13,6,completed,employed,15900.0,
324,149,136,2026-05-12,12,completed,employed,17300.0,
325,150,137,2025-07-12,3,completed,employed,16600.0,
326,150,137,2025-10-10,6,completed,employed,17300.0,
327,150,137,2026-04-08,12,completed,employed,18500.0,
328,151,138,2025-09-03,3,completed,unemployed,,Job did not match trained skillset
329,151,138,2025-12-02,6,completed,unemployed,,
330,151,138,2026-05-31,12,completed,unemployed,,
331,152,139,2025-08-16,3,completed,employed,16700.0,
332,152,139,2025-11-14,6,completed,employed,18100.0,
333,152,139,2026-05-13,12,completed,employed,19000.0,
334,153,140,2025-07-07,3,missed,,,
335,153,140,2025-10-05,6,completed,employed,18200.0,
336,153,140,2026-04-03,12,completed,employed,19500.0,
337,154,141,2025-09-06,3,completed,employed,18400.0,
338,154,141,2025-12-05,6,completed,employed,19900.0,
339,154,141,2026-06-03,12,completed,employed,21300.0,
340,155,142,2025-08-01,3,completed,employed,18900.0,
341,155,142,2025-10-30,6,completed,employed,19300.0,
342,155,142,2026-04-28,12,missed,,,
343,156,143,2025-07-26,3,missed,,,
344,156,143,2025-10-24,6,completed,employed,18500.0,
345,156,143,2026-04-22,12,completed,employed,19400.0,
346,159,145,2025-08-03,3,completed,unemployed,,Family circumstances changed
347,159,145,2025-11-01,6,completed,unemployed,,
348,159,145,2026-04-30,12,completed,unemployed,,
349,160,146,2025-08-20,3,missed,,,
350,160,146,2025-11-18,6,completed,employed,16600.0,
351,160,146,2026-05-17,12,completed,employed,17600.0,
352,161,147,2025-07-31,3,missed,,,
353,161,147,2025-10-29,6,completed,employed,17600.0,
354,161,147,2026-04-27,12,completed,employed,19300.0,
355,162,148,2025-07-27,3,completed,employed,19800.0,
356,162,148,2025-10-25,6,completed,employed,21400.0,
357,162,148,2026-04-23,12,missed,,,
358,164,150,2025-08-15,3,completed,employed,16900.0,
359,164,150,2025-11-13,6,completed,employed,17700.0,
360,164,150,2026-05-12,12,missed,,,
361,165,151,2025-08-25,3,completed,employed,13700.0,
362,165,151,2025-11-23,6,completed,employed,14300.0,
363,165,151,2026-05-22,12,completed,employed,15800.0,
364,166,152,2025-08-08,3,completed,employed,14800.0,
365,166,152,2025-11-06,6,completed,employed,15400.0,
366,166,152,2026-05-05,12,completed,employed,15700.0,
367,168,154,2025-07-03,3,completed,employed,18300.0,
368,168,154,2025-10-01,6,completed,unemployed,,Family circumstances changed
369,168,154,2026-03-30,12,completed,unemployed,,
370,169,155,2025-08-14,3,completed,employed,16100.0,
371,169,155,2025-11-12,6,completed,unemployed,,Moved to a better opportunity
372,169,155,2026-05-11,12,completed,unemployed,,
373,171,156,2025-07-15,3,missed,,,
374,171,156,2025-10-13,6,completed,employed,17400.0,
375,171,156,2026-04-11,12,completed,employed,19200.0,
376,173,157,2025-07-05,3,completed,unemployed,,Workplace conditions / employer issues
377,173,157,2025-10-03,6,missed,,,
378,173,157,2026-04-01,12,completed,unemployed,,
379,174,158,2025-07-20,3,completed,employed,18700.0,
380,174,158,2025-10-18,6,missed,,,
381,174,158,2026-04-16,12,completed,employed,20300.0,
382,175,159,2025-09-06,3,completed,unemployed,,Family circumstances changed
383,175,159,2025-12-05,6,completed,unemployed,,
384,175,159,2026-06-03,12,completed,unemployed,,
385,176,160,2025-07-19,3,completed,employed,17200.0,
386,176,160,2025-10-17,6,completed,employed,18000.0,
387,176,160,2026-04-15,12,completed,employed,18900.0,
388,177,161,2025-07-16,3,completed,employed,18300.0,
389,177,161,2025-10-14,6,completed,employed,18500.0,
390,177,161,2026-04-12,12,missed,,,
391,178,162,2025-08-09,3,completed,employed,14300.0,
392,178,162,2025-11-07,6,missed,,,
393,178,162,2026-05-06,12,completed,employed,14900.0,
394,179,163,2025-07-29,3,completed,employed,15400.0,
395,179,163,2025-10-27,6,completed,employed,15700.0,
396,179,163,2026-04-25,12,completed,employed,16200.0,
397,181,165,2025-07-26,3,completed,employed,17300.0,
398,181,165,2025-10-24,6,missed,,,
399,181,165,2026-04-22,12,missed,,,
400,182,166,2025-08-23,3,completed,employed,17000.0,
401,182,166,2025-11-21,6,completed,employed,17000.0,
402,182,166,2026-05-20,12,completed,employed,17300.0,
403,183,167,2025-09-05,3,completed,employed,16100.0,
404,183,167,2025-12-04,6,completed,employed,18000.0,
405,183,167,2026-06-02,12,completed,employed,18800.0,
406,184,168,2025-07-15,3,completed,unemployed,,Job did not match trained skillset
407,184,168,2025-10-13,6,completed,unemployed,,
408,184,168,2026-04-11,12,completed,unemployed,,
409,185,169,2025-08-26,3,completed,employed,15700.0,
410,185,169,2025-11-24,6,completed,employed,16700.0,
411,185,169,2026-05-23,12,completed,employed,17700.0,
412,186,170,2025-07-09,3,missed,,,
413,186,170,2025-10-07,6,missed,,,
414,186,170,2026-04-05,12,completed,employed,14800.0,
415,187,171,2025-08-08,3,completed,employed,18000.0,
416,187,171,2025-11-06,6,completed,employed,18800.0,
417,187,171,2026-05-05,12,completed,unemployed,,Family circumstances changed
418,188,172,2025-08-23,3,completed,employed,14200.0,
419,188,172,2025-11-21,6,completed,employed,14500.0,
420,188,172,2026-05-20,12,completed,employed,15300.0,
421,193,176,2025-08-17,3,completed,employed,19200.0,
422,193,176,2025-11-15,6,completed,employed,20100.0,
423,193,176,2026-05-14,12,completed,employed,21500.0,
424,194,177,2025-07-25,3,missed,,,
425,194,177,2025-10-23,6,completed,employed,16100.0,
426,194,177,2026-04-21,12,completed,employed,17300.0,
427,195,178,2025-08-01,3,completed,employed,19200.0,
428,195,178,2025-10-30,6,completed,employed,20200.0,
429,195,178,2026-04-28,12,completed,employed,21200.0,
430,196,179,2025-08-05,3,completed,employed,17800.0,
431,196,179,2025-11-03,6,completed,employed,18300.0,
432,196,179,2026-05-02,12,completed,employed,20100.0,
433,197,180,2025-07-23,3,completed,employed,15000.0,
434,197,180,2025-10-21,6,completed,employed,16300.0,
435,197,180,2026-04-19,12,completed,employed,17900.0,
436,199,181,2025-08-21,3,completed,unemployed,,Family circumstances changed
437,199,181,2025-11-19,6,completed,unemployed,,
438,199,181,2026-05-18,12,completed,unemployed,,
439,201,183,2025-08-01,3,missed,,,
440,201,183,2025-10-30,6,completed,employed,17900.0,
441,201,183,2026-04-28,12,completed,employed,18600.0,
442,202,184,2025-08-21,3,completed,employed,18800.0,
443,202,184,2025-11-19,6,completed,employed,20700.0,
444,202,184,2026-05-18,12,missed,,,
445,203,185,2025-09-09,3,completed,employed,15300.0,
446,203,185,2025-12-08,6,completed,employed,16400.0,
447,203,185,2026-06-06,12,missed,,,
448,204,186,2025-07-18,3,completed,employed,12800.0,
449,204,186,2025-10-16,6,completed,employed,13300.0,
450,204,186,2026-04-14,12,completed,unemployed,,Workplace conditions / employer issues
451,206,188,2025-01-11,3,completed,employed,14200.0,
452,206,188,2025-04-11,6,completed,employed,14600.0,
453,206,188,2025-10-08,12,missed,,,
454,207,189,2025-02-24,3,completed,employed,16500.0,
455,207,189,2025-05-25,6,completed,employed,17000.0,
456,207,189,2025-11-21,12,completed,employed,17200.0,
457,208,190,2025-02-25,3,completed,employed,16500.0,
458,208,190,2025-05-26,6,completed,employed,17900.0,
459,208,190,2025-11-22,12,missed,,,
460,209,191,2025-03-18,3,completed,employed,14500.0,
461,209,191,2025-06-16,6,completed,unemployed,,Job did not match trained skillset
462,209,191,2025-12-13,12,completed,unemployed,,
463,210,192,2025-01-19,3,completed,employed,19300.0,
464,210,192,2025-04-19,6,completed,employed,20000.0,
465,210,192,2025-10-16,12,missed,,,
466,211,193,2025-03-21,3,completed,employed,16000.0,
467,211,193,2025-06-19,6,completed,employed,16500.0,
468,211,193,2025-12-16,12,completed,employed,17000.0,
469,213,195,2025-02-10,3,completed,employed,15800.0,
470,213,195,2025-05-11,6,completed,employed,15500.0,
471,213,195,2025-11-07,12,completed,employed,15800.0,
472,216,197,2025-03-01,3,missed,,,
473,216,197,2025-05-30,6,missed,,,
474,216,197,2025-11-26,12,completed,employed,16200.0,
475,217,198,2025-03-18,3,completed,employed,14000.0,
476,217,198,2025-06-16,6,missed,,,
477,217,198,2025-12-13,12,completed,employed,15000.0,
478,218,199,2025-01-20,3,completed,employed,15700.0,
479,218,199,2025-04-20,6,completed,employed,16500.0,
480,218,199,2025-10-17,12,completed,employed,16700.0,
481,221,201,2025-01-22,3,completed,employed,19200.0,
482,221,201,2025-04-22,6,missed,,,
483,221,201,2025-10-19,12,completed,employed,19700.0,
484,223,203,2025-03-17,3,completed,employed,19700.0,
485,223,203,2025-06-15,6,completed,employed,21200.0,
486,223,203,2025-12-12,12,completed,employed,23900.0,
487,224,204,2025-01-13,3,completed,employed,14200.0,
488,224,204,2025-04-13,6,completed,employed,14800.0,
489,224,204,2025-10-10,12,completed,employed,15200.0,
490,225,205,2025-02-13,3,completed,employed,19200.0,
491,225,205,2025-05-14,6,completed,employed,19100.0,
492,225,205,2025-11-10,12,completed,employed,19000.0,
493,227,207,2025-01-16,3,missed,,,
494,227,207,2025-04-16,6,completed,employed,17900.0,
495,227,207,2025-10-13,12,missed,,,
496,228,208,2025-02-04,3,missed,,,
497,228,208,2025-05-05,6,completed,employed,13900.0,
498,228,208,2025-11-01,12,completed,employed,14500.0,
499,229,209,2025-02-01,3,missed,,,
500,229,209,2025-05-02,6,completed,unemployed,,Job did not match trained skillset
501,229,209,2025-10-29,12,completed,unemployed,,
502,230,210,2025-01-10,3,completed,unemployed,,Moved to a better opportunity
503,230,210,2025-04-10,6,completed,unemployed,,
504,230,210,2025-10-07,12,completed,unemployed,,
505,231,211,2025-02-01,3,completed,employed,18500.0,
506,231,211,2025-05-02,6,missed,,,
507,231,211,2025-10-29,12,completed,employed,19300.0,
508,233,213,2025-03-14,3,completed,employed,14700.0,
509,233,213,2025-06-12,6,completed,employed,15600.0,
510,233,213,2025-12-09,12,missed,,,
511,235,214,2025-02-22,3,completed,employed,19700.0,
512,235,214,2025-05-23,6,missed,,,
513,235,214,2025-11-19,12,completed,employed,21400.0,
514,236,215,2025-02-21,3,missed,,,
515,236,215,2025-05-22,6,completed,employed,15600.0,
516,236,215,2025-11-18,12,completed,employed,15700.0,
517,237,216,2025-02-17,3,completed,employed,19200.0,
518,237,216,2025-05-18,6,completed,employed,20000.0,
519,237,216,2025-11-14,12,missed,,,
520,238,217,2025-01-21,3,completed,employed,14400.0,
521,238,217,2025-04-21,6,completed,employed,15000.0,
522,238,217,2025-10-18,12,completed,employed,16300.0,
523,239,218,2025-03-20,3,completed,employed,15700.0,
524,239,218,2025-06-18,6,completed,employed,16100.0,
525,239,218,2025-12-15,12,completed,employed,15700.0,
526,240,219,2025-03-11,3,completed,employed,16300.0,
527,240,219,2025-06-09,6,missed,,,
528,240,219,2025-12-06,12,completed,employed,16100.0,
529,241,220,2025-01-19,3,missed,,,
530,241,220,2025-04-19,6,completed,employed,16200.0,
531,241,220,2025-10-16,12,completed,employed,16600.0,
532,242,221,2025-01-18,3,completed,employed,18900.0,
533,242,221,2025-04-18,6,missed,,,
534,242,221,2025-10-15,12,completed,employed,20000.0,
535,243,222,2025-02-23,3,missed,,,
536,243,222,2025-05-24,6,completed,employed,19800.0,
537,243,222,2025-11-20,12,completed,unemployed,,Commute / relocation issues
538,244,223,2025-03-11,3,missed,,,
539,244,223,2025-06-09,6,completed,employed,14500.0,
540,244,223,2025-12-06,12,completed,employed,15000.0,
541,246,225,2025-03-20,3,completed,employed,14700.0,
542,246,225,2025-06-18,6,completed,employed,15900.0,
543,246,225,2025-12-15,12,missed,,,
544,247,226,2025-03-20,3,completed,employed,16200.0,
545,247,226,2025-06-18,6,completed,employed,18100.0,
546,247,226,2025-12-15,12,completed,employed,19300.0,
547,248,227,2025-01-20,3,missed,,,
548,248,227,2025-04-20,6,completed,employed,13900.0,
549,248,227,2025-10-17,12,completed,employed,14600.0,
550,250,229,2025-01-16,3,completed,employed,16900.0,
551,250,229,2025-04-16,6,completed,employed,18700.0,
552,250,229,2025-10-13,12,completed,employed,19400.0,
553,252,231,2025-02-09,3,completed,employed,14900.0,
554,252,231,2025-05-10,6,missed,,,
555,252,231,2025-11-06,12,completed,employed,15600.0,
556,254,232,2025-02-02,3,completed,employed,17500.0,
557,254,232,2025-05-03,6,completed,employed,17200.0,
558,254,232,2025-10-30,12,completed,employed,19300.0,
559,255,233,2025-03-07,3,completed,employed,14400.0,
560,255,233,2025-06-05,6,completed,employed,15600.0,
561,255,233,2025-12-02,12,completed,employed,16000.0,
562,256,234,2025-02-24,3,completed,employed,16900.0,
563,256,234,2025-05-25,6,missed,,,
564,256,234,2025-11-21,12,completed,employed,17300.0,
565,257,235,2025-02-09,3,completed,employed,20000.0,
566,257,235,2025-05-10,6,completed,employed,20800.0,
567,257,235,2025-11-06,12,completed,employed,22800.0,
568,258,236,2025-01-15,3,completed,employed,18400.0,
569,258,236,2025-04-15,6,completed,employed,18600.0,
570,258,236,2025-10-12,12,completed,unemployed,,Left due to low wage relative to workload
571,259,237,2025-02-06,3,completed,employed,16500.0,
572,259,237,2025-05-07,6,missed,,,
573,259,237,2025-11-03,12,completed,employed,17400.0,
574,260,238,2025-03-11,3,completed,employed,14600.0,
575,260,238,2025-06-09,6,completed,employed,14700.0,
576,260,238,2025-12-06,12,completed,employed,16600.0,
577,261,239,2025-03-11,3,completed,employed,15400.0,
578,261,239,2025-06-09,6,missed,,,
579,261,239,2025-12-06,12,completed,employed,15800.0,
580,262,240,2025-02-20,3,completed,unemployed,,Commute / relocation issues
581,262,240,2025-05-21,6,completed,unemployed,,
582,262,240,2025-11-17,12,completed,unemployed,,
583,263,241,2025-01-26,3,completed,employed,17100.0,
584,263,241,2025-04-26,6,completed,employed,17500.0,
585,263,241,2025-10-23,12,completed,employed,19300.0,
586,265,242,2025-01-10,3,completed,employed,18800.0,
587,265,242,2025-04-10,6,completed,employed,20600.0,
588,265,242,2025-10-07,12,completed,employed,22400.0,
589,266,243,2025-02-26,3,missed,,,
590,266,243,2025-05-27,6,completed,employed,16300.0,
591,266,243,2025-11-23,12,completed,employed,17000.0,
592,267,244,2025-02-25,3,completed,employed,18400.0,
593,267,244,2025-05-26,6,completed,employed,19400.0,
594,267,244,2025-11-22,12,completed,employed,19900.0,
595,268,245,2025-02-16,3,completed,employed,16100.0,
596,268,245,2025-05-17,6,completed,employed,17000.0,
597,268,245,2025-11-13,12,completed,unemployed,,Commute / relocation issues
598,269,246,2025-02-08,3,completed,employed,17500.0,
599,269,246,2025-05-09,6,completed,employed,17500.0,
600,269,246,2025-11-05,12,completed,employed,17000.0,
601,272,249,2025-02-26,3,missed,,,
602,272,249,2025-05-27,6,completed,employed,17600.0,
603,272,249,2025-11-23,12,completed,employed,18500.0,
604,273,250,2024-10-22,3,completed,employed,17700.0,
605,273,250,2025-01-20,6,completed,unemployed,,Job did not match trained skillset
606,273,250,2025-07-19,12,completed,unemployed,,
607,274,251,2024-09-28,3,completed,employed,16200.0,
608,274,251,2024-12-27,6,completed,employed,17800.0,
609,274,251,2025-06-25,12,completed,employed,18500.0,
610,277,254,2024-09-20,3,completed,employed,19500.0,
611,277,254,2024-12-19,6,completed,employed,19400.0,
612,277,254,2025-06-17,12,missed,,,
613,279,256,2024-08-30,3,completed,employed,16400.0,
614,279,256,2024-11-28,6,completed,employed,17000.0,
615,279,256,2025-05-27,12,completed,employed,18200.0,
616,280,257,2024-10-04,3,completed,employed,14300.0,
617,280,257,2025-01-02,6,completed,employed,14400.0,
618,280,257,2025-07-01,12,missed,,,
619,281,258,2024-10-18,3,completed,employed,14200.0,
620,281,258,2025-01-16,6,missed,,,
621,281,258,2025-07-15,12,completed,employed,15600.0,
622,282,259,2024-08-18,3,completed,unemployed,,Left due to low wage relative to workload
623,282,259,2024-11-16,6,completed,unemployed,,
624,282,259,2025-05-15,12,completed,unemployed,,
625,283,260,2024-08-25,3,completed,employed,13700.0,
626,283,260,2024-11-23,6,completed,employed,13500.0,
627,283,260,2025-05-22,12,completed,employed,14600.0,
628,284,261,2024-09-18,3,completed,employed,15600.0,
629,284,261,2024-12-17,6,completed,employed,16400.0,
630,284,261,2025-06-15,12,completed,employed,17400.0,
631,285,262,2024-08-26,3,completed,employed,15200.0,
632,285,262,2024-11-24,6,completed,employed,15300.0,
633,285,262,2025-05-23,12,completed,employed,15600.0,
634,286,263,2024-08-30,3,missed,,,
635,286,263,2024-11-28,6,missed,,,
636,286,263,2025-05-27,12,completed,employed,17800.0,
637,287,264,2024-10-21,3,completed,employed,15000.0,
638,287,264,2025-01-19,6,completed,employed,15700.0,
639,287,264,2025-07-18,12,completed,employed,17100.0,
640,288,265,2024-09-27,3,completed,employed,16900.0,
641,288,265,2024-12-26,6,completed,employed,17600.0,
642,288,265,2025-06-24,12,completed,employed,18600.0,
643,289,266,2024-10-06,3,completed,employed,15100.0,
644,289,266,2025-01-04,6,completed,employed,15800.0,
645,289,266,2025-07-03,12,completed,employed,16900.0,
646,290,267,2024-10-03,3,completed,employed,18000.0,
647,290,267,2025-01-01,6,completed,employed,19100.0,
648,290,267,2025-06-30,12,completed,employed,19500.0,
649,291,268,2024-10-11,3,completed,employed,17200.0,
650,291,268,2025-01-09,6,completed,employed,18800.0,
651,291,268,2025-07-08,12,completed,employed,18800.0,
652,292,269,2024-10-11,3,completed,employed,14400.0,
653,292,269,2025-01-09,6,completed,employed,15300.0,
654,292,269,2025-07-08,12,completed,unemployed,,Job did not match trained skillset
655,294,271,2024-09-22,3,missed,,,
656,294,271,2024-12-21,6,completed,employed,14300.0,
657,294,271,2025-06-19,12,completed,employed,15500.0,
658,297,274,2024-08-28,3,completed,employed,18600.0,
659,297,274,2024-11-26,6,completed,employed,20100.0,
660,297,274,2025-05-25,12,missed,,,
661,298,275,2024-09-02,3,completed,employed,18800.0,
662,298,275,2024-12-01,6,completed,employed,19600.0,
663,298,275,2025-05-30,12,completed,employed,20300.0,
664,299,276,2024-09-15,3,completed,employed,15100.0,
665,299,276,2024-12-14,6,completed,employed,15700.0,
666,299,276,2025-06-12,12,completed,employed,16800.0,
667,300,277,2024-10-19,3,completed,employed,19000.0,
668,300,277,2025-01-17,6,completed,employed,20100.0,
669,300,277,2025-07-16,12,completed,employed,21000.0,
670,301,278,2024-10-12,3,completed,employed,16200.0,
671,301,278,2025-01-10,6,completed,employed,17000.0,
672,301,278,2025-07-09,12,completed,employed,17600.0,
673,303,280,2024-10-07,3,completed,employed,16300.0,
674,303,280,2025-01-05,6,completed,employed,17300.0,
675,303,280,2025-07-04,12,completed,employed,18400.0,
676,305,281,2024-08-18,3,missed,,,
677,305,281,2024-11-16,6,missed,,,
678,305,281,2025-05-15,12,completed,employed,19600.0,
679,306,282,2024-08-25,3,missed,,,
680,306,282,2024-11-23,6,completed,employed,13700.0,
681,306,282,2025-05-22,12,missed,,,
682,307,283,2024-08-22,3,completed,employed,20000.0,
683,307,283,2024-11-20,6,completed,employed,20800.0,
684,307,283,2025-05-19,12,missed,,,
685,308,284,2024-10-17,3,completed,employed,19400.0,
686,308,284,2025-01-15,6,missed,,,
687,308,284,2025-07-14,12,completed,employed,20600.0,
688,310,286,2024-08-18,3,completed,unemployed,,Family circumstances changed
689,310,286,2024-11-16,6,completed,unemployed,,
690,310,286,2025-05-15,12,completed,unemployed,,
691,311,287,2024-10-09,3,completed,employed,19500.0,
692,311,287,2025-01-07,6,missed,,,
693,311,287,2025-07-06,12,completed,unemployed,,Family circumstances changed
694,312,288,2024-10-02,3,completed,employed,17600.0,
695,312,288,2024-12-31,6,completed,employed,18300.0,
696,312,288,2025-06-29,12,missed,,,
697,316,290,2024-10-05,3,completed,employed,15600.0,
698,316,290,2025-01-03,6,completed,employed,16800.0,
699,316,290,2025-07-02,12,completed,employed,17500.0,
700,317,291,2024-09-02,3,completed,employed,20000.0,
701,317,291,2024-12-01,6,completed,employed,20800.0,
702,317,291,2025-05-30,12,missed,,,
703,319,293,2024-08-26,3,completed,employed,18400.0,
704,319,293,2024-11-24,6,completed,employed,19300.0,
705,319,293,2025-05-23,12,completed,employed,20000.0,
706,320,294,2024-09-29,3,completed,employed,15900.0,
707,320,294,2024-12-28,6,completed,employed,17200.0,
708,320,294,2025-06-26,12,completed,employed,17800.0,
709,321,295,2024-08-20,3,completed,employed,13600.0,
710,321,295,2024-11-18,6,completed,employed,14600.0,
711,321,295,2025-05-17,12,completed,employed,16000.0,
712,323,296,2024-09-02,3,completed,employed,15600.0,
713,323,296,2024-12-01,6,completed,employed,16500.0,
714,323,296,2025-05-30,12,completed,employed,17500.0,
715,324,297,2024-09-30,3,completed,employed,18000.0,
716,324,297,2024-12-29,6,completed,employed,18300.0,
717,324,297,2025-06-27,12,completed,employed,19300.0,
718,327,300,2024-10-04,3,completed,employed,17100.0,
719,327,300,2025-01-02,6,missed,,,
720,327,300,2025-07-01,12,completed,employed,18200.0,
721,328,301,2024-09-30,3,completed,employed,14300.0,
722,328,301,2024-12-29,6,completed,employed,14700.0,
723,328,301,2025-06-27,12,completed,employed,15500.0,
724,330,303,2024-09-17,3,completed,unemployed,,Moved to a better opportunity
725,330,303,2024-12-16,6,missed,,,
726,330,303,2025-06-14,12,completed,unemployed,,
727,333,306,2024-09-15,3,completed,employed,17300.0,
728,333,306,2024-12-14,6,missed,,,
729,333,306,2025-06-12,12,completed,employed,17500.0,
730,335,308,2024-10-20,3,completed,employed,18600.0,
731,335,308,2025-01-18,6,completed,employed,20000.0,
732,335,308,2025-07-17,12,completed,employed,21300.0,
733,336,309,2024-10-07,3,completed,employed,17800.0,
734,336,309,2025-01-05,6,completed,employed,18900.0,
735,336,309,2025-07-04,12,completed,employed,19800.0,
736,337,310,2024-10-08,3,completed,unemployed,,Commute / relocation issues
737,337,310,2025-01-06,6,completed,unemployed,,
738,337,310,2025-07-05,12,completed,unemployed,,
739,338,311,2024-09-10,3,completed,employed,19400.0,
740,338,311,2024-12-09,6,completed,employed,20000.0,
741,338,311,2025-06-07,12,completed,employed,20400.0,
742,339,312,2024-08-15,3,missed,,,
743,339,312,2024-11-13,6,completed,employed,19800.0,
744,339,312,2025-05-12,12,completed,employed,20400.0,
745,340,313,2024-08-16,3,missed,,,
746,340,313,2024-11-14,6,completed,unemployed,,Commute / relocation issues
747,340,313,2025-05-13,12,missed,,,
748,342,315,2025-04-24,3,completed,employed,17000.0,
749,342,315,2025-07-23,6,completed,employed,17600.0,
750,342,315,2026-01-19,12,completed,employed,18800.0,
751,343,316,2025-04-23,3,completed,employed,18900.0,
752,343,316,2025-07-22,6,completed,employed,19500.0,
753,343,316,2026-01-18,12,missed,,,
754,344,317,2025-05-08,3,completed,employed,14000.0,
755,344,317,2025-08-06,6,completed,employed,14800.0,
756,344,317,2026-02-02,12,completed,employed,15600.0,
757,345,318,2025-06-22,3,completed,employed,15200.0,
758,345,318,2025-09-20,6,completed,employed,15100.0,
759,345,318,2026-03-19,12,missed,,,
760,346,319,2025-04-25,3,completed,employed,14900.0,
761,346,319,2025-07-24,6,completed,employed,15200.0,
762,346,319,2026-01-20,12,completed,employed,15200.0,
763,347,320,2025-05-14,3,completed,employed,18200.0,
764,347,320,2025-08-12,6,missed,,,
765,347,320,2026-02-08,12,completed,employed,18900.0,
766,348,321,2025-06-24,3,completed,employed,18100.0,
767,348,321,2025-09-22,6,completed,unemployed,,Left due to low wage relative to workload
768,348,321,2026-03-21,12,completed,unemployed,,
769,349,322,2025-05-22,3,completed,employed,13500.0,
770,349,322,2025-08-20,6,completed,employed,14400.0,
771,349,322,2026-02-16,12,completed,employed,16000.0,
772,350,323,2025-06-28,3,missed,,,
773,350,323,2025-09-26,6,completed,employed,17200.0,
774,350,323,2026-03-25,12,completed,employed,18100.0,
775,351,324,2025-06-25,3,completed,employed,14400.0,
776,351,324,2025-09-23,6,completed,employed,14600.0,
777,351,324,2026-03-22,12,completed,unemployed,,Moved to a better opportunity
778,352,325,2025-05-28,3,completed,employed,18400.0,
779,352,325,2025-08-26,6,missed,,,
780,352,325,2026-02-22,12,completed,employed,19800.0,
781,353,326,2025-06-21,3,missed,,,
782,353,326,2025-09-19,6,completed,employed,14200.0,
783,353,326,2026-03-18,12,completed,employed,15400.0,
784,355,328,2025-06-16,3,completed,employed,17800.0,
785,355,328,2025-09-14,6,completed,employed,18400.0,
786,355,328,2026-03-13,12,completed,employed,19400.0,
787,356,329,2025-05-25,3,missed,,,
788,356,329,2025-08-23,6,completed,employed,14000.0,
789,356,329,2026-02-19,12,completed,employed,14900.0,
790,357,330,2025-05-31,3,completed,employed,18200.0,
791,357,330,2025-08-29,6,missed,,,
792,357,330,2026-02-25,12,completed,employed,18900.0,
793,359,332,2025-05-15,3,completed,employed,19700.0,
794,359,332,2025-08-13,6,completed,employed,20400.0,
795,359,332,2026-02-09,12,completed,employed,21900.0,
796,360,333,2025-04-21,3,completed,employed,18800.0,
797,360,333,2025-07-20,6,completed,employed,20100.0,
798,360,333,2026-01-16,12,completed,employed,21900.0,
799,361,334,2025-05-30,3,completed,employed,19300.0,
800,361,334,2025-08-28,6,missed,,,
801,361,334,2026-02-24,12,missed,,,
802,362,335,2025-05-15,3,completed,employed,17100.0,
803,362,335,2025-08-13,6,completed,employed,18200.0,
804,362,335,2026-02-09,12,completed,employed,20000.0,
805,363,336,2025-05-18,3,completed,employed,15300.0,
806,363,336,2025-08-16,6,missed,,,
807,363,336,2026-02-12,12,completed,employed,16600.0,
808,364,337,2025-05-12,3,completed,employed,19400.0,
809,364,337,2025-08-10,6,completed,employed,20400.0,
810,364,337,2026-02-06,12,missed,,,
811,365,338,2025-05-29,3,completed,employed,15600.0,
812,365,338,2025-08-27,6,completed,employed,16200.0,
813,365,338,2026-02-23,12,completed,employed,16800.0,
814,367,340,2025-06-08,3,completed,employed,18400.0,
815,367,340,2025-09-06,6,completed,employed,18500.0,
816,367,340,2026-03-05,12,completed,employed,19400.0,
817,368,341,2025-05-22,3,completed,employed,18600.0,
818,368,341,2025-08-20,6,missed,,,
819,368,341,2026-02-16,12,completed,employed,18800.0,
820,370,342,2025-05-15,3,completed,employed,14700.0,
821,370,342,2025-08-13,6,completed,employed,14700.0,
822,370,342,2026-02-09,12,completed,employed,14700.0,
823,371,343,2025-04-25,3,completed,employed,16200.0,
824,371,343,2025-07-24,6,completed,employed,16600.0,
825,371,343,2026-01-20,12,completed,employed,17900.0,
826,372,344,2025-06-06,3,completed,employed,17700.0,
827,372,344,2025-09-04,6,completed,employed,18400.0,
828,372,344,2026-03-03,12,completed,employed,18300.0,
829,373,345,2025-06-23,3,completed,employed,16900.0,
830,373,345,2025-09-21,6,completed,employed,19100.0,
831,373,345,2026-03-20,12,completed,employed,21300.0,
832,374,346,2025-06-27,3,completed,employed,15600.0,
833,374,346,2025-09-25,6,completed,employed,16800.0,
834,374,346,2026-03-24,12,missed,,,
835,375,347,2025-05-06,3,completed,employed,16400.0,
836,375,347,2025-08-04,6,completed,employed,17500.0,
837,375,347,2026-01-31,12,completed,employed,19300.0,
838,376,348,2025-04-24,3,completed,employed,17800.0,
839,376,348,2025-07-23,6,completed,employed,18700.0,
840,376,348,2026-01-19,12,completed,employed,19500.0,
841,377,349,2025-06-03,3,completed,employed,15500.0,
842,377,349,2025-09-01,6,completed,employed,15700.0,
843,377,349,2026-02-28,12,completed,employed,16000.0,
844,378,350,2025-05-03,3,missed,,,
845,378,350,2025-08-01,6,completed,employed,21000.0,
846,378,350,2026-01-28,12,completed,employed,22600.0,
847,379,351,2025-06-07,3,missed,,,
848,379,351,2025-09-05,6,missed,,,
849,379,351,2026-03-04,12,completed,employed,14600.0,
850,380,352,2025-05-28,3,completed,employed,13600.0,
851,380,352,2025-08-26,6,completed,employed,13700.0,
852,380,352,2026-02-22,12,missed,,,
853,382,353,2025-04-30,3,missed,,,
854,382,353,2025-07-29,6,completed,employed,18600.0,
855,382,353,2026-01-25,12,completed,employed,19300.0,
856,383,354,2025-05-28,3,missed,,,
857,383,354,2025-08-26,6,completed,employed,17300.0,
858,383,354,2026-02-22,12,completed,employed,18200.0,
859,384,355,2025-06-24,3,completed,employed,15100.0,
860,384,355,2025-09-22,6,missed,,,
861,384,355,2026-03-21,12,completed,employed,15500.0,
862,385,356,2025-05-12,3,completed,employed,17700.0,
863,385,356,2025-08-10,6,completed,employed,18900.0,
864,385,356,2026-02-06,12,completed,employed,19400.0,
865,386,357,2025-05-08,3,completed,employed,16700.0,
866,386,357,2025-08-06,6,completed,employed,18000.0,
867,386,357,2026-02-02,12,completed,employed,18600.0,
868,387,358,2025-05-11,3,completed,employed,16800.0,
869,387,358,2025-08-09,6,completed,employed,18300.0,
870,387,358,2026-02-05,12,completed,employed,18700.0,
871,391,362,2025-05-29,3,completed,unemployed,,Moved to a better opportunity
872,391,362,2025-08-27,6,completed,unemployed,,
873,391,362,2026-02-23,12,completed,unemployed,,
874,392,363,2025-04-20,3,completed,employed,15500.0,
875,392,363,2025-07-19,6,completed,employed,16000.0,
876,392,363,2026-01-15,12,completed,employed,16900.0,
877,393,364,2025-05-24,3,completed,employed,19300.0,
878,393,364,2025-08-22,6,missed,,,
879,393,364,2026-02-18,12,missed,,,
880,394,365,2025-06-02,3,missed,,,
881,394,365,2025-08-31,6,completed,employed,15300.0,
882,394,365,2026-02-27,12,missed,,,
883,396,367,2025-06-13,3,completed,employed,15200.0,
884,396,367,2025-09-11,6,completed,employed,16300.0,
885,396,367,2026-03-10,12,completed,employed,16700.0,
886,398,369,2025-05-06,3,completed,employed,15500.0,
887,398,369,2025-08-04,6,completed,employed,16900.0,
888,398,369,2026-01-31,12,completed,employed,18000.0,
889,399,370,2025-06-12,3,completed,employed,13400.0,
890,399,370,2025-09-10,6,completed,employed,13900.0,
891,399,370,2026-03-09,12,completed,employed,15600.0,
892,400,371,2025-06-10,3,completed,employed,13200.0,
893,400,371,2025-09-08,6,completed,employed,13900.0,
894,400,371,2026-03-07,12,missed,,,
895,402,373,2025-06-06,3,completed,employed,16400.0,
896,402,373,2025-09-04,6,completed,employed,17000.0,
897,402,373,2026-03-03,12,completed,employed,18100.0,
898,403,374,2025-06-15,3,missed,,,
899,403,374,2025-09-13,6,completed,employed,16800.0,
900,403,374,2026-03-12,12,completed,employed,16600.0,
901,404,375,2025-04-29,3,completed,unemployed,,Left due to low wage relative to workload
902,404,375,2025-07-28,6,completed,unemployed,,
903,404,375,2026-01-24,12,missed,,,
904,406,377,2025-06-15,3,missed,,,
905,406,377,2025-09-13,6,completed,employed,13500.0,
906,406,377,2026-03-12,12,completed,unemployed,,Left due to low wage relative to workload
907,408,379,2025-05-05,3,completed,employed,17700.0,
908,408,379,2025-08-03,6,completed,employed,18600.0,
909,408,379,2026-01-30,12,completed,employed,18900.0,
910,410,381,2025-04-11,3,completed,employed,16800.0,
911,410,381,2025-07-10,6,completed,employed,17100.0,
912,410,381,2026-01-06,12,completed,employed,17700.0,
913,412,382,2025-03-30,3,missed,,,
914,412,382,2025-06-28,6,missed,,,
915,412,382,2025-12-25,12,completed,employed,15800.0,
916,413,383,2025-03-13,3,completed,employed,13800.0,
917,413,383,2025-06-11,6,completed,employed,13900.0,
918,413,383,2025-12-08,12,completed,unemployed,,Left due to low wage relative to workload
919,416,386,2025-04-12,3,completed,employed,13500.0,
920,416,386,2025-07-11,6,completed,employed,14800.0,
921,416,386,2026-01-07,12,completed,employed,15900.0,
922,417,387,2025-03-23,3,missed,,,
923,417,387,2025-06-21,6,missed,,,
924,417,387,2025-12-18,12,completed,employed,14000.0,
925,418,388,2025-04-26,3,completed,employed,15700.0,
926,418,388,2025-07-25,6,missed,,,
927,418,388,2026-01-21,12,completed,employed,16200.0,
928,422,392,2025-03-28,3,completed,employed,16300.0,
929,422,392,2025-06-26,6,completed,employed,16500.0,
930,422,392,2025-12-23,12,completed,employed,17200.0,
931,423,393,2025-02-26,3,completed,employed,11600.0,
932,423,393,2025-05-27,6,completed,employed,11900.0,
933,423,393,2025-11-23,12,completed,employed,12100.0,
934,424,394,2025-03-20,3,completed,employed,11800.0,
935,424,394,2025-06-18,6,completed,unemployed,,Moved to a better opportunity
936,424,394,2025-12-15,12,completed,unemployed,,
937,428,398,2025-04-17,3,completed,employed,15400.0,
938,428,398,2025-07-16,6,completed,employed,16000.0,
939,428,398,2026-01-12,12,completed,employed,16200.0,
940,433,403,2025-03-07,3,completed,employed,12900.0,
941,433,403,2025-06-05,6,completed,employed,13700.0,
942,433,403,2025-12-02,12,completed,employed,14300.0,
943,440,408,2025-04-11,3,missed,,,
944,440,408,2025-07-10,6,missed,,,
945,440,408,2026-01-06,12,completed,employed,15300.0,
946,441,409,2025-03-12,3,completed,employed,15100.0,
947,441,409,2025-06-10,6,completed,employed,16300.0,
948,441,409,2025-12-07,12,completed,employed,16500.0,
949,442,410,2025-03-08,3,completed,employed,16600.0,
950,442,410,2025-06-06,6,completed,employed,17200.0,
951,442,410,2025-12-03,12,completed,employed,17800.0,
952,443,411,2025-03-08,3,missed,,,
953,443,411,2025-06-06,6,completed,employed,11600.0,
954,443,411,2025-12-03,12,missed,,,
955,445,413,2025-04-17,3,completed,employed,16000.0,
956,445,413,2025-07-16,6,completed,employed,17000.0,
957,445,413,2026-01-12,12,completed,employed,16500.0,
958,446,414,2025-04-19,3,completed,employed,16200.0,
959,446,414,2025-07-18,6,missed,,,
960,446,414,2026-01-14,12,completed,employed,17100.0,
961,447,415,2025-04-03,3,completed,employed,12500.0,
962,447,415,2025-07-02,6,completed,employed,12200.0,
963,447,415,2025-12-29,12,completed,employed,12900.0,
964,448,416,2025-03-23,3,completed,employed,15800.0,
965,448,416,2025-06-21,6,completed,employed,17400.0,
966,448,416,2025-12-18,12,completed,unemployed,,Left due to low wage relative to workload
967,449,417,2025-02-27,3,completed,employed,12300.0,
968,449,417,2025-05-28,6,completed,employed,12700.0,
969,449,417,2025-11-24,12,completed,employed,12900.0,
970,450,418,2025-03-26,3,missed,,,
971,450,418,2025-06-24,6,completed,employed,15000.0,
972,450,418,2025-12-21,12,completed,employed,15200.0,
973,452,420,2025-03-02,3,completed,employed,14600.0,
974,452,420,2025-05-31,6,completed,employed,15200.0,
975,452,420,2025-11-27,12,completed,employed,15300.0,
976,453,421,2025-03-17,3,completed,unemployed,,Commute / relocation issues
977,453,421,2025-06-15,6,missed,,,
978,453,421,2025-12-12,12,missed,,,
979,455,422,2025-04-17,3,completed,employed,16300.0,
980,455,422,2025-07-16,6,completed,employed,16800.0,
981,455,422,2026-01-12,12,completed,employed,17500.0,
982,458,425,2025-04-23,3,completed,employed,11700.0,
983,458,425,2025-07-22,6,completed,employed,12300.0,
984,458,425,2026-01-18,12,completed,employed,13100.0,
985,459,426,2025-03-30,3,completed,employed,15000.0,
986,459,426,2025-06-28,6,completed,employed,15700.0,
987,459,426,2025-12-25,12,completed,employed,16500.0,
988,460,427,2025-03-11,3,completed,employed,12600.0,
989,460,427,2025-06-09,6,completed,employed,13500.0,
990,460,427,2025-12-06,12,completed,employed,13800.0,
991,461,428,2025-04-05,3,completed,employed,11400.0,
992,461,428,2025-07-04,6,completed,employed,11800.0,
993,461,428,2025-12-31,12,missed,,,
994,462,429,2025-04-17,3,completed,employed,16700.0,
995,462,429,2025-07-16,6,completed,employed,17300.0,
996,462,429,2026-01-12,12,completed,employed,18000.0,
997,463,430,2025-03-15,3,completed,employed,12800.0,
998,463,430,2025-06-13,6,completed,employed,13700.0,
999,463,430,2025-12-10,12,completed,employed,13700.0,
1000,464,431,2025-04-15,3,completed,employed,13600.0,
1001,464,431,2025-07-14,6,missed,,,
1002,464,431,2026-01-10,12,completed,employed,14100.0,
1003,467,433,2025-03-21,3,completed,employed,11300.0,
1004,467,433,2025-06-19,6,completed,employed,12100.0,
1005,467,433,2025-12-16,12,missed,,,
1006,471,437,2025-03-11,3,completed,employed,11900.0,
1007,471,437,2025-06-09,6,completed,employed,12100.0,
1008,471,437,2025-12-06,12,completed,employed,12900.0,
1009,472,438,2025-04-05,3,completed,employed,13300.0,
1010,472,438,2025-07-04,6,completed,employed,14200.0,
1011,472,438,2025-12-31,12,completed,employed,14400.0,
1012,474,439,2025-03-23,3,missed,,,
1013,474,439,2025-06-21,6,completed,employed,12700.0,
1014,474,439,2025-12-18,12,completed,employed,13800.0,
1015,475,440,2025-04-17,3,missed,,,
1016,475,440,2025-07-16,6,missed,,,
1017,475,440,2026-01-12,12,missed,,,
1018,478,443,2025-08-06,3,completed,employed,13400.0,
1019,478,443,2025-11-04,6,missed,,,
1020,478,443,2026-05-03,12,completed,employed,13700.0,
1021,481,445,2025-07-29,3,completed,employed,16600.0,
1022,481,445,2025-10-27,6,completed,employed,17300.0,
1023,481,445,2026-04-25,12,completed,employed,18200.0,
1024,483,446,2025-08-07,3,completed,employed,16800.0,
1025,483,446,2025-11-05,6,missed,,,
1026,483,446,2026-05-04,12,completed,employed,17600.0,
1027,484,447,2025-08-31,3,missed,,,
1028,484,447,2025-11-29,6,completed,employed,11700.0,
1029,484,447,2026-05-28,12,completed,employed,12400.0,
1030,486,449,2025-08-30,3,completed,employed,14600.0,
1031,486,449,2025-11-28,6,missed,,,
1032,486,449,2026-05-27,12,completed,employed,15400.0,
1033,487,450,2025-09-15,3,missed,,,
1034,487,450,2025-12-14,6,completed,employed,14000.0,
1035,487,450,2026-06-12,12,completed,employed,14200.0,
1036,489,452,2025-09-19,3,completed,employed,11100.0,
1037,489,452,2025-12-18,6,completed,employed,11300.0,
1038,489,452,2026-06-16,12,completed,employed,12200.0,
1039,490,453,2025-09-21,3,completed,unemployed,,Left due to low wage relative to workload
1040,490,453,2025-12-20,6,completed,unemployed,,
1041,490,453,2026-06-18,12,completed,unemployed,,
1042,491,454,2025-08-14,3,missed,,,
1043,491,454,2025-11-12,6,completed,employed,15200.0,
1044,491,454,2026-05-11,12,completed,employed,16500.0,
1045,492,455,2025-09-13,3,completed,employed,13500.0,
1046,492,455,2025-12-12,6,completed,employed,14300.0,
1047,492,455,2026-06-10,12,completed,unemployed,,Job did not match trained skillset
1048,493,456,2025-08-10,3,completed,employed,16500.0,
1049,493,456,2025-11-08,6,completed,employed,17200.0,
1050,493,456,2026-05-07,12,completed,employed,18200.0,
1051,494,457,2025-09-12,3,completed,employed,14000.0,
1052,494,457,2025-12-11,6,completed,employed,14600.0,
1053,494,457,2026-06-09,12,missed,,,
1054,495,458,2025-08-16,3,missed,,,
1055,495,458,2025-11-14,6,completed,employed,11800.0,
1056,495,458,2026-05-13,12,missed,,,
1057,496,459,2025-09-03,3,completed,employed,13000.0,
1058,496,459,2025-12-02,6,completed,employed,13300.0,
1059,496,459,2026-05-31,12,completed,employed,13800.0,
1060,497,460,2025-08-26,3,completed,employed,14200.0,
1061,497,460,2025-11-24,6,completed,employed,15000.0,
1062,497,460,2026-05-23,12,completed,employed,15700.0,
1063,498,461,2025-08-27,3,completed,employed,12000.0,
1064,498,461,2025-11-25,6,completed,unemployed,,Moved to a better opportunity
1065,498,461,2026-05-24,12,completed,unemployed,,
1066,501,464,2025-09-05,3,completed,employed,12400.0,
1067,501,464,2025-12-04,6,completed,employed,13400.0,
1068,501,464,2026-06-02,12,completed,employed,13900.0,
1069,502,465,2025-08-10,3,completed,employed,11900.0,
1070,502,465,2025-11-08,6,completed,employed,12000.0,
1071,502,465,2026-05-07,12,completed,employed,12100.0,
1072,504,467,2025-09-13,3,completed,employed,15000.0,
1073,504,467,2025-12-12,6,completed,employed,16200.0,
1074,504,467,2026-06-10,12,missed,,,
1075,506,468,2025-08-19,3,completed,employed,12600.0,
1076,506,468,2025-11-17,6,completed,employed,12900.0,
1077,506,468,2026-05-16,12,completed,unemployed,,Commute / relocation issues
1078,507,469,2025-09-28,3,completed,employed,12900.0,
1079,507,469,2025-12-27,6,missed,,,
1080,507,469,2026-06-25,12,completed,employed,13000.0,
1081,509,470,2025-09-13,3,completed,employed,15600.0,
1082,509,470,2025-12-12,6,missed,,,
1083,509,470,2026-06-10,12,completed,employed,16800.0,
1084,510,471,2025-09-28,3,completed,employed,15200.0,
1085,510,471,2025-12-27,6,completed,employed,15600.0,
1086,510,471,2026-06-25,12,missed,,,
1087,511,472,2025-09-20,3,completed,employed,13100.0,
1088,511,472,2025-12-19,6,completed,unemployed,,Family circumstances changed
1089,511,472,2026-06-17,12,completed,unemployed,,
1090,512,473,2025-08-01,3,completed,employed,11900.0,
1091,512,473,2025-10-30,6,completed,employed,13200.0,
1092,512,473,2026-04-28,12,completed,employed,14200.0,
1093,513,474,2025-08-09,3,completed,employed,13300.0,
1094,513,474,2025-11-07,6,missed,,,
1095,513,474,2026-05-06,12,completed,employed,13600.0,
1096,515,475,2025-07-30,3,completed,employed,16200.0,
1097,515,475,2025-10-28,6,completed,employed,16900.0,
1098,515,475,2026-04-26,12,missed,,,
1099,516,476,2025-09-09,3,completed,employed,12000.0,
1100,516,476,2025-12-08,6,completed,unemployed,,Left due to low wage relative to workload
1101,516,476,2026-06-06,12,completed,unemployed,,
1102,517,477,2025-09-10,3,completed,unemployed,,Job did not match trained skillset
1103,517,477,2025-12-09,6,completed,unemployed,,
1104,517,477,2026-06-07,12,completed,unemployed,,
1105,522,481,2025-08-23,3,completed,employed,14300.0,
1106,522,481,2025-11-21,6,completed,unemployed,,Left due to low wage relative to workload
1107,522,481,2026-05-20,12,completed,unemployed,,
1108,523,482,2025-08-31,3,completed,employed,12700.0,
1109,523,482,2025-11-29,6,missed,,,
1110,523,482,2026-05-28,12,completed,employed,13300.0,
1111,524,483,2025-09-12,3,completed,employed,12800.0,
1112,524,483,2025-12-11,6,completed,employed,13800.0,
1113,524,483,2026-06-09,12,completed,employed,14700.0,
1114,526,485,2025-08-15,3,missed,,,
1115,526,485,2025-11-13,6,completed,employed,13900.0,
1116,526,485,2026-05-12,12,completed,employed,14000.0,
1117,527,486,2025-08-27,3,completed,unemployed,,Left due to low wage relative to workload
1118,527,486,2025-11-25,6,completed,unemployed,,
1119,527,486,2026-05-24,12,completed,unemployed,,
1120,528,487,2025-08-04,3,missed,,,
1121,528,487,2025-11-02,6,completed,employed,14700.0,
1122,528,487,2026-05-01,12,completed,employed,15600.0,
1123,529,488,2025-08-29,3,completed,unemployed,,Job did not match trained skillset
1124,529,488,2025-11-27,6,completed,unemployed,,
1125,529,488,2026-05-26,12,completed,unemployed,,
1126,532,491,2025-08-10,3,completed,employed,12200.0,
1127,532,491,2025-11-08,6,completed,employed,13200.0,
1128,532,491,2026-05-07,12,completed,employed,14200.0,
1129,534,493,2025-09-10,3,completed,employed,11500.0,
1130,534,493,2025-12-09,6,completed,employed,12100.0,
1131,534,493,2026-06-07,12,completed,employed,12800.0,
1132,536,495,2025-09-11,3,completed,employed,14500.0,
1133,536,495,2025-12-10,6,completed,employed,15400.0,
1134,536,495,2026-06-08,12,completed,employed,15700.0,
1135,538,497,2025-09-07,3,completed,unemployed,,Commute / relocation issues
1136,538,497,2025-12-06,6,completed,unemployed,,
1137,538,497,2026-06-04,12,completed,unemployed,,
1138,539,498,2025-09-23,3,completed,employed,16300.0,
1139,539,498,2025-12-22,6,missed,,,
1140,539,498,2026-06-20,12,completed,unemployed,,Job did not match trained skillset
1141,540,499,2025-08-23,3,completed,employed,15900.0,
1142,540,499,2025-11-21,6,completed,unemployed,,Job did not match trained skillset
1143,540,499,2026-05-20,12,completed,unemployed,,
1144,541,500,2025-08-27,3,completed,employed,15100.0,
1145,541,500,2025-11-25,6,missed,,,
1146,541,500,2026-05-24,12,completed,unemployed,,Left due to low wage relative to workload
1147,542,501,2025-09-03,3,completed,employed,15500.0,
1148,542,501,2025-12-02,6,completed,employed,15800.0,
1149,542,501,2026-05-31,12,completed,employed,16000.0,
1150,545,503,2025-10-19,3,completed,employed,12500.0,
1151,545,503,2026-01-17,6,completed,employed,12800.0,
1152,545,503,2026-07-16,12,completed,employed,12800.0,
1153,548,506,2025-10-15,3,completed,employed,14200.0,
1154,548,506,2026-01-13,6,completed,employed,14300.0,
1155,548,506,2026-07-12,12,completed,employed,15200.0,
1156,551,509,2025-11-26,3,completed,employed,13800.0,
1157,551,509,2026-02-24,6,completed,employed,14900.0,
1158,551,509,2026-08-23,12,missed,,,
1159,552,510,2025-10-19,3,completed,employed,13200.0,
1160,552,510,2026-01-17,6,missed,,,
1161,552,510,2026-07-16,12,completed,employed,13800.0,
1162,553,511,2025-10-22,3,completed,employed,16800.0,
1163,553,511,2026-01-20,6,completed,employed,17600.0,
1164,553,511,2026-07-19,12,completed,employed,17600.0,
1165,554,512,2025-11-25,3,completed,employed,14100.0,
1166,554,512,2026-02-23,6,completed,employed,14100.0,
1167,554,512,2026-08-22,12,completed,unemployed,,Left due to low wage relative to workload
1168,555,513,2025-12-02,3,completed,employed,14900.0,
1169,555,513,2026-03-02,6,completed,employed,15700.0,
1170,555,513,2026-08-29,12,completed,unemployed,,Job did not match trained skillset
1171,556,514,2025-12-02,3,completed,employed,17600.0,
1172,556,514,2026-03-02,6,completed,employed,18600.0,
1173,556,514,2026-08-29,12,completed,unemployed,,Moved to a better opportunity
1174,557,515,2025-12-06,3,completed,employed,12300.0,
1175,557,515,2026-03-06,6,completed,unemployed,,Family circumstances changed
1176,557,515,2026-09-02,12,completed,unemployed,,
1177,558,516,2025-11-05,3,completed,unemployed,,Moved to a better opportunity
1178,558,516,2026-02-03,6,completed,unemployed,,
1179,558,516,2026-08-02,12,completed,unemployed,,
1180,559,517,2025-10-28,3,completed,employed,14200.0,
1181,559,517,2026-01-26,6,completed,employed,15000.0,
1182,559,517,2026-07-25,12,completed,employed,16100.0,
1183,564,522,2025-12-08,3,completed,employed,16500.0,
1184,564,522,2026-03-08,6,completed,employed,17900.0,
1185,564,522,2026-09-04,12,completed,employed,18400.0,
1186,565,523,2025-10-14,3,completed,employed,15100.0,
1187,565,523,2026-01-12,6,completed,employed,14900.0,
1188,565,523,2026-07-11,12,missed,,,
1189,566,524,2025-11-16,3,missed,,,
1190,566,524,2026-02-14,6,completed,employed,16700.0,
1191,566,524,2026-08-13,12,missed,,,
1192,568,526,2025-12-12,3,completed,employed,12400.0,
1193,568,526,2026-03-12,6,completed,employed,12800.0,
1194,568,526,2026-09-08,12,completed,employed,13200.0,
1195,569,527,2025-10-07,3,completed,employed,12100.0,
1196,569,527,2026-01-05,6,completed,employed,12800.0,
1197,569,527,2026-07-04,12,completed,employed,13400.0,
1198,572,530,2025-11-30,3,completed,employed,13600.0,
1199,572,530,2026-02-28,6,completed,employed,14100.0,
1200,572,530,2026-08-27,12,completed,employed,15300.0,
1201,573,531,2025-12-02,3,completed,employed,16200.0,
1202,573,531,2026-03-02,6,completed,employed,16400.0,
1203,573,531,2026-08-29,12,completed,employed,15900.0,
1204,574,532,2025-10-09,3,completed,employed,15600.0,
1205,574,532,2026-01-07,6,completed,employed,16300.0,
1206,574,532,2026-07-06,12,completed,unemployed,,Left due to low wage relative to workload
1207,576,533,2025-10-26,3,completed,employed,14100.0,
1208,576,533,2026-01-24,6,missed,,,
1209,576,533,2026-07-23,12,completed,employed,14600.0,
1210,577,534,2025-10-30,3,completed,employed,15200.0,
1211,577,534,2026-01-28,6,completed,employed,15800.0,
1212,577,534,2026-07-27,12,completed,employed,15200.0,
1213,581,536,2025-11-09,3,completed,employed,12500.0,
1214,581,536,2026-02-07,6,completed,employed,12600.0,
1215,581,536,2026-08-06,12,completed,employed,13600.0,
1216,582,537,2025-12-08,3,missed,,,
1217,582,537,2026-03-08,6,completed,employed,12500.0,
1218,582,537,2026-09-04,12,completed,employed,13000.0,
1219,583,538,2025-11-02,3,completed,employed,16000.0,
1220,583,538,2026-01-31,6,completed,employed,16600.0,
1221,583,538,2026-07-30,12,missed,,,
1222,584,539,2025-10-22,3,completed,employed,14900.0,
1223,584,539,2026-01-20,6,completed,employed,15400.0,
1224,584,539,2026-07-19,12,completed,employed,16400.0,
1225,586,541,2025-11-17,3,completed,employed,13700.0,
1226,586,541,2026-02-15,6,completed,employed,13700.0,
1227,586,541,2026-08-14,12,completed,employed,13900.0,
1228,588,543,2025-12-06,3,completed,employed,11500.0,
1229,588,543,2026-03-06,6,completed,employed,11900.0,
1230,588,543,2026-09-02,12,completed,employed,12800.0,
1231,589,544,2025-12-02,3,completed,employed,12600.0,
1232,589,544,2026-03-02,6,completed,employed,13300.0,
1233,589,544,2026-08-29,12,completed,employed,14200.0,
1234,590,545,2025-11-07,3,completed,employed,13900.0,
1235,590,545,2026-02-05,6,completed,employed,15200.0,
1236,590,545,2026-08-04,12,completed,employed,16000.0,
1237,591,546,2025-12-06,3,completed,employed,12100.0,
1238,591,546,2026-03-06,6,completed,employed,12300.0,
1239,591,546,2026-09-02,12,completed,employed,12400.0,
1240,593,548,2025-11-09,3,completed,employed,12800.0,
1241,593,548,2026-02-07,6,completed,employed,13300.0,
1242,593,548,2026-08-06,12,completed,employed,13200.0,
1243,597,552,2025-12-03,3,completed,employed,13400.0,
1244,597,552,2026-03-03,6,completed,employed,13900.0,
1245,597,552,2026-08-30,12,completed,employed,14500.0,
1246,598,553,2025-11-12,3,completed,employed,14800.0,
1247,598,553,2026-02-10,6,completed,employed,15400.0,
1248,598,553,2026-08-09,12,completed,employed,15900.0,
1249,599,554,2025-11-23,3,missed,,,
1250,599,554,2026-02-21,6,completed,employed,13500.0,
1251,599,554,2026-08-20,12,completed,employed,13700.0,
1252,600,555,2025-11-21,3,completed,employed,11600.0,
1253,600,555,2026-02-19,6,completed,employed,12000.0,
1254,600,555,2026-08-18,12,completed,employed,12400.0,
1255,603,558,2025-10-24,3,completed,employed,12000.0,
1256,603,558,2026-01-22,6,completed,employed,12800.0,
1257,603,558,2026-07-21,12,completed,employed,13600.0,
1258,604,559,2025-12-10,3,completed,employed,12800.0,
1259,604,559,2026-03-10,6,missed,,,
1260,604,559,2026-09-06,12,missed,,,
1261,606,561,2025-10-27,3,completed,employed,12800.0,
1262,606,561,2026-01-25,6,completed,employed,13600.0,
1263,606,561,2026-07-24,12,missed,,,
1264,607,562,2025-10-06,3,completed,employed,11700.0,
1265,607,562,2026-01-04,6,completed,employed,11500.0,
1266,607,562,2026-07-03,12,completed,employed,12200.0,
1267,611,565,2025-10-26,3,missed,,,
1268,611,565,2026-01-24,6,missed,,,
1269,611,565,2026-07-23,12,completed,employed,15100.0,
1270,612,566,2025-10-13,3,completed,unemployed,,Workplace conditions / employer issues
1271,612,566,2026-01-11,6,completed,unemployed,,
1272,612,566,2026-07-10,12,completed,unemployed,,
1273,614,568,2025-01-04,3,completed,employed,15200.0,
1274,614,568,2025-04-04,6,completed,employed,16300.0,
1275,614,568,2025-10-01,12,completed,employed,17200.0,
1276,616,569,2025-02-09,3,completed,employed,14600.0,
1277,616,569,2025-05-10,6,completed,employed,15000.0,
1278,616,569,2025-11-06,12,completed,employed,15700.0,
1279,617,570,2025-01-09,3,completed,employed,13900.0,
1280,617,570,2025-04-09,6,completed,employed,14900.0,
1281,617,570,2025-10-06,12,completed,employed,16000.0,
1282,618,571,2025-02-06,3,completed,employed,13300.0,
1283,618,571,2025-05-07,6,completed,employed,13300.0,
1284,618,571,2025-11-03,12,completed,employed,14100.0,
1285,619,572,2024-12-27,3,missed,,,
1286,619,572,2025-03-27,6,completed,employed,11400.0,
1287,619,572,2025-09-23,12,missed,,,
1288,620,573,2025-02-06,3,completed,employed,12300.0,
1289,620,573,2025-05-07,6,completed,employed,11700.0,
1290,620,573,2025-11-03,12,completed,employed,12300.0,
1291,621,574,2025-01-26,3,completed,employed,16500.0,
1292,621,574,2025-04-26,6,completed,employed,18300.0,
1293,621,574,2025-10-23,12,completed,employed,20700.0,
1294,623,575,2025-01-20,3,completed,employed,13200.0,
1295,623,575,2025-04-20,6,completed,employed,14600.0,
1296,623,575,2025-10-17,12,missed,,,
1297,624,576,2025-01-14,3,completed,employed,16300.0,
1298,624,576,2025-04-14,6,completed,employed,16800.0,
1299,624,576,2025-10-11,12,completed,employed,17400.0,
1300,625,577,2024-12-22,3,completed,unemployed,,Job did not match trained skillset
1301,625,577,2025-03-22,6,completed,unemployed,,
1302,625,577,2025-09-18,12,completed,unemployed,,
1303,628,578,2025-02-12,3,missed,,,
1304,628,578,2025-05-13,6,completed,employed,13900.0,
1305,628,578,2025-11-09,12,completed,employed,15000.0,
1306,629,579,2025-01-07,3,completed,employed,16800.0,
1307,629,579,2025-04-07,6,completed,employed,17800.0,
1308,629,579,2025-10-04,12,missed,,,
1309,631,581,2025-01-27,3,completed,employed,12300.0,
1310,631,581,2025-04-27,6,completed,employed,13100.0,
1311,631,581,2025-10-24,12,completed,employed,13400.0,
1312,633,583,2024-12-30,3,completed,employed,12700.0,
1313,633,583,2025-03-30,6,completed,employed,13100.0,
1314,633,583,2025-09-26,12,completed,employed,13400.0,
1315,634,584,2025-01-23,3,completed,employed,12800.0,
1316,634,584,2025-04-23,6,completed,employed,13700.0,
1317,634,584,2025-10-20,12,completed,employed,14300.0,
1318,635,585,2025-01-09,3,completed,employed,15600.0,
1319,635,585,2025-04-09,6,missed,,,
1320,635,585,2025-10-06,12,completed,employed,15300.0,
1321,636,586,2025-02-09,3,missed,,,
1322,636,586,2025-05-10,6,completed,employed,14600.0,
1323,636,586,2025-11-06,12,completed,employed,15300.0,
1324,638,588,2025-02-02,3,completed,employed,12600.0,
1325,638,588,2025-05-03,6,completed,employed,13000.0,
1326,638,588,2025-10-30,12,completed,unemployed,,Left due to low wage relative to workload
1327,639,589,2025-01-21,3,completed,unemployed,,Job did not match trained skillset
1328,639,589,2025-04-21,6,completed,unemployed,,
1329,639,589,2025-10-18,12,completed,unemployed,,
1330,641,591,2025-02-02,3,completed,employed,11800.0,
1331,641,591,2025-05-03,6,completed,employed,12900.0,
1332,641,591,2025-10-30,12,missed,,,
1333,644,593,2024-12-21,3,completed,employed,14300.0,
1334,644,593,2025-03-21,6,completed,employed,15500.0,
1335,644,593,2025-09-17,12,completed,employed,16300.0,
1336,645,594,2025-01-05,3,missed,,,
1337,645,594,2025-04-05,6,completed,employed,13600.0,
1338,645,594,2025-10-02,12,completed,employed,14100.0,
1339,646,595,2025-02-11,3,completed,employed,16100.0,
1340,646,595,2025-05-12,6,completed,employed,16600.0,
1341,646,595,2025-11-08,12,completed,unemployed,,Left due to low wage relative to workload
1342,649,597,2025-01-10,3,missed,,,
1343,649,597,2025-04-10,6,completed,employed,14200.0,
1344,649,597,2025-10-07,12,completed,employed,15200.0,
1345,654,602,2024-12-29,3,completed,employed,11400.0,
1346,654,602,2025-03-29,6,completed,employed,11500.0,
1347,654,602,2025-09-25,12,completed,employed,11900.0,
1348,656,604,2025-02-19,3,completed,employed,15600.0,
1349,656,604,2025-05-20,6,completed,employed,16000.0,
1350,656,604,2025-11-16,12,missed,,,
1351,661,608,2024-12-16,3,completed,employed,12900.0,
1352,661,608,2025-03-16,6,completed,employed,12900.0,
1353,661,608,2025-09-12,12,completed,employed,12800.0,
1354,663,610,2025-02-06,3,missed,,,
1355,663,610,2025-05-07,6,completed,employed,15400.0,
1356,663,610,2025-11-03,12,completed,employed,16600.0,
1357,665,612,2024-12-11,3,completed,employed,12700.0,
1358,665,612,2025-03-11,6,completed,employed,12900.0,
1359,665,612,2025-09-07,12,missed,,,
1360,666,613,2025-01-27,3,completed,employed,11700.0,
1361,666,613,2025-04-27,6,completed,employed,12200.0,
1362,666,613,2025-10-24,12,completed,employed,12700.0,
1363,668,615,2024-12-12,3,completed,employed,13000.0,
1364,668,615,2025-03-12,6,completed,employed,13300.0,
1365,668,615,2025-09-08,12,completed,employed,14200.0,
1366,670,617,2025-02-04,3,completed,employed,17100.0,
1367,670,617,2025-05-05,6,completed,employed,17400.0,
1368,670,617,2025-11-01,12,completed,employed,18700.0,
1369,674,621,2024-12-19,3,completed,employed,16100.0,
1370,674,621,2025-03-19,6,completed,employed,17300.0,
1371,674,621,2025-09-15,12,completed,employed,18300.0,
1372,675,622,2025-01-02,3,completed,employed,12600.0,
1373,675,622,2025-04-02,6,completed,employed,13500.0,
1374,675,622,2025-09-29,12,completed,employed,14300.0,
1375,677,623,2025-02-11,3,completed,employed,13200.0,
1376,677,623,2025-05-12,6,completed,employed,14200.0,
1377,677,623,2025-11-08,12,completed,employed,15200.0,
1378,678,624,2025-02-19,3,completed,employed,12500.0,
1379,678,624,2025-05-20,6,completed,employed,13200.0,
1380,678,624,2025-11-16,12,completed,employed,14000.0,
1381,680,626,2025-01-29,3,completed,employed,15100.0,
1382,680,626,2025-04-29,6,completed,employed,16000.0,
1383,680,626,2025-10-26,12,missed,,,
1384,681,627,2025-07-25,3,completed,unemployed,,Job did not match trained skillset
1385,681,627,2025-10-23,6,completed,unemployed,,
1386,681,627,2026-04-21,12,missed,,,
1387,682,628,2025-08-26,3,completed,employed,15400.0,
1388,682,628,2025-11-24,6,completed,unemployed,,Left due to low wage relative to workload
1389,682,628,2026-05-23,12,completed,unemployed,,
1390,684,630,2025-07-18,3,completed,employed,11400.0,
1391,684,630,2025-10-16,6,completed,employed,11800.0,
1392,684,630,2026-04-14,12,completed,employed,12300.0,
1393,685,631,2025-08-15,3,completed,employed,13400.0,
1394,685,631,2025-11-13,6,completed,employed,14400.0,
1395,685,631,2026-05-12,12,completed,employed,16100.0,
1396,686,632,2025-08-24,3,completed,employed,14200.0,
1397,686,632,2025-11-22,6,missed,,,
1398,686,632,2026-05-21,12,missed,,,
1399,687,633,2025-08-27,3,missed,,,
1400,687,633,2025-11-25,6,completed,employed,13100.0,
1401,687,633,2026-05-24,12,completed,unemployed,,Left due to low wage relative to workload
1402,689,635,2025-08-14,3,completed,employed,12500.0,
1403,689,635,2025-11-12,6,missed,,,
1404,689,635,2026-05-11,12,completed,employed,13200.0,
1405,691,636,2025-08-12,3,completed,employed,12800.0,
1406,691,636,2025-11-10,6,completed,employed,13800.0,
1407,691,636,2026-05-09,12,completed,employed,15100.0,
1408,692,637,2025-07-13,3,completed,unemployed,,Left due to low wage relative to workload
1409,692,637,2025-10-11,6,completed,unemployed,,
1410,692,637,2026-04-09,12,completed,unemployed,,
1411,694,639,2025-08-07,3,completed,employed,13200.0,
1412,694,639,2025-11-05,6,completed,unemployed,,Job did not match trained skillset
1413,694,639,2026-05-04,12,completed,unemployed,,
1414,697,641,2025-07-16,3,completed,employed,10000.0,
1415,697,641,2025-10-14,6,completed,employed,10900.0,
1416,697,641,2026-04-12,12,completed,employed,11300.0,
1417,698,642,2025-07-08,3,missed,,,
1418,698,642,2025-10-06,6,completed,employed,11900.0,
1419,698,642,2026-04-04,12,completed,employed,11500.0,
1420,702,645,2025-08-30,3,completed,employed,13600.0,
1421,702,645,2025-11-28,6,completed,employed,14100.0,
1422,702,645,2026-05-27,12,completed,employed,14400.0,
1423,703,646,2025-07-14,3,completed,employed,13700.0,
1424,703,646,2025-10-12,6,missed,,,
1425,703,646,2026-04-10,12,completed,employed,13800.0,
1426,704,647,2025-08-14,3,completed,employed,13700.0,
1427,704,647,2025-11-12,6,completed,employed,14500.0,
1428,704,647,2026-05-11,12,completed,employed,15400.0,
1429,705,648,2025-08-28,3,completed,employed,13900.0,
1430,705,648,2025-11-26,6,completed,employed,14300.0,
1431,705,648,2026-05-25,12,completed,employed,14700.0,
1432,709,651,2025-07-28,3,completed,employed,10300.0,
1433,709,651,2025-10-26,6,completed,employed,10800.0,
1434,709,651,2026-04-24,12,completed,employed,10400.0,
1435,711,653,2025-07-27,3,completed,employed,13400.0,
1436,711,653,2025-10-25,6,completed,employed,13600.0,
1437,711,653,2026-04-23,12,completed,employed,13700.0,
1438,714,655,2025-09-03,3,missed,,,
1439,714,655,2025-12-02,6,missed,,,
1440,714,655,2026-05-31,12,missed,,,
1441,717,658,2025-06-30,3,missed,,,
1442,717,658,2025-09-28,6,completed,employed,13500.0,
1443,717,658,2026-03-27,12,missed,,,
1444,718,659,2025-07-11,3,completed,employed,13800.0,
1445,718,659,2025-10-09,6,completed,employed,14600.0,
1446,718,659,2026-04-07,12,completed,employed,15500.0,
1447,719,660,2025-08-06,3,completed,employed,14700.0,
1448,719,660,2025-11-04,6,completed,employed,15500.0,
1449,719,660,2026-05-03,12,completed,employed,16200.0,
1450,720,661,2025-08-04,3,completed,employed,10600.0,
1451,720,661,2025-11-02,6,completed,employed,10800.0,
1452,720,661,2026-05-01,12,completed,employed,11600.0,
1453,725,666,2025-07-11,3,completed,employed,11000.0,
1454,725,666,2025-10-09,6,completed,employed,11400.0,
1455,725,666,2026-04-07,12,completed,employed,11700.0,
1456,728,669,2025-07-14,3,missed,,,
1457,728,669,2025-10-12,6,missed,,,
1458,728,669,2026-04-10,12,completed,unemployed,,Moved to a better opportunity
1459,729,670,2025-08-19,3,completed,employed,12600.0,
1460,729,670,2025-11-17,6,completed,employed,13900.0,
1461,729,670,2026-05-16,12,completed,employed,14700.0,
1462,730,671,2025-07-30,3,completed,employed,10500.0,
1463,730,671,2025-10-28,6,completed,employed,11100.0,
1464,730,671,2026-04-26,12,completed,employed,11300.0,
1465,731,672,2025-08-26,3,completed,employed,13200.0,
1466,731,672,2025-11-24,6,completed,employed,13500.0,
1467,731,672,2026-05-23,12,completed,employed,14300.0,
1468,732,673,2025-07-09,3,completed,employed,14200.0,
1469,732,673,2025-10-07,6,completed,employed,14700.0,
1470,732,673,2026-04-05,12,completed,employed,15500.0,
1471,736,676,2025-08-22,3,completed,employed,14800.0,
1472,736,676,2025-11-20,6,missed,,,
1473,736,676,2026-05-19,12,completed,employed,16200.0,
1474,737,677,2025-08-11,3,completed,employed,10200.0,
1475,737,677,2025-11-09,6,completed,employed,10300.0,
1476,737,677,2026-05-08,12,completed,employed,10000.0,
1477,738,678,2025-08-07,3,completed,employed,12800.0,
1478,738,678,2025-11-05,6,completed,employed,13400.0,
1479,738,678,2026-05-04,12,completed,employed,13900.0,
1480,741,681,2025-09-03,3,completed,employed,11300.0,
1481,741,681,2025-12-02,6,completed,employed,12000.0,
1482,741,681,2026-05-31,12,completed,employed,13200.0,
1483,742,682,2025-06-29,3,completed,employed,11800.0,
1484,742,682,2025-09-27,6,missed,,,
1485,742,682,2026-03-26,12,completed,employed,12800.0,
1486,743,683,2025-08-29,3,missed,,,
1487,743,683,2025-11-27,6,completed,employed,12700.0,
1488,743,683,2026-05-26,12,completed,employed,13800.0,
1489,744,684,2025-06-26,3,completed,employed,12700.0,
1490,744,684,2025-09-24,6,missed,,,
1491,744,684,2026-03-23,12,completed,employed,12000.0,
1492,745,685,2025-08-25,3,completed,employed,14000.0,
1493,745,685,2025-11-23,6,completed,employed,14500.0,
1494,745,685,2026-05-22,12,completed,unemployed,,Left due to low wage relative to workload
1495,746,686,2025-07-29,3,completed,employed,12200.0,
1496,746,686,2025-10-27,6,completed,employed,12500.0,
1497,746,686,2026-04-25,12,completed,employed,12700.0,
1498,747,687,2025-07-12,3,completed,employed,14800.0,
1499,747,687,2025-10-10,6,completed,employed,15100.0,
1500,747,687,2026-04-08,12,completed,employed,15400.0,
1501,748,688,2025-06-28,3,completed,employed,12200.0,
1502,748,688,2025-09-26,6,missed,,,
1503,748,688,2026-03-25,12,completed,employed,12700.0,
1504,749,689,2025-04-01,3,completed,employed,11600.0,
1505,749,689,2025-06-30,6,completed,employed,12600.0,
1506,749,689,2025-12-27,12,completed,employed,13700.0,
1507,750,690,2025-05-30,3,completed,employed,11300.0,
1508,750,690,2025-08-28,6,completed,employed,11000.0,
1509,750,690,2026-02-24,12,completed,employed,11100.0,
1510,751,691,2025-04-10,3,completed,unemployed,,Family circumstances changed
1511,751,691,2025-07-09,6,completed,unemployed,,
1512,751,691,2026-01-05,12,completed,unemployed,,
1513,754,694,2025-03-31,3,completed,employed,10700.0,
1514,754,694,2025-06-29,6,completed,employed,11000.0,
1515,754,694,2025-12-26,12,missed,,,
1516,755,695,2025-04-27,3,missed,,,
1517,755,695,2025-07-26,6,completed,employed,14300.0,
1518,755,695,2026-01-22,12,missed,,,
1519,758,697,2025-04-20,3,completed,employed,12600.0,
1520,758,697,2025-07-19,6,completed,employed,13400.0,
1521,758,697,2026-01-15,12,completed,employed,14600.0,
1522,759,698,2025-04-14,3,missed,,,
1523,759,698,2025-07-13,6,missed,,,
1524,759,698,2026-01-09,12,completed,employed,13700.0,
1525,761,700,2025-05-04,3,completed,employed,11100.0,
1526,761,700,2025-08-02,6,completed,employed,12100.0,
1527,761,700,2026-01-29,12,completed,employed,11900.0,
1528,762,701,2025-05-22,3,completed,employed,13000.0,
1529,762,701,2025-08-20,6,completed,unemployed,,Commute / relocation issues
1530,762,701,2026-02-16,12,completed,unemployed,,
1531,764,703,2025-05-03,3,missed,,,
1532,764,703,2025-08-01,6,completed,employed,10700.0,
1533,764,703,2026-01-28,12,missed,,,
1534,766,705,2025-04-09,3,completed,employed,12300.0,
1535,766,705,2025-07-08,6,completed,employed,13400.0,
1536,766,705,2026-01-04,12,completed,employed,13900.0,
1537,770,708,2025-05-08,3,completed,employed,14900.0,
1538,770,708,2025-08-06,6,completed,employed,15800.0,
1539,770,708,2026-02-02,12,completed,employed,17700.0,
1540,771,709,2025-05-27,3,missed,,,
1541,771,709,2025-08-25,6,completed,unemployed,,Workplace conditions / employer issues
1542,771,709,2026-02-21,12,completed,unemployed,,
1543,773,711,2025-05-26,3,completed,employed,11300.0,
1544,773,711,2025-08-24,6,completed,employed,11700.0,
1545,773,711,2026-02-20,12,completed,employed,12700.0,
1546,775,713,2025-05-22,3,completed,employed,15100.0,
1547,775,713,2025-08-20,6,completed,employed,15100.0,
1548,775,713,2026-02-16,12,missed,,,
1549,776,714,2025-06-05,3,completed,employed,12400.0,
1550,776,714,2025-09-03,6,missed,,,
1551,776,714,2026-03-02,12,completed,employed,13600.0,
1552,778,716,2025-05-18,3,completed,employed,10200.0,
1553,778,716,2025-08-16,6,completed,employed,10600.0,
1554,778,716,2026-02-12,12,completed,employed,11300.0,
1555,779,717,2025-04-19,3,completed,employed,14700.0,
1556,779,717,2025-07-18,6,completed,employed,14700.0,
1557,779,717,2026-01-14,12,completed,employed,15200.0,
1558,782,720,2025-05-23,3,completed,employed,13300.0,
1559,782,720,2025-08-21,6,completed,employed,14500.0,
1560,782,720,2026-02-17,12,completed,employed,15600.0,
1561,783,721,2025-04-13,3,completed,unemployed,,Family circumstances changed
1562,783,721,2025-07-12,6,completed,unemployed,,
1563,783,721,2026-01-08,12,completed,unemployed,,
1564,785,723,2025-06-05,3,completed,employed,11100.0,
1565,785,723,2025-09-03,6,completed,employed,11800.0,
1566,785,723,2026-03-02,12,completed,employed,12300.0,
1567,786,724,2025-05-08,3,completed,employed,13300.0,
1568,786,724,2025-08-06,6,completed,employed,14400.0,
1569,786,724,2026-02-02,12,completed,employed,14800.0,
1570,790,728,2025-05-09,3,completed,employed,10900.0,
1571,790,728,2025-08-07,6,completed,employed,11500.0,
1572,790,728,2026-02-03,12,completed,employed,12000.0,
1573,791,729,2025-04-10,3,completed,employed,11700.0,
1574,791,729,2025-07-09,6,completed,employed,12300.0,
1575,791,729,2026-01-05,12,completed,unemployed,,Commute / relocation issues
1576,793,731,2025-06-04,3,completed,employed,12600.0,
1577,793,731,2025-09-02,6,completed,employed,12800.0,
1578,793,731,2026-03-01,12,completed,employed,13400.0,
1579,794,732,2025-03-28,3,completed,employed,13100.0,
1580,794,732,2025-06-26,6,completed,employed,14000.0,
1581,794,732,2025-12-23,12,missed,,,
1582,796,733,2025-05-16,3,completed,employed,13600.0,
1583,796,733,2025-08-14,6,completed,employed,14400.0,
1584,796,733,2026-02-10,12,completed,employed,15600.0,
1585,797,734,2025-04-14,3,completed,employed,12400.0,
1586,797,734,2025-07-13,6,completed,employed,12400.0,
1587,797,734,2026-01-09,12,completed,employed,12900.0,
1588,798,735,2025-05-11,3,completed,employed,11600.0,
1589,798,735,2025-08-09,6,completed,employed,12700.0,
1590,798,735,2026-02-05,12,completed,employed,12500.0,
1591,801,738,2025-05-19,3,completed,employed,11700.0,
1592,801,738,2025-08-17,6,completed,employed,12700.0,
1593,801,738,2026-02-13,12,completed,employed,13600.0,
1594,803,740,2025-05-30,3,completed,employed,12000.0,
1595,803,740,2025-08-28,6,missed,,,
1596,803,740,2026-02-24,12,missed,,,
1597,807,744,2025-05-14,3,completed,employed,13200.0,
1598,807,744,2025-08-12,6,missed,,,
1599,807,744,2026-02-08,12,missed,,,
1600,808,745,2025-05-11,3,completed,employed,14600.0,
1601,808,745,2025-08-09,6,completed,employed,15600.0,
1602,808,745,2026-02-05,12,completed,employed,16400.0,
1603,810,747,2025-04-17,3,missed,,,
1604,810,747,2025-07-16,6,completed,employed,13300.0,
1605,810,747,2026-01-12,12,missed,,,
1606,813,749,2025-05-05,3,missed,,,
1607,813,749,2025-08-03,6,completed,employed,11400.0,
1608,813,749,2026-01-30,12,completed,unemployed,,Family circumstances changed
1609,816,752,2025-05-02,3,completed,employed,13100.0,
1610,816,752,2025-07-31,6,missed,,,
1611,816,752,2026-01-27,12,completed,employed,14100.0,
1612,817,753,2025-01-10,3,completed,employed,12800.0,
1613,817,753,2025-04-10,6,completed,employed,13600.0,
1614,817,753,2025-10-07,12,completed,employed,14400.0,
1615,819,754,2024-12-28,3,completed,employed,12500.0,
1616,819,754,2025-03-28,6,missed,,,
1617,819,754,2025-09-24,12,completed,employed,12800.0,
1618,821,756,2025-02-27,3,missed,,,
1619,821,756,2025-05-28,6,missed,,,
1620,821,756,2025-11-24,12,completed,employed,12200.0,
1621,822,757,2025-01-25,3,completed,employed,11200.0,
1622,822,757,2025-04-25,6,completed,employed,11700.0,
1623,822,757,2025-10-22,12,completed,employed,11800.0,
1624,824,759,2025-02-25,3,missed,,,
1625,824,759,2025-05-26,6,completed,employed,12100.0,
1626,824,759,2025-11-22,12,completed,employed,12700.0,
1627,825,760,2025-01-22,3,completed,employed,12500.0,
1628,825,760,2025-04-22,6,completed,employed,12700.0,
1629,825,760,2025-10-19,12,completed,employed,12600.0,
1630,828,763,2025-02-20,3,completed,employed,12200.0,
1631,828,763,2025-05-21,6,completed,employed,12500.0,
1632,828,763,2025-11-17,12,completed,unemployed,,Moved to a better opportunity
1633,832,766,2025-02-26,3,completed,employed,14600.0,
1634,832,766,2025-05-27,6,missed,,,
1635,832,766,2025-11-23,12,completed,employed,14800.0,
1636,833,767,2025-02-27,3,missed,,,
1637,833,767,2025-05-28,6,completed,employed,13000.0,
1638,833,767,2025-11-24,12,missed,,,
1639,834,768,2025-01-23,3,completed,employed,11700.0,
1640,834,768,2025-04-23,6,completed,unemployed,,Left due to low wage relative to workload
1641,834,768,2025-10-20,12,completed,unemployed,,
1642,835,769,2025-01-11,3,missed,,,
1643,835,769,2025-04-11,6,completed,employed,11900.0,
1644,835,769,2025-10-08,12,completed,employed,12500.0,
1645,836,770,2025-01-23,3,completed,employed,11000.0,
1646,836,770,2025-04-23,6,completed,employed,12300.0,
1647,836,770,2025-10-20,12,completed,employed,12400.0,
1648,838,772,2025-02-12,3,completed,employed,11400.0,
1649,838,772,2025-05-13,6,completed,employed,11300.0,
1650,838,772,2025-11-09,12,completed,employed,11700.0,
1651,839,773,2025-02-09,3,completed,employed,11600.0,
1652,839,773,2025-05-10,6,completed,employed,12100.0,
1653,839,773,2025-11-06,12,completed,employed,12700.0,
1654,840,774,2024-12-25,3,completed,unemployed,,Left due to low wage relative to workload
1655,840,774,2025-03-25,6,completed,unemployed,,
1656,840,774,2025-09-21,12,completed,unemployed,,
1657,843,777,2024-12-26,3,completed,employed,14100.0,
1658,843,777,2025-03-26,6,completed,unemployed,,Left due to low wage relative to workload
1659,843,777,2025-09-22,12,completed,unemployed,,
1660,844,778,2025-01-05,3,completed,employed,10900.0,
1661,844,778,2025-04-05,6,missed,,,
1662,844,778,2025-10-02,12,completed,employed,11500.0,
1663,845,779,2024-12-21,3,completed,employed,12400.0,
1664,845,779,2025-03-21,6,completed,employed,12700.0,
1665,845,779,2025-09-17,12,completed,employed,13500.0,
1666,846,780,2025-01-26,3,completed,unemployed,,Family circumstances changed
1667,846,780,2025-04-26,6,completed,unemployed,,
1668,846,780,2025-10-23,12,completed,unemployed,,
1669,848,782,2025-01-11,3,completed,unemployed,,Moved to a better opportunity
1670,848,782,2025-04-11,6,completed,unemployed,,
1671,848,782,2025-10-08,12,missed,,,
1672,849,783,2025-01-11,3,missed,,,
1673,849,783,2025-04-11,6,completed,employed,12000.0,
1674,849,783,2025-10-08,12,missed,,,
1675,851,785,2025-01-10,3,missed,,,
1676,851,785,2025-04-10,6,completed,employed,11100.0,
1677,851,785,2025-10-07,12,completed,employed,11800.0,
1678,852,786,2025-01-14,3,completed,employed,14400.0,
1679,852,786,2025-04-14,6,completed,employed,15700.0,
1680,852,786,2025-10-11,12,completed,employed,16100.0,
1681,853,787,2025-02-26,3,completed,employed,10600.0,
1682,853,787,2025-05-27,6,completed,employed,11100.0,
1683,853,787,2025-11-23,12,completed,employed,11300.0,
1684,854,788,2024-12-21,3,completed,employed,12400.0,
1685,854,788,2025-03-21,6,completed,employed,13200.0,
1686,854,788,2025-09-17,12,completed,employed,14200.0,
1687,856,790,2025-02-23,3,completed,employed,11900.0,
1688,856,790,2025-05-24,6,completed,employed,12700.0,
1689,856,790,2025-11-20,12,completed,unemployed,,Moved to a better opportunity
1690,858,791,2025-01-17,3,missed,,,
1691,858,791,2025-04-17,6,completed,employed,12600.0,
1692,858,791,2025-10-14,12,completed,employed,12700.0,
1693,859,792,2025-01-03,3,completed,employed,12100.0,
1694,859,792,2025-04-03,6,completed,employed,12400.0,
1695,859,792,2025-09-30,12,completed,employed,12600.0,
1696,860,793,2025-02-28,3,completed,employed,10900.0,
1697,860,793,2025-05-29,6,completed,employed,11400.0,
1698,860,793,2025-11-25,12,completed,employed,12100.0,
1699,862,795,2025-02-13,3,completed,employed,10700.0,
1700,862,795,2025-05-14,6,missed,,,
1701,862,795,2025-11-10,12,missed,,,
1702,865,797,2025-02-09,3,completed,employed,13200.0,
1703,865,797,2025-05-10,6,completed,employed,13300.0,
1704,865,797,2025-11-06,12,completed,employed,14000.0,
1705,866,798,2025-01-05,3,completed,employed,13200.0,
1706,866,798,2025-04-05,6,missed,,,
1707,866,798,2025-10-02,12,completed,employed,14600.0,
1708,868,800,2025-01-01,3,completed,employed,13400.0,
1709,868,800,2025-04-01,6,completed,employed,14200.0,
1710,868,800,2025-09-28,12,missed,,,
1711,872,803,2025-01-24,3,completed,employed,13700.0,
1712,872,803,2025-04-24,6,completed,employed,14800.0,
1713,872,803,2025-10-21,12,completed,employed,15200.0,
1714,876,806,2025-01-29,3,completed,employed,11600.0,
1715,876,806,2025-04-29,6,completed,employed,11700.0,
1716,876,806,2025-10-26,12,completed,employed,12100.0,
1717,878,808,2024-12-29,3,completed,employed,10800.0,
1718,878,808,2025-03-29,6,completed,employed,11300.0,
1719,878,808,2025-09-25,12,completed,employed,12400.0,
1720,880,809,2025-01-29,3,completed,unemployed,,Moved to a better opportunity
1721,880,809,2025-04-29,6,completed,unemployed,,
1722,880,809,2025-10-26,12,completed,unemployed,,
1723,881,810,2024-12-21,3,missed,,,
1724,881,810,2025-03-21,6,completed,employed,12700.0,
1725,881,810,2025-09-17,12,completed,employed,13400.0,
1726,882,811,2025-02-14,3,completed,employed,13300.0,
1727,882,811,2025-05-15,6,completed,employed,14100.0,
1728,882,811,2025-11-11,12,missed,,,
1729,883,812,2025-01-09,3,completed,employed,12100.0,
1730,883,812,2025-04-09,6,completed,employed,12400.0,
1731,883,812,2025-10-06,12,completed,employed,12800.0,
1732,884,813,2025-02-04,3,missed,,,
1733,884,813,2025-05-05,6,completed,employed,10200.0,
1734,884,813,2025-11-01,12,missed,,,
1735,888,817,2025-03-06,3,completed,employed,14600.0,
1736,888,817,2025-06-04,6,completed,employed,15200.0,
1737,888,817,2025-12-01,12,completed,employed,15600.0,
1738,891,820,2025-03-21,3,completed,employed,11900.0,
1739,891,820,2025-06-19,6,completed,employed,12000.0,
1740,891,820,2025-12-16,12,completed,employed,13100.0,
1741,895,823,2025-04-28,3,completed,employed,14000.0,
1742,895,823,2025-07-27,6,completed,employed,14700.0,
1743,895,823,2026-01-23,12,completed,employed,15900.0,
1744,898,826,2025-05-08,3,completed,employed,12300.0,
1745,898,826,2025-08-06,6,completed,employed,12600.0,
1746,898,826,2026-02-02,12,completed,employed,13100.0,
1747,900,827,2025-03-11,3,completed,unemployed,,Job did not match trained skillset
1748,900,827,2025-06-09,6,completed,unemployed,,
1749,900,827,2025-12-06,12,completed,unemployed,,
1750,905,831,2025-04-05,3,completed,employed,12300.0,
1751,905,831,2025-07-04,6,missed,,,
1752,905,831,2025-12-31,12,completed,unemployed,,Family circumstances changed
1753,906,832,2025-03-21,3,completed,unemployed,,Left due to low wage relative to workload
1754,906,832,2025-06-19,6,completed,unemployed,,
1755,906,832,2025-12-16,12,missed,,,
1756,907,833,2025-04-09,3,missed,,,
1757,907,833,2025-07-08,6,completed,employed,10900.0,
1758,907,833,2026-01-04,12,completed,employed,11300.0,
1759,911,836,2025-05-02,3,completed,employed,15300.0,
1760,911,836,2025-07-31,6,completed,employed,16600.0,
1761,911,836,2026-01-27,12,completed,employed,17100.0,
1762,914,839,2025-05-02,3,completed,employed,11400.0,
1763,914,839,2025-07-31,6,completed,employed,12500.0,
1764,914,839,2026-01-27,12,completed,employed,13400.0,
1765,915,840,2025-04-25,3,completed,employed,13800.0,
1766,915,840,2025-07-24,6,completed,employed,13100.0,
1767,915,840,2026-01-20,12,completed,employed,13000.0,
1768,916,841,2025-05-12,3,completed,employed,11800.0,
1769,916,841,2025-08-10,6,completed,employed,11700.0,
1770,916,841,2026-02-06,12,completed,employed,12600.0,
1771,917,842,2025-04-10,3,completed,employed,14200.0,
1772,917,842,2025-07-09,6,completed,unemployed,,Job did not match trained skillset
1773,917,842,2026-01-05,12,completed,unemployed,,
1774,919,843,2025-05-01,3,completed,employed,13800.0,
1775,919,843,2025-07-30,6,completed,employed,14500.0,
1776,919,843,2026-01-26,12,completed,employed,15900.0,
1777,921,845,2025-03-05,3,completed,employed,14600.0,
1778,921,845,2025-06-03,6,completed,employed,15300.0,
1779,921,845,2025-11-30,12,completed,employed,16000.0,
1780,923,847,2025-03-16,3,completed,employed,13000.0,
1781,923,847,2025-06-14,6,completed,employed,13300.0,
1782,923,847,2025-12-11,12,completed,employed,13700.0,
1783,924,848,2025-04-30,3,completed,employed,14500.0,
1784,924,848,2025-07-29,6,completed,employed,15400.0,
1785,924,848,2026-01-25,12,completed,unemployed,,Commute / relocation issues
1786,925,849,2025-03-25,3,missed,,,
1787,925,849,2025-06-23,6,completed,employed,10900.0,
1788,925,849,2025-12-20,12,completed,employed,10900.0,
1789,926,850,2025-05-05,3,completed,employed,14900.0,
1790,926,850,2025-08-03,6,completed,employed,15800.0,
1791,926,850,2026-01-30,12,completed,employed,16500.0,
1792,927,851,2025-04-17,3,completed,unemployed,,Family circumstances changed
1793,927,851,2025-07-16,6,completed,unemployed,,
1794,927,851,2026-01-12,12,completed,unemployed,,
1795,929,852,2025-04-02,3,completed,employed,11600.0,
1796,929,852,2025-07-01,6,completed,employed,11700.0,
1797,929,852,2025-12-28,12,completed,employed,12500.0,
1798,930,853,2025-04-17,3,completed,employed,13800.0,
1799,930,853,2025-07-16,6,completed,employed,14300.0,
1800,930,853,2026-01-12,12,completed,employed,15200.0,
1801,931,854,2025-04-05,3,completed,employed,12200.0,
1802,931,854,2025-07-04,6,completed,employed,12500.0,
1803,931,854,2025-12-31,12,missed,,,
1804,932,855,2025-05-11,3,completed,employed,12800.0,
1805,932,855,2025-08-09,6,completed,employed,13400.0,
1806,932,855,2026-02-05,12,completed,employed,14400.0,
1807,933,856,2025-04-18,3,missed,,,
1808,933,856,2025-07-17,6,missed,,,
1809,933,856,2026-01-13,12,missed,,,
1810,934,857,2025-05-01,3,completed,employed,11500.0,
1811,934,857,2025-07-30,6,missed,,,
1812,934,857,2026-01-26,12,completed,employed,12000.0,
1813,936,859,2025-04-21,3,completed,employed,12200.0,
1814,936,859,2025-07-20,6,completed,unemployed,,Commute / relocation issues
1815,936,859,2026-01-16,12,completed,unemployed,,
1816,937,860,2025-04-05,3,completed,employed,13600.0,
1817,937,860,2025-07-04,6,missed,,,
1818,937,860,2025-12-31,12,completed,employed,14200.0,
1819,938,861,2025-05-11,3,completed,employed,11100.0,
1820,938,861,2025-08-09,6,completed,employed,11800.0,
1821,938,861,2026-02-05,12,completed,employed,12400.0,
1822,939,862,2025-04-12,3,completed,employed,13500.0,
1823,939,862,2025-07-11,6,missed,,,
1824,939,862,2026-01-07,12,missed,,,
1825,940,863,2025-04-02,3,completed,employed,13900.0,
1826,940,863,2025-07-01,6,completed,employed,14900.0,
1827,940,863,2025-12-28,12,completed,employed,14900.0,
1828,942,865,2025-05-13,3,completed,employed,11900.0,
1829,942,865,2025-08-11,6,completed,employed,12800.0,
1830,942,865,2026-02-07,12,completed,employed,13200.0,
1831,943,866,2025-04-14,3,completed,unemployed,,Moved to a better opportunity
1832,943,866,2025-07-13,6,completed,unemployed,,
1833,943,866,2026-01-09,12,completed,unemployed,,
1834,944,867,2025-03-12,3,completed,employed,14300.0,
1835,944,867,2025-06-10,6,completed,employed,14900.0,
1836,944,867,2025-12-07,12,completed,employed,14800.0,
1837,946,868,2025-04-30,3,completed,employed,10700.0,
1838,946,868,2025-07-29,6,completed,employed,11000.0,
1839,946,868,2026-01-25,12,completed,employed,12200.0,
1840,947,869,2025-03-10,3,completed,employed,11400.0,
1841,947,869,2025-06-08,6,completed,unemployed,,Moved to a better opportunity
1842,947,869,2025-12-05,12,completed,unemployed,,
1843,949,871,2025-04-30,3,completed,employed,11200.0,
1844,949,871,2025-07-29,6,completed,employed,11300.0,
1845,949,871,2026-01-25,12,completed,employed,12200.0,
1846,950,872,2025-03-15,3,completed,employed,14600.0,
1847,950,872,2025-06-13,6,missed,,,
1848,950,872,2025-12-10,12,completed,employed,16000.0,
1849,951,873,2025-04-06,3,completed,employed,14200.0,
1850,951,873,2025-07-05,6,completed,employed,15100.0,
1851,951,873,2026-01-01,12,completed,employed,15600.0,
1852,953,875,2025-12-09,3,completed,employed,12500.0,
1853,953,875,2026-03-09,6,completed,employed,13400.0,
1854,953,875,2026-09-05,12,completed,employed,13700.0,
1855,954,876,2025-11-03,3,completed,employed,12700.0,
1856,954,876,2026-02-01,6,missed,,,
1857,954,876,2026-07-31,12,missed,,,
1858,955,877,2025-11-03,3,completed,employed,15500.0,
1859,955,877,2026-02-01,6,completed,employed,16500.0,
1860,955,877,2026-07-31,12,completed,employed,17700.0,
1861,957,878,2025-11-11,3,completed,employed,12900.0,
1862,957,878,2026-02-09,6,completed,employed,13300.0,
1863,957,878,2026-08-08,12,completed,unemployed,,Family circumstances changed
1864,958,879,2025-11-21,3,completed,employed,9800.0,
1865,958,879,2026-02-19,6,completed,unemployed,,Moved to a better opportunity
1866,958,879,2026-08-18,12,completed,unemployed,,
1867,959,880,2025-12-02,3,missed,,,
1868,959,880,2026-03-02,6,completed,employed,11900.0,
1869,959,880,2026-08-29,12,completed,employed,12500.0,
1870,960,881,2025-12-15,3,completed,employed,12800.0,
1871,960,881,2026-03-15,6,completed,employed,13100.0,
1872,960,881,2026-09-11,12,completed,employed,13700.0,
1873,962,883,2025-10-14,3,completed,employed,11000.0,
1874,962,883,2026-01-12,6,completed,employed,11500.0,
1875,962,883,2026-07-11,12,completed,employed,11600.0,
1876,963,884,2025-11-05,3,completed,employed,11800.0,
1877,963,884,2026-02-03,6,missed,,,
1878,963,884,2026-08-02,12,completed,employed,12700.0,
1879,965,886,2025-11-02,3,completed,employed,13500.0,
1880,965,886,2026-01-31,6,completed,employed,14000.0,
1881,965,886,2026-07-30,12,completed,employed,14300.0,
1882,966,887,2025-12-12,3,completed,employed,12400.0,
1883,966,887,2026-03-12,6,completed,employed,12200.0,
1884,966,887,2026-09-08,12,completed,employed,12600.0,
1885,970,891,2025-11-21,3,completed,employed,13100.0,
1886,970,891,2026-02-19,6,completed,employed,13400.0,
1887,970,891,2026-08-18,12,missed,,,
1888,971,892,2025-11-26,3,completed,unemployed,,Left due to low wage relative to workload
1889,971,892,2026-02-24,6,missed,,,
1890,971,892,2026-08-23,12,completed,unemployed,,
1891,974,895,2025-11-07,3,completed,employed,13600.0,
1892,974,895,2026-02-05,6,completed,employed,14300.0,
1893,974,895,2026-08-04,12,completed,employed,15000.0,
1894,975,896,2025-11-28,3,completed,employed,12800.0,
1895,975,896,2026-02-26,6,completed,employed,13800.0,
1896,975,896,2026-08-25,12,completed,employed,14400.0,
1897,978,898,2025-12-07,3,completed,employed,14700.0,
1898,978,898,2026-03-07,6,completed,employed,14400.0,
1899,978,898,2026-09-03,12,completed,employed,14300.0,
1900,980,900,2025-11-30,3,completed,employed,14100.0,
1901,980,900,2026-02-28,6,missed,,,
1902,980,900,2026-08-27,12,missed,,,
1903,982,902,2025-12-13,3,completed,employed,14900.0,
1904,982,902,2026-03-13,6,completed,employed,15300.0,
1905,982,902,2026-09-09,12,completed,employed,15500.0,
1906,983,903,2025-10-24,3,completed,employed,10000.0,
1907,983,903,2026-01-22,6,completed,employed,10300.0,
1908,983,903,2026-07-21,12,completed,employed,10900.0,
1909,986,905,2025-10-22,3,completed,employed,12400.0,
1910,986,905,2026-01-20,6,completed,employed,13100.0,
1911,986,905,2026-07-19,12,completed,employed,14100.0,
1912,987,906,2025-11-24,3,completed,employed,14300.0,
1913,987,906,2026-02-22,6,completed,employed,15300.0,
1914,987,906,2026-08-21,12,completed,employed,16200.0,
1915,991,909,2025-12-22,3,completed,employed,10900.0,
1916,991,909,2026-03-22,6,completed,employed,11700.0,
1917,991,909,2026-09-18,12,completed,employed,11800.0,
1918,992,910,2025-10-20,3,completed,employed,13700.0,
1919,992,910,2026-01-18,6,missed,,,
1920,992,910,2026-07-17,12,completed,employed,13700.0,
1921,993,911,2025-11-09,3,completed,unemployed,,Family circumstances changed
1922,993,911,2026-02-07,6,completed,unemployed,,
1923,993,911,2026-08-06,12,completed,unemployed,,
1924,995,913,2025-11-04,3,completed,employed,14500.0,
1925,995,913,2026-02-02,6,completed,employed,15400.0,
1926,995,913,2026-08-01,12,completed,employed,15800.0,
1927,998,916,2025-12-20,3,missed,,,
1928,998,916,2026-03-20,6,completed,employed,10100.0,
1929,998,916,2026-09-16,12,completed,employed,10600.0,
1930,1000,918,2025-12-08,3,completed,employed,11000.0,
1931,1000,918,2026-03-08,6,completed,employed,11200.0,
1932,1000,918,2026-09-04,12,missed,,,
1933,1006,924,2025-11-09,3,completed,employed,11300.0,
1934,1006,924,2026-02-07,6,completed,employed,11700.0,
1935,1006,924,2026-08-06,12,completed,employed,12100.0,
1936,1009,927,2025-10-16,3,completed,employed,14200.0,
1937,1009,927,2026-01-14,6,missed,,,
1938,1009,927,2026-07-13,12,completed,employed,14300.0,
1939,1012,930,2025-10-16,3,completed,unemployed,,Left due to low wage relative to workload
1940,1012,930,2026-01-14,6,completed,unemployed,,
1941,1012,930,2026-07-13,12,completed,unemployed,,
1942,1013,931,2025-10-22,3,completed,employed,11900.0,
1943,1013,931,2026-01-20,6,missed,,,
1944,1013,931,2026-07-19,12,completed,employed,12900.0,
1945,1014,932,2025-11-15,3,completed,employed,11800.0,
1946,1014,932,2026-02-13,6,completed,employed,12200.0,
1947,1014,932,2026-08-12,12,completed,employed,12300.0,
1948,1015,933,2025-12-04,3,missed,,,
1949,1015,933,2026-03-04,6,completed,employed,10400.0,
1950,1015,933,2026-08-31,12,missed,,,
1951,1016,934,2025-11-23,3,completed,unemployed,,Moved to a better opportunity
1952,1016,934,2026-02-21,6,completed,unemployed,,
1953,1016,934,2026-08-20,12,completed,unemployed,,
1954,1017,935,2025-10-19,3,completed,employed,9800.0,
1955,1017,935,2026-01-17,6,completed,employed,10100.0,
1956,1017,935,2026-07-16,12,completed,employed,10600.0,
1957,1018,936,2025-11-21,3,missed,,,
1958,1018,936,2026-02-19,6,completed,employed,14100.0,
1959,1018,936,2026-08-18,12,completed,employed,14600.0,
1960,1019,937,2025-11-06,3,missed,,,
1961,1019,937,2026-02-04,6,completed,employed,10400.0,
1962,1019,937,2026-08-03,12,completed,employed,10600.0,
1963,1020,938,2025-11-23,3,completed,employed,11900.0,
1964,1020,938,2026-02-21,6,completed,employed,12100.0,
1965,1020,938,2026-08-20,12,completed,employed,12800.0,
1966,1021,939,2025-04-29,3,completed,employed,12500.0,
1967,1021,939,2025-07-28,6,completed,unemployed,,Job did not match trained skillset
1968,1021,939,2026-01-24,12,completed,unemployed,,
1969,1023,941,2025-06-06,3,completed,employed,15800.0,
1970,1023,941,2025-09-04,6,completed,employed,16200.0,
1971,1023,941,2026-03-03,12,completed,unemployed,,Left due to low wage relative to workload
1972,1026,943,2025-05-19,3,completed,employed,12200.0,
1973,1026,943,2025-08-17,6,completed,employed,12600.0,
1974,1026,943,2026-02-13,12,completed,employed,13200.0,
1975,1027,944,2025-06-04,3,missed,,,
1976,1027,944,2025-09-02,6,completed,employed,10200.0,
1977,1027,944,2026-03-01,12,completed,employed,10700.0,
1978,1028,945,2025-05-03,3,completed,employed,10800.0,
1979,1028,945,2025-08-01,6,completed,employed,11200.0,
1980,1028,945,2026-01-28,12,completed,employed,12400.0,
1981,1029,946,2025-04-11,3,completed,unemployed,,Health-related reasons
1982,1029,946,2025-07-10,6,completed,unemployed,,
1983,1029,946,2026-01-06,12,missed,,,
1984,1030,947,2025-04-24,3,missed,,,
1985,1030,947,2025-07-23,6,missed,,,
1986,1030,947,2026-01-19,12,completed,employed,12000.0,
1987,1032,949,2025-05-03,3,completed,employed,13500.0,
1988,1032,949,2025-08-01,6,completed,employed,14200.0,
1989,1032,949,2026-01-28,12,completed,employed,14500.0,
1990,1035,951,2025-04-03,3,completed,employed,12600.0,
1991,1035,951,2025-07-02,6,completed,employed,13100.0,
1992,1035,951,2025-12-29,12,completed,employed,14200.0,
1993,1036,952,2025-06-04,3,completed,employed,16100.0,
1994,1036,952,2025-09-02,6,missed,,,
1995,1036,952,2026-03-01,12,completed,employed,16500.0,
1996,1037,953,2025-04-07,3,completed,employed,12600.0,
1997,1037,953,2025-07-06,6,completed,employed,13100.0,
1998,1037,953,2026-01-02,12,completed,employed,13800.0,
1999,1038,954,2025-05-15,3,completed,employed,11400.0,
2000,1038,954,2025-08-13,6,missed,,,
2001,1038,954,2026-02-09,12,completed,employed,12100.0,
2002,1041,957,2025-04-20,3,completed,employed,11400.0,
2003,1041,957,2025-07-19,6,completed,employed,11900.0,
2004,1041,957,2026-01-15,12,missed,,,
2005,1042,958,2025-04-25,3,missed,,,
2006,1042,958,2025-07-24,6,missed,,,
2007,1042,958,2026-01-20,12,completed,employed,16000.0,
2008,1043,959,2025-05-23,3,completed,unemployed,,Job did not match trained skillset
2009,1043,959,2025-08-21,6,missed,,,
2010,1043,959,2026-02-17,12,completed,unemployed,,
2011,1044,960,2025-04-28,3,completed,employed,12600.0,
2012,1044,960,2025-07-27,6,completed,employed,12900.0,
2013,1044,960,2026-01-23,12,missed,,,
2014,1047,963,2025-04-05,3,missed,,,
2015,1047,963,2025-07-04,6,completed,employed,11200.0,
2016,1047,963,2025-12-31,12,completed,employed,11800.0,
2017,1048,964,2025-05-20,3,completed,employed,11500.0,
2018,1048,964,2025-08-18,6,completed,employed,12200.0,
2019,1048,964,2026-02-14,12,completed,employed,11800.0,
2020,1050,966,2025-06-05,3,completed,employed,10500.0,
2021,1050,966,2025-09-03,6,completed,employed,10800.0,
2022,1050,966,2026-03-02,12,missed,,,
2023,1052,968,2025-06-09,3,missed,,,
2024,1052,968,2025-09-07,6,completed,employed,12900.0,
2025,1052,968,2026-03-06,12,completed,employed,13500.0,
2026,1053,969,2025-04-14,3,completed,employed,10300.0,
2027,1053,969,2025-07-13,6,completed,employed,10900.0,
2028,1053,969,2026-01-09,12,completed,employed,11300.0,
2029,1054,970,2025-05-29,3,completed,employed,9400.0,
2030,1054,970,2025-08-27,6,completed,employed,9900.0,
2031,1054,970,2026-02-23,12,completed,employed,10300.0,
2032,1055,971,2025-06-03,3,completed,employed,11700.0,
2033,1055,971,2025-09-01,6,completed,employed,12800.0,
2034,1055,971,2026-02-28,12,completed,employed,13700.0,
2035,1057,973,2025-05-25,3,completed,employed,14000.0,
2036,1057,973,2025-08-23,6,completed,employed,14500.0,
2037,1057,973,2026-02-19,12,completed,employed,15100.0,
2038,1060,976,2025-04-03,3,completed,employed,12800.0,
2039,1060,976,2025-07-02,6,completed,employed,13800.0,
2040,1060,976,2025-12-29,12,completed,employed,14800.0,
2041,1061,977,2025-04-20,3,completed,employed,14900.0,
2042,1061,977,2025-07-19,6,completed,employed,15700.0,
2043,1061,977,2026-01-15,12,completed,employed,16700.0,
2044,1062,978,2025-04-09,3,completed,employed,15000.0,
2045,1062,978,2025-07-08,6,completed,employed,15500.0,
2046,1062,978,2026-01-04,12,completed,employed,16100.0,
2047,1063,979,2025-04-20,3,missed,,,
2048,1063,979,2025-07-19,6,completed,employed,15200.0,
2049,1063,979,2026-01-15,12,missed,,,
2050,1067,982,2025-04-26,3,completed,employed,14000.0,
2051,1067,982,2025-07-25,6,completed,employed,14500.0,
2052,1067,982,2026-01-21,12,completed,employed,15200.0,
2053,1071,986,2025-04-28,3,missed,,,
2054,1071,986,2025-07-27,6,completed,employed,13900.0,
2055,1071,986,2026-01-23,12,completed,employed,13800.0,
2056,1072,987,2025-06-07,3,completed,employed,14500.0,
2057,1072,987,2025-09-05,6,missed,,,
2058,1072,987,2026-03-04,12,completed,employed,14500.0,
2059,1073,988,2025-05-09,3,completed,employed,11600.0,
2060,1073,988,2025-08-07,6,completed,employed,11900.0,
2061,1073,988,2026-02-03,12,missed,,,
2062,1076,991,2025-04-03,3,completed,employed,10600.0,
2063,1076,991,2025-07-02,6,completed,employed,11000.0,
2064,1076,991,2025-12-29,12,missed,,,
2065,1078,993,2025-05-02,3,completed,employed,10700.0,
2066,1078,993,2025-07-31,6,missed,,,
2067,1078,993,2026-01-27,12,completed,employed,10800.0,
2068,1083,998,2025-04-21,3,completed,employed,10300.0,
2069,1083,998,2025-07-20,6,completed,employed,10700.0,
2070,1083,998,2026-01-16,12,completed,employed,10700.0,
2071,1086,1001,2025-03-31,3,missed,,,
2072,1086,1001,2025-06-29,6,completed,employed,11200.0,
2073,1086,1001,2025-12-26,12,completed,unemployed,,Family circumstances changed
2074,1087,1002,2025-04-11,3,completed,employed,9800.0,
2075,1087,1002,2025-07-10,6,completed,employed,10600.0,
2076,1087,1002,2026-01-06,12,completed,employed,11400.0,
2077,1088,1003,2025-04-29,3,completed,employed,14700.0,
2078,1088,1003,2025-07-28,6,completed,employed,16300.0,
2079,1088,1003,2026-01-24,12,completed,employed,17000.0,
2080,1090,1005,2025-02-11,3,completed,employed,15700.0,
2081,1090,1005,2025-05-12,6,completed,employed,16700.0,
2082,1090,1005,2025-11-08,12,missed,,,
2083,1091,1006,2025-03-18,3,completed,employed,10400.0,
2084,1091,1006,2025-06-16,6,completed,employed,11100.0,
2085,1091,1006,2025-12-13,12,missed,,,
2086,1096,1011,2025-03-31,3,completed,employed,9500.0,
2087,1096,1011,2025-06-29,6,completed,employed,9700.0,
2088,1096,1011,2025-12-26,12,completed,employed,10400.0,
2089,1098,1013,2025-02-08,3,missed,,,
2090,1098,1013,2025-05-09,6,completed,employed,12600.0,
2091,1098,1013,2025-11-05,12,completed,employed,13700.0,
2092,1101,1015,2025-02-17,3,completed,employed,11900.0,
2093,1101,1015,2025-05-18,6,completed,employed,11900.0,
2094,1101,1015,2025-11-14,12,completed,employed,12300.0,
2095,1103,1017,2025-04-02,3,completed,unemployed,,Commute / relocation issues
2096,1103,1017,2025-07-01,6,completed,unemployed,,
2097,1103,1017,2025-12-28,12,missed,,,
2098,1105,1019,2025-03-08,3,completed,employed,14500.0,
2099,1105,1019,2025-06-06,6,completed,unemployed,,Family circumstances changed
2100,1105,1019,2025-12-03,12,completed,unemployed,,
2101,1107,1021,2025-03-01,3,completed,employed,15900.0,
2102,1107,1021,2025-05-30,6,completed,employed,16800.0,
2103,1107,1021,2025-11-26,12,missed,,,
2104,1111,1025,2025-02-26,3,completed,employed,14300.0,
2105,1111,1025,2025-05-27,6,completed,unemployed,,Left due to low wage relative to workload
2106,1111,1025,2025-11-23,12,completed,unemployed,,
2107,1114,1028,2025-02-21,3,completed,unemployed,,Left due to low wage relative to workload
2108,1114,1028,2025-05-22,6,missed,,,
2109,1114,1028,2025-11-18,12,missed,,,
2110,1117,1031,2025-02-25,3,completed,employed,10300.0,
2111,1117,1031,2025-05-26,6,completed,employed,11100.0,
2112,1117,1031,2025-11-22,12,completed,employed,11300.0,
2113,1118,1032,2025-03-18,3,completed,employed,10000.0,
2114,1118,1032,2025-06-16,6,completed,employed,11100.0,
2115,1118,1032,2025-12-13,12,completed,employed,11500.0,
2116,1119,1033,2025-03-31,3,completed,employed,14700.0,
2117,1119,1033,2025-06-29,6,completed,employed,15100.0,
2118,1119,1033,2025-12-26,12,completed,employed,16100.0,
2119,1120,1034,2025-02-23,3,completed,employed,15200.0,
2120,1120,1034,2025-05-24,6,completed,employed,16500.0,
2121,1120,1034,2025-11-20,12,completed,employed,18200.0,
2122,1121,1035,2025-02-08,3,completed,employed,14700.0,
2123,1121,1035,2025-05-09,6,completed,employed,15600.0,
2124,1121,1035,2025-11-05,12,completed,employed,17000.0,
2125,1122,1036,2025-02-15,3,completed,employed,14000.0,
2126,1122,1036,2025-05-16,6,completed,employed,14400.0,
2127,1122,1036,2025-11-12,12,completed,employed,15100.0,
2128,1123,1037,2025-02-24,3,completed,unemployed,,Workplace conditions / employer issues
2129,1123,1037,2025-05-25,6,completed,unemployed,,
2130,1123,1037,2025-11-21,12,completed,unemployed,,
2131,1125,1039,2025-03-10,3,completed,employed,11800.0,
2132,1125,1039,2025-06-08,6,completed,employed,12700.0,
2133,1125,1039,2025-12-05,12,completed,employed,13000.0,
2134,1130,1042,2025-03-17,3,completed,employed,11200.0,
2135,1130,1042,2025-06-15,6,completed,employed,11800.0,
2136,1130,1042,2025-12-12,12,completed,employed,12500.0,
2137,1132,1044,2025-03-24,3,completed,employed,9600.0,
2138,1132,1044,2025-06-22,6,completed,employed,10300.0,
2139,1132,1044,2025-12-19,12,completed,employed,10800.0,
2140,1133,1045,2025-03-10,3,completed,employed,12400.0,
2141,1133,1045,2025-06-08,6,completed,employed,12800.0,
2142,1133,1045,2025-12-05,12,missed,,,
2143,1134,1046,2025-02-12,3,completed,unemployed,,Commute / relocation issues
2144,1134,1046,2025-05-13,6,completed,unemployed,,
2145,1134,1046,2025-11-09,12,completed,unemployed,,
2146,1135,1047,2025-03-05,3,missed,,,
2147,1135,1047,2025-06-03,6,completed,employed,10100.0,
2148,1135,1047,2025-11-30,12,completed,unemployed,,Moved to a better opportunity
2149,1136,1048,2025-02-22,3,completed,employed,10200.0,
2150,1136,1048,2025-05-23,6,completed,employed,11000.0,
2151,1136,1048,2025-11-19,12,missed,,,
2152,1138,1050,2025-03-13,3,missed,,,
2153,1138,1050,2025-06-11,6,completed,employed,13900.0,
2154,1138,1050,2025-12-08,12,missed,,,
2155,1139,1051,2025-03-28,3,completed,employed,13100.0,
2156,1139,1051,2025-06-26,6,missed,,,
2157,1139,1051,2025-12-23,12,completed,employed,13700.0,
2158,1140,1052,2025-03-29,3,completed,employed,14100.0,
2159,1140,1052,2025-06-27,6,completed,employed,14600.0,
2160,1140,1052,2025-12-24,12,completed,unemployed,,Left due to low wage relative to workload
2161,1141,1053,2025-03-12,3,completed,employed,13400.0,
2162,1141,1053,2025-06-10,6,completed,employed,14000.0,
2163,1141,1053,2025-12-07,12,completed,unemployed,,Moved to a better opportunity
2164,1142,1054,2025-02-12,3,completed,employed,11900.0,
2165,1142,1054,2025-05-13,6,completed,employed,12500.0,
2166,1142,1054,2025-11-09,12,completed,employed,13400.0,
2167,1143,1055,2025-03-27,3,missed,,,
2168,1143,1055,2025-06-25,6,completed,unemployed,,Left due to low wage relative to workload
2169,1143,1055,2025-12-22,12,completed,unemployed,,
2170,1145,1057,2025-02-18,3,missed,,,
2171,1145,1057,2025-05-19,6,missed,,,
2172,1145,1057,2025-11-15,12,completed,unemployed,,Left due to low wage relative to workload
2173,1148,1059,2025-04-16,3,completed,employed,10600.0,
2174,1148,1059,2025-07-15,6,completed,employed,11100.0,
2175,1148,1059,2026-01-11,12,completed,employed,12200.0,
2176,1149,1060,2025-02-19,3,completed,employed,12300.0,
2177,1149,1060,2025-05-20,6,completed,employed,12300.0,
2178,1149,1060,2025-11-16,12,completed,employed,12800.0,
2179,1153,1063,2025-03-01,3,completed,employed,10600.0,
2180,1153,1063,2025-05-30,6,completed,employed,11000.0,
2181,1153,1063,2025-11-26,12,missed,,,
2182,1155,1064,2025-03-15,3,missed,,,
2183,1155,1064,2025-06-13,6,completed,employed,10400.0,
2184,1155,1064,2025-12-10,12,missed,,,
2185,1156,1065,2025-02-07,3,completed,employed,10700.0,
2186,1156,1065,2025-05-08,6,missed,,,
2187,1156,1065,2025-11-04,12,completed,employed,11300.0,
2188,1157,1066,2024-09-10,3,completed,employed,12100.0,
2189,1157,1066,2024-12-09,6,completed,employed,12900.0,
2190,1157,1066,2025-06-07,12,completed,employed,13700.0,
2191,1161,1069,2024-10-18,3,completed,employed,15700.0,
2192,1161,1069,2025-01-16,6,completed,employed,16600.0,
2193,1161,1069,2025-07-15,12,missed,,,
2194,1162,1070,2024-09-16,3,completed,employed,14100.0,
2195,1162,1070,2024-12-15,6,completed,employed,15100.0,
2196,1162,1070,2025-06-13,12,completed,employed,15300.0,
2197,1163,1071,2024-10-24,3,missed,,,
2198,1163,1071,2025-01-22,6,completed,employed,12100.0,
2199,1163,1071,2025-07-21,12,completed,employed,11700.0,
2200,1169,1077,2024-08-30,3,completed,employed,14500.0,
2201,1169,1077,2024-11-28,6,completed,employed,15300.0,
2202,1169,1077,2025-05-27,12,completed,employed,16000.0,
2203,1170,1078,2024-10-17,3,completed,employed,15300.0,
2204,1170,1078,2025-01-15,6,completed,employed,15900.0,
2205,1170,1078,2025-07-14,12,completed,employed,16400.0,
2206,1174,1081,2024-08-25,3,completed,employed,14000.0,
2207,1174,1081,2024-11-23,6,completed,employed,15100.0,
2208,1174,1081,2025-05-22,12,completed,employed,16200.0,
2209,1176,1082,2024-10-05,3,missed,,,
2210,1176,1082,2025-01-03,6,missed,,,
2211,1176,1082,2025-07-02,12,completed,employed,11000.0,
2212,1179,1084,2024-09-24,3,completed,employed,11600.0,
2213,1179,1084,2024-12-23,6,completed,employed,12000.0,
2214,1179,1084,2025-06-21,12,completed,employed,12800.0,
2215,1181,1086,2024-10-02,3,completed,employed,15600.0,
2216,1181,1086,2024-12-31,6,completed,employed,16700.0,
2217,1181,1086,2025-06-29,12,completed,employed,16400.0,
2218,1184,1088,2024-10-20,3,completed,employed,12800.0,
2219,1184,1088,2025-01-18,6,completed,employed,13300.0,
2220,1184,1088,2025-07-17,12,completed,employed,13400.0,
2221,1185,1089,2024-10-14,3,completed,employed,14200.0,
2222,1185,1089,2025-01-12,6,completed,employed,15000.0,
2223,1185,1089,2025-07-11,12,completed,employed,15200.0,
2224,1187,1090,2024-09-11,3,completed,employed,13600.0,
2225,1187,1090,2024-12-10,6,missed,,,
2226,1187,1090,2025-06-08,12,completed,unemployed,,Job did not match trained skillset
2227,1191,1093,2024-09-21,3,completed,employed,11400.0,
2228,1191,1093,2024-12-20,6,completed,employed,11900.0,
2229,1191,1093,2025-06-18,12,completed,employed,13200.0,
2230,1192,1094,2024-09-02,3,completed,unemployed,,Moved to a better opportunity
2231,1192,1094,2024-12-01,6,completed,unemployed,,
2232,1192,1094,2025-05-30,12,completed,unemployed,,
2233,1194,1096,2024-10-03,3,completed,employed,11500.0,
2234,1194,1096,2025-01-01,6,completed,employed,11600.0,
2235,1194,1096,2025-06-30,12,completed,employed,11500.0,
2236,1206,1108,2024-10-16,3,completed,employed,15500.0,
2237,1206,1108,2025-01-14,6,missed,,,
2238,1206,1108,2025-07-13,12,completed,employed,15400.0,
2239,1207,1109,2024-10-16,3,completed,employed,14400.0,
2240,1207,1109,2025-01-14,6,completed,unemployed,,Left due to low wage relative to workload
2241,1207,1109,2025-07-13,12,completed,unemployed,,
2242,1208,1110,2024-08-30,3,completed,employed,10300.0,
2243,1208,1110,2024-11-28,6,completed,employed,10400.0,
2244,1208,1110,2025-05-27,12,completed,employed,11000.0,
2245,1210,1111,2024-09-19,3,missed,,,
2246,1210,1111,2024-12-18,6,completed,employed,11700.0,
2247,1210,1111,2025-06-16,12,completed,employed,12200.0,
2248,1212,1113,2024-09-20,3,completed,employed,12500.0,
2249,1212,1113,2024-12-19,6,missed,,,
2250,1212,1113,2025-06-17,12,completed,employed,13400.0,
2251,1213,1114,2024-10-18,3,missed,,,
2252,1213,1114,2025-01-16,6,completed,employed,15200.0,
2253,1213,1114,2025-07-15,12,completed,employed,15900.0,
2254,1214,1115,2024-09-18,3,completed,unemployed,,Left due to low wage relative to workload
2255,1214,1115,2024-12-17,6,completed,unemployed,,
2256,1214,1115,2025-06-15,12,completed,unemployed,,
2257,1215,1116,2024-09-05,3,completed,employed,9700.0,
2258,1215,1116,2024-12-04,6,completed,employed,9900.0,
2259,1215,1116,2025-06-02,12,completed,employed,10500.0,
2260,1216,1117,2024-10-11,3,completed,employed,14200.0,
2261,1216,1117,2025-01-09,6,completed,employed,15100.0,
2262,1216,1117,2025-07-08,12,completed,employed,14700.0,
2263,1220,1121,2024-09-28,3,completed,employed,15100.0,
2264,1220,1121,2024-12-27,6,completed,employed,16100.0,
2265,1220,1121,2025-06-25,12,completed,unemployed,,Job did not match trained skillset
2266,1222,1123,2024-10-10,3,completed,employed,14300.0,
2267,1222,1123,2025-01-08,6,completed,employed,15100.0,
2268,1222,1123,2025-07-07,12,completed,employed,14900.0,
2269,1223,1124,2024-10-16,3,completed,employed,13500.0,
2270,1223,1124,2025-01-14,6,completed,employed,14100.0,
2271,1223,1124,2025-07-13,12,missed,,,
2272,1226,1127,2024-09-16,3,completed,employed,11200.0,
2273,1226,1127,2024-12-15,6,completed,employed,11500.0,
2274,1226,1127,2025-06-13,12,completed,employed,12200.0,
2275,1232,1132,2024-09-12,3,completed,employed,11900.0,
2276,1232,1132,2024-12-11,6,completed,employed,12100.0,
2277,1232,1132,2025-06-09,12,completed,employed,12900.0,
2278,1234,1133,2024-08-31,3,completed,employed,9000.0,
2279,1234,1133,2024-11-29,6,missed,,,
2280,1234,1133,2025-05-28,12,completed,employed,9100.0,
2281,1235,1134,2024-08-08,3,completed,employed,12300.0,
2282,1235,1134,2024-11-06,6,completed,employed,12900.0,
2283,1235,1134,2025-05-05,12,missed,,,
2284,1244,1143,2024-08-29,3,completed,employed,11100.0,
2285,1244,1143,2024-11-27,6,completed,employed,11700.0,
2286,1244,1143,2025-05-26,12,completed,employed,12100.0,
2287,1249,1148,2024-09-19,3,missed,,,
2288,1249,1148,2024-12-18,6,missed,,,
2289,1249,1148,2025-06-16,12,completed,employed,9400.0,
2290,1254,1152,2024-08-18,3,completed,unemployed,,Left due to low wage relative to workload
2291,1254,1152,2024-11-16,6,completed,unemployed,,
2292,1254,1152,2025-05-15,12,completed,unemployed,,
2293,1255,1153,2024-08-02,3,completed,employed,9500.0,
2294,1255,1153,2024-10-31,6,missed,,,
2295,1255,1153,2025-04-29,12,completed,employed,9500.0,
2296,1259,1157,2024-08-15,3,completed,employed,11600.0,
2297,1259,1157,2024-11-13,6,completed,employed,12000.0,
2298,1259,1157,2025-05-12,12,missed,,,
2299,1263,1161,2024-10-04,3,completed,employed,10700.0,
2300,1263,1161,2025-01-02,6,completed,employed,11400.0,
2301,1263,1161,2025-07-01,12,completed,employed,11900.0,
2302,1264,1162,2024-09-19,3,completed,employed,10500.0,
2303,1264,1162,2024-12-18,6,completed,employed,11100.0,
2304,1264,1162,2025-06-16,12,completed,employed,11500.0,
2305,1265,1163,2024-09-11,3,completed,employed,11900.0,
2306,1265,1163,2024-12-10,6,completed,employed,12400.0,
2307,1265,1163,2025-06-08,12,completed,unemployed,,Health-related reasons
2308,1267,1165,2024-09-23,3,completed,employed,9900.0,
2309,1267,1165,2024-12-22,6,completed,employed,10400.0,
2310,1267,1165,2025-06-20,12,completed,employed,10800.0,
2311,1270,1168,2024-08-30,3,missed,,,
2312,1270,1168,2024-11-28,6,missed,,,
2313,1270,1168,2025-05-27,12,missed,,,
2314,1271,1169,2024-09-03,3,completed,employed,10500.0,
2315,1271,1169,2024-12-02,6,completed,employed,10800.0,
2316,1271,1169,2025-05-31,12,completed,employed,11800.0,
2317,1272,1170,2024-09-24,3,missed,,,
2318,1272,1170,2024-12-23,6,missed,,,
2319,1272,1170,2025-06-21,12,completed,employed,12400.0,
2320,1275,1173,2024-08-13,3,completed,employed,12200.0,
2321,1275,1173,2024-11-11,6,missed,,,
2322,1275,1173,2025-05-10,12,completed,employed,12100.0,
2323,1276,1174,2024-09-04,3,completed,employed,9800.0,
2324,1276,1174,2024-12-03,6,completed,employed,9700.0,
2325,1276,1174,2025-06-01,12,completed,employed,10200.0,
2326,1277,1175,2024-09-01,3,missed,,,
2327,1277,1175,2024-11-30,6,completed,employed,11000.0,
2328,1277,1175,2025-05-29,12,completed,employed,11400.0,
2329,1278,1176,2024-08-27,3,completed,employed,10500.0,
2330,1278,1176,2024-11-25,6,completed,employed,10800.0,
2331,1278,1176,2025-05-24,12,completed,employed,11000.0,
2332,1280,1178,2024-09-21,3,completed,employed,12500.0,
2333,1280,1178,2024-12-20,6,completed,employed,13300.0,
2334,1280,1178,2025-06-18,12,completed,employed,14700.0,
2335,1282,1180,2024-07-30,3,missed,,,
2336,1282,1180,2024-10-28,6,completed,employed,10100.0,
2337,1282,1180,2025-04-26,12,missed,,,
2338,1285,1183,2024-08-27,3,completed,employed,9300.0,
2339,1285,1183,2024-11-25,6,missed,,,
2340,1285,1183,2025-05-24,12,completed,unemployed,,Moved to a better opportunity
2341,1287,1185,2024-08-20,3,completed,unemployed,,Commute / relocation issues
2342,1287,1185,2024-11-18,6,completed,unemployed,,
2343,1287,1185,2025-05-17,12,completed,unemployed,,
2344,1289,1186,2024-08-26,3,completed,employed,12600.0,
2345,1289,1186,2024-11-24,6,completed,employed,13700.0,
2346,1289,1186,2025-05-23,12,missed,,,
2347,1290,1187,2024-08-07,3,completed,employed,13000.0,
2348,1290,1187,2024-11-05,6,completed,employed,13300.0,
2349,1290,1187,2025-05-04,12,completed,employed,14100.0,
2350,1293,1190,2025-10-05,3,completed,employed,12800.0,
2351,1293,1190,2026-01-03,6,completed,employed,13500.0,
2352,1293,1190,2026-07-02,12,completed,employed,14300.0,
2353,1294,1191,2025-10-07,3,completed,employed,11300.0,
2354,1294,1191,2026-01-05,6,completed,employed,12000.0,
2355,1294,1191,2026-07-04,12,completed,employed,12800.0,
2356,1296,1193,2025-10-06,3,completed,unemployed,,Commute / relocation issues
2357,1296,1193,2026-01-04,6,completed,unemployed,,
2358,1296,1193,2026-07-03,12,completed,unemployed,,
2359,1298,1194,2025-09-02,3,completed,employed,13500.0,
2360,1298,1194,2025-12-01,6,missed,,,
2361,1298,1194,2026-05-30,12,completed,employed,13600.0,
2362,1300,1195,2025-10-13,3,missed,,,
2363,1300,1195,2026-01-11,6,completed,employed,14000.0,
2364,1300,1195,2026-07-10,12,completed,employed,14100.0,
2365,1301,1196,2025-09-29,3,missed,,,
2366,1301,1196,2025-12-28,6,completed,employed,12900.0,
2367,1301,1196,2026-06-26,12,missed,,,
2368,1302,1197,2025-08-21,3,completed,employed,11200.0,
2369,1302,1197,2025-11-19,6,completed,employed,11400.0,
2370,1302,1197,2026-05-18,12,missed,,,
2371,1304,1198,2025-09-14,3,completed,employed,10900.0,
2372,1304,1198,2025-12-13,6,completed,employed,11100.0,
2373,1304,1198,2026-06-11,12,completed,employed,11500.0,
2374,1305,1199,2025-08-23,3,completed,employed,11400.0,
2375,1305,1199,2025-11-21,6,completed,employed,12400.0,
2376,1305,1199,2026-05-20,12,missed,,,
2377,1307,1201,2025-10-02,3,completed,employed,13100.0,
2378,1307,1201,2025-12-31,6,completed,employed,14500.0,
2379,1307,1201,2026-06-29,12,completed,employed,16000.0,
2380,1315,1208,2025-08-24,3,completed,employed,11600.0,
2381,1315,1208,2025-11-22,6,completed,employed,12500.0,
2382,1315,1208,2026-05-21,12,completed,employed,13400.0,
2383,1317,1210,2025-09-01,3,completed,employed,12700.0,
2384,1317,1210,2025-11-30,6,completed,employed,12900.0,
2385,1317,1210,2026-05-29,12,completed,employed,12800.0,
2386,1318,1211,2025-09-22,3,completed,employed,9700.0,
2387,1318,1211,2025-12-21,6,completed,employed,10000.0,
2388,1318,1211,2026-06-19,12,completed,employed,10900.0,
2389,1319,1212,2025-08-20,3,completed,employed,13400.0,
2390,1319,1212,2025-11-18,6,completed,employed,13400.0,
2391,1319,1212,2026-05-17,12,completed,unemployed,,Family circumstances changed
2392,1322,1215,2025-10-15,3,completed,employed,13700.0,
2393,1322,1215,2026-01-13,6,completed,employed,14400.0,
2394,1322,1215,2026-07-12,12,missed,,,
2395,1324,1217,2025-10-08,3,completed,unemployed,,Moved to a better opportunity
2396,1324,1217,2026-01-06,6,completed,unemployed,,
2397,1324,1217,2026-07-05,12,completed,unemployed,,
2398,1325,1218,2025-09-13,3,completed,employed,10500.0,
2399,1325,1218,2025-12-12,6,completed,employed,11700.0,
2400,1325,1218,2026-06-10,12,completed,employed,11700.0,
2401,1327,1220,2025-10-17,3,missed,,,
2402,1327,1220,2026-01-15,6,completed,employed,11700.0,
2403,1327,1220,2026-07-14,12,completed,employed,12200.0,
2404,1332,1224,2025-08-20,3,completed,employed,10600.0,
2405,1332,1224,2025-11-18,6,completed,employed,10500.0,
2406,1332,1224,2026-05-17,12,missed,,,
2407,1333,1225,2025-09-10,3,completed,employed,11900.0,
2408,1333,1225,2025-12-09,6,completed,unemployed,,Health-related reasons
2409,1333,1225,2026-06-07,12,completed,unemployed,,
2410,1339,1231,2025-08-23,3,completed,employed,11800.0,
2411,1339,1231,2025-11-21,6,missed,,,
2412,1339,1231,2026-05-20,12,completed,unemployed,,Left due to low wage relative to workload
2413,1341,1233,2025-08-21,3,completed,employed,10800.0,
2414,1341,1233,2025-11-19,6,completed,employed,11100.0,
2415,1341,1233,2026-05-18,12,completed,employed,11100.0,
2416,1343,1235,2025-08-30,3,completed,employed,11000.0,
2417,1343,1235,2025-11-28,6,completed,unemployed,,Family circumstances changed
2418,1343,1235,2026-05-27,12,completed,unemployed,,
2419,1346,1238,2025-08-26,3,completed,employed,10200.0,
2420,1346,1238,2025-11-24,6,completed,employed,11100.0,
2421,1346,1238,2026-05-23,12,completed,employed,11800.0,
2422,1348,1240,2025-09-18,3,completed,employed,10500.0,
2423,1348,1240,2025-12-17,6,completed,unemployed,,Moved to a better opportunity
2424,1348,1240,2026-06-15,12,completed,unemployed,,
2425,1349,1241,2025-09-25,3,completed,unemployed,,Left due to low wage relative to workload
2426,1349,1241,2025-12-24,6,completed,unemployed,,
2427,1349,1241,2026-06-22,12,completed,unemployed,,
2428,1350,1242,2025-08-30,3,missed,,,
2429,1350,1242,2025-11-28,6,completed,employed,9900.0,
2430,1350,1242,2026-05-27,12,completed,employed,10400.0,
2431,1351,1243,2025-09-02,3,completed,employed,9800.0,
2432,1351,1243,2025-12-01,6,completed,employed,10100.0,
2433,1351,1243,2026-05-30,12,completed,employed,10500.0,
2434,1356,1247,2025-08-22,3,completed,employed,10600.0,
2435,1356,1247,2025-11-20,6,completed,employed,11100.0,
2436,1356,1247,2026-05-19,12,completed,employed,11800.0,
2437,1357,1248,2025-10-02,3,completed,employed,11100.0,
2438,1357,1248,2025-12-31,6,completed,employed,11600.0,
2439,1357,1248,2026-06-29,12,completed,employed,12000.0,
2440,1358,1249,2025-09-08,3,completed,employed,10200.0,
2441,1358,1249,2025-12-07,6,completed,employed,11300.0,
2442,1358,1249,2026-06-05,12,completed,employed,11900.0,
2443,1363,1253,2024-10-21,3,completed,employed,9600.0,
2444,1363,1253,2025-01-19,6,completed,unemployed,,Left due to low wage relative to workload
2445,1363,1253,2025-07-18,12,completed,unemployed,,
2446,1365,1255,2024-09-23,3,completed,employed,11000.0,
2447,1365,1255,2024-12-22,6,missed,,,
2448,1365,1255,2025-06-20,12,completed,employed,12200.0,
2449,1367,1257,2024-10-26,3,completed,employed,10800.0,
2450,1367,1257,2025-01-24,6,completed,employed,11600.0,
2451,1367,1257,2025-07-23,12,completed,unemployed,,Job did not match trained skillset
2452,1368,1258,2024-09-27,3,completed,employed,12700.0,
2453,1368,1258,2024-12-26,6,completed,employed,12700.0,
2454,1368,1258,2025-06-24,12,completed,employed,12900.0,
2455,1371,1261,2024-09-26,3,completed,employed,13600.0,
2456,1371,1261,2024-12-25,6,completed,employed,14400.0,
2457,1371,1261,2025-06-23,12,completed,employed,15600.0,
2458,1372,1262,2024-09-30,3,completed,employed,11600.0,
2459,1372,1262,2024-12-29,6,completed,employed,11800.0,
2460,1372,1262,2025-06-27,12,completed,employed,13000.0,
2461,1374,1264,2024-09-27,3,completed,unemployed,,Workplace conditions / employer issues
2462,1374,1264,2024-12-26,6,completed,unemployed,,
2463,1374,1264,2025-06-24,12,completed,unemployed,,
2464,1378,1268,2024-10-12,3,missed,,,
2465,1378,1268,2025-01-10,6,completed,employed,13600.0,
2466,1378,1268,2025-07-09,12,missed,,,
2467,1380,1270,2024-09-10,3,completed,unemployed,,Family circumstances changed
2468,1380,1270,2024-12-09,6,completed,unemployed,,
2469,1380,1270,2025-06-07,12,completed,unemployed,,
2470,1383,1272,2024-11-11,3,completed,employed,11900.0,
2471,1383,1272,2025-02-09,6,completed,employed,12500.0,
2472,1383,1272,2025-08-08,12,completed,employed,13400.0,
2473,1385,1274,2024-10-04,3,completed,employed,10600.0,
2474,1385,1274,2025-01-02,6,missed,,,
2475,1385,1274,2025-07-01,12,completed,employed,11000.0,
2476,1389,1278,2024-10-24,3,completed,employed,12300.0,
2477,1389,1278,2025-01-22,6,completed,employed,12800.0,
2478,1389,1278,2025-07-21,12,completed,employed,13900.0,
2479,1391,1280,2024-10-16,3,completed,employed,11300.0,
2480,1391,1280,2025-01-14,6,completed,employed,11500.0,
2481,1391,1280,2025-07-13,12,completed,employed,11700.0,
2482,1396,1283,2024-11-07,3,completed,employed,11900.0,
2483,1396,1283,2025-02-05,6,completed,unemployed,,Commute / relocation issues
2484,1396,1283,2025-08-04,12,completed,unemployed,,
2485,1400,1286,2024-10-27,3,completed,employed,10200.0,
2486,1400,1286,2025-01-25,6,completed,employed,10300.0,
2487,1400,1286,2025-07-24,12,completed,employed,10300.0,
2488,1403,1289,2024-10-20,3,completed,employed,10100.0,
2489,1403,1289,2025-01-18,6,completed,employed,10300.0,
2490,1403,1289,2025-07-17,12,missed,,,
2491,1404,1290,2024-09-05,3,completed,employed,10800.0,
2492,1404,1290,2024-12-04,6,completed,employed,11400.0,
2493,1404,1290,2025-06-02,12,missed,,,
2494,1405,1291,2024-10-10,3,completed,employed,13200.0,
2495,1405,1291,2025-01-08,6,completed,employed,14100.0,
2496,1405,1291,2025-07-07,12,completed,unemployed,,Family circumstances changed
2497,1408,1293,2024-11-06,3,completed,employed,11400.0,
2498,1408,1293,2025-02-04,6,completed,employed,11600.0,
2499,1408,1293,2025-08-03,12,completed,employed,12300.0,
2500,1409,1294,2024-10-20,3,completed,employed,10400.0,
2501,1409,1294,2025-01-18,6,completed,employed,11200.0,
2502,1409,1294,2025-07-17,12,completed,employed,11800.0,
2503,1410,1295,2024-10-12,3,completed,employed,12300.0,
2504,1410,1295,2025-01-10,6,completed,employed,13000.0,
2505,1410,1295,2025-07-09,12,missed,,,
2506,1412,1297,2024-09-12,3,completed,employed,12100.0,
2507,1412,1297,2024-12-11,6,missed,,,
2508,1412,1297,2025-06-09,12,completed,employed,12500.0,
2509,1417,1302,2024-11-10,3,completed,employed,13600.0,
2510,1417,1302,2025-02-08,6,completed,employed,13400.0,
2511,1417,1302,2025-08-07,12,completed,employed,14200.0,
2512,1418,1303,2024-10-24,3,missed,,,
2513,1418,1303,2025-01-22,6,completed,employed,9700.0,
2514,1418,1303,2025-07-21,12,completed,employed,9700.0,
2515,1419,1304,2024-10-28,3,missed,,,
2516,1419,1304,2025-01-26,6,completed,employed,12800.0,
2517,1419,1304,2025-07-25,12,completed,employed,13200.0,
2518,1422,1307,2024-09-19,3,completed,employed,12200.0,
2519,1422,1307,2024-12-18,6,completed,unemployed,,Left due to low wage relative to workload
2520,1422,1307,2025-06-16,12,completed,unemployed,,
2521,1424,1308,2024-09-23,3,completed,employed,12100.0,
2522,1424,1308,2024-12-22,6,completed,employed,12500.0,
2523,1424,1308,2025-06-20,12,completed,employed,12900.0,
2524,1425,1309,2024-09-08,3,completed,employed,11200.0,
2525,1425,1309,2024-12-07,6,completed,employed,11500.0,
2526,1425,1309,2025-06-05,12,completed,unemployed,,Moved to a better opportunity
2527,1426,1310,2024-10-15,3,completed,employed,9500.0,
2528,1426,1310,2025-01-13,6,completed,employed,9800.0,
2529,1426,1310,2025-07-12,12,completed,employed,10100.0,
2530,1430,1313,2025-06-26,3,completed,employed,10600.0,
2531,1430,1313,2025-09-24,6,completed,employed,11600.0,
2532,1430,1313,2026-03-23,12,completed,employed,12800.0,
2533,1436,1319,2025-06-20,3,completed,employed,10200.0,
2534,1436,1319,2025-09-18,6,completed,employed,10400.0,
2535,1436,1319,2026-03-17,12,completed,employed,10800.0,
2536,1438,1321,2025-05-31,3,completed,employed,10700.0,
2537,1438,1321,2025-08-29,6,completed,employed,11000.0,
2538,1438,1321,2026-02-25,12,completed,employed,10700.0,
2539,1440,1322,2025-06-01,3,completed,employed,12400.0,
2540,1440,1322,2025-08-30,6,completed,employed,13100.0,
2541,1440,1322,2026-02-26,12,completed,employed,14000.0,
2542,1442,1323,2025-05-29,3,missed,,,
2543,1442,1323,2025-08-27,6,completed,employed,10800.0,
2544,1442,1323,2026-02-23,12,completed,employed,11500.0,
2545,1445,1325,2025-05-21,3,completed,employed,13000.0,
2546,1445,1325,2025-08-19,6,completed,employed,12800.0,
2547,1445,1325,2026-02-15,12,missed,,,
2548,1446,1326,2025-06-19,3,completed,employed,12000.0,
2549,1446,1326,2025-09-17,6,completed,employed,12400.0,
2550,1446,1326,2026-03-16,12,completed,employed,12800.0,
2551,1447,1327,2025-07-24,3,completed,employed,10500.0,
2552,1447,1327,2025-10-22,6,completed,unemployed,,Left due to low wage relative to workload
2553,1447,1327,2026-04-20,12,completed,unemployed,,
2554,1449,1329,2025-06-19,3,completed,employed,13100.0,
2555,1449,1329,2025-09-17,6,missed,,,
2556,1449,1329,2026-03-16,12,missed,,,
2557,1452,1332,2025-07-17,3,completed,employed,12000.0,
2558,1452,1332,2025-10-15,6,completed,employed,12800.0,
2559,1452,1332,2026-04-13,12,completed,employed,12500.0,
2560,1453,1333,2025-06-18,3,completed,employed,10500.0,
2561,1453,1333,2025-09-16,6,missed,,,
2562,1453,1333,2026-03-15,12,missed,,,
2563,1455,1335,2025-05-21,3,completed,employed,10400.0,
2564,1455,1335,2025-08-19,6,completed,unemployed,,Commute / relocation issues
2565,1455,1335,2026-02-15,12,completed,unemployed,,
2566,1456,1336,2025-06-19,3,completed,employed,11700.0,
2567,1456,1336,2025-09-17,6,missed,,,
2568,1456,1336,2026-03-16,12,completed,employed,11900.0,
2569,1457,1337,2025-07-02,3,missed,,,
2570,1457,1337,2025-09-30,6,completed,employed,10900.0,
2571,1457,1337,2026-03-29,12,completed,employed,11700.0,
2572,1458,1338,2025-06-14,3,completed,employed,12300.0,
2573,1458,1338,2025-09-12,6,completed,employed,11900.0,
2574,1458,1338,2026-03-11,12,completed,employed,12000.0,
2575,1459,1339,2025-07-20,3,completed,employed,12900.0,
2576,1459,1339,2025-10-18,6,completed,unemployed,,Moved to a better opportunity
2577,1459,1339,2026-04-16,12,completed,unemployed,,
2578,1460,1340,2025-05-25,3,missed,,,
2579,1460,1340,2025-08-23,6,missed,,,
2580,1460,1340,2026-02-19,12,completed,employed,11800.0,
2581,1462,1342,2025-05-28,3,completed,employed,11100.0,
2582,1462,1342,2025-08-26,6,completed,employed,11500.0,
2583,1462,1342,2026-02-22,12,completed,employed,12200.0,
2584,1465,1345,2025-07-05,3,completed,employed,9300.0,
2585,1465,1345,2025-10-03,6,completed,employed,9300.0,
2586,1465,1345,2026-04-01,12,completed,employed,9200.0,
2587,1468,1348,2025-05-26,3,completed,unemployed,,Moved to a better opportunity
2588,1468,1348,2025-08-24,6,completed,unemployed,,
2589,1468,1348,2026-02-20,12,completed,unemployed,,
2590,1471,1351,2025-06-27,3,completed,employed,13000.0,
2591,1471,1351,2025-09-25,6,completed,employed,13500.0,
2592,1471,1351,2026-03-24,12,completed,employed,13400.0,
2593,1474,1353,2025-06-29,3,completed,employed,13200.0,
2594,1474,1353,2025-09-27,6,completed,employed,14300.0,
2595,1474,1353,2026-03-26,12,completed,employed,14800.0,
2596,1475,1354,2025-06-29,3,completed,employed,10500.0,
2597,1475,1354,2025-09-27,6,completed,employed,11100.0,
2598,1475,1354,2026-03-26,12,completed,employed,11000.0,
2599,1476,1355,2025-05-23,3,completed,employed,13000.0,
2600,1476,1355,2025-08-21,6,completed,employed,13800.0,
2601,1476,1355,2026-02-17,12,completed,employed,14900.0,
2602,1477,1356,2025-06-23,3,completed,employed,10700.0,
2603,1477,1356,2025-09-21,6,completed,employed,11500.0,
2604,1477,1356,2026-03-20,12,completed,employed,12000.0,
2605,1479,1358,2025-07-13,3,completed,employed,13700.0,
2606,1479,1358,2025-10-11,6,completed,employed,14100.0,
2607,1479,1358,2026-04-09,12,completed,employed,14200.0,
2608,1485,1362,2025-07-07,3,completed,employed,10000.0,
2609,1485,1362,2025-10-05,6,missed,,,
2610,1485,1362,2026-04-03,12,completed,employed,10300.0,
2611,1486,1363,2025-06-01,3,missed,,,
2612,1486,1363,2025-08-30,6,completed,employed,10600.0,
2613,1486,1363,2026-02-26,12,missed,,,
2614,1488,1365,2025-06-26,3,missed,,,
2615,1488,1365,2025-09-24,6,completed,unemployed,,Job did not match trained skillset
2616,1488,1365,2026-03-23,12,completed,unemployed,,
2617,1489,1366,2025-06-01,3,completed,employed,10000.0,
2618,1489,1366,2025-08-30,6,completed,employed,10900.0,
2619,1489,1366,2026-02-26,12,completed,employed,11200.0,
2620,1490,1367,2025-06-24,3,completed,employed,11800.0,
2621,1490,1367,2025-09-22,6,completed,employed,11800.0,
2622,1490,1367,2026-03-21,12,missed,,,
2623,1491,1368,2025-06-05,3,completed,employed,12900.0,
2624,1491,1368,2025-09-03,6,completed,employed,13800.0,
2625,1491,1368,2026-03-02,12,missed,,,
2626,1493,1370,2025-07-05,3,completed,unemployed,,Health-related reasons
2627,1493,1370,2025-10-03,6,completed,unemployed,,
2628,1493,1370,2026-04-01,12,completed,unemployed,,
2629,1494,1371,2025-06-18,3,completed,employed,11100.0,
2630,1494,1371,2025-09-16,6,completed,employed,12000.0,
2631,1494,1371,2026-03-15,12,missed,,,
2632,1495,1372,2025-05-21,3,completed,employed,12600.0,
2633,1495,1372,2025-08-19,6,completed,employed,13300.0,
2634,1495,1372,2026-02-15,12,completed,employed,14300.0,
