trainee_id,district,state,gender,category,dob_year,consent_flag,course,course_sector,provider,training_start_date,training_end_date,completion_status,assessment_score,certification_id,placement_type,job_title,job_sector,employer,placement_start_date,verification_status,non_placement_reason,employment_status,attrition_reason,initial_wage,wage_3_month,wage_6_month,wage_12_month
1,Ghaziabad,Uttar Pradesh,Male,ST,2005,1,Data Entry & Basic IT,IT/ITES,Ghaziabad Skill Centre 2,2025-01-22,2025-04-16,completed,52.4,CERT-1,wage_employment,IT/ITES Associate,IT/ITES,"Bala, Issac and Saini",2025-06-14,confirmed,,active,,14000.0,14500.0,15300.0,16700.0
2,Gurugram,Haryana,Female,SC,2000,1,Data Entry & Basic IT,IT/ITES,Ghaziabad Skill Centre 2,2025-01-22,2025-04-16,completed,69.0,CERT-2,not_placed,,,,,unverified,Felt underprepared / skill mismatch,,,,,,
3,Gurugram,Haryana,Female,General,2006,1,Data Entry & Basic IT,IT/ITES,Ghaziabad Skill Centre 2,2025-01-22,2025-04-16,completed,60.8,CERT-3,wage_employment,IT/ITES Associate,IT/ITES,Kapoor and Sons,2025-06-07,unverified,,active,,18600.0,18800.0,20300.0,
4,Jaipur,Rajasthan,Female,ST,1994,1,Data Entry & Basic IT,IT/ITES,Ghaziabad Skill Centre 2,2025-01-22,2025-04-16,completed,53.8,CERT-4,wage_employment,IT/ITES Associate,IT/ITES,Kapoor and Sons,2025-06-29,unverified,,active,,15600.0,16500.0,17800.0,19600.0
5,Ghaziabad,Uttar Pradesh,Other,ST,1998,1,Data Entry & Basic IT,IT/ITES,Ghaziabad Skill Centre 2,2025-01-22,2025-04-16,completed,52.0,CERT-5,not_placed,,,,,unverified,Family responsibilities / not permitted to work,,,,,,
6,Faridabad,Haryana,Male,ST,1997,1,Data Entry & Basic IT,IT/ITES,Ghaziabad Skill Centre 2,2025-01-22,2025-04-16,completed,50.1,CERT-6,wage_employment,IT/ITES Helper (low-relevance role),IT/ITES,Balan Inc,2025-04-27,unverified,,ended,Moved to a better opportunity,17800.0,18800.0,,
7,Jaipur,Rajasthan,Female,General,1993,1,Data Entry & Basic IT,IT/ITES,Ghaziabad Skill Centre 2,2025-01-22,2025-04-16,completed,94.1,CERT-7,not_placed,,,,,unverified,Wage offered too low,,,,,,
8,Faridabad,Haryana,Female,ST,2005,1,Data Entry & Basic IT,IT/ITES,Ghaziabad Skill Centre 2,2025-01-22,2025-04-16,completed,53.7,CERT-8,wage_employment,IT/ITES Associate,IT/ITES,Balan Inc,2025-05-27,confirmed,,active,,18800.0,19800.0,20600.0,22000.0
9,Ghaziabad,Uttar Pradesh,Female,OBC,2002,1,Data Entry & Basic IT,IT/ITES,Ghaziabad Skill Centre 2,2025-01-22,2025-04-16,completed,47.1,CERT-9,self_employment,IT/ITES Associate,IT/ITES,,2025-06-26,confirmed,,active,,16900.0,17900.0,18900.0,19900.0
10,Gurugram,Haryana,Male,SC,1995,1,Data Entry & Basic IT,IT/ITES,Ghaziabad Skill Centre 2,2025-01-22,2025-04-16,completed,97.3,CERT-10,wage_employment,IT/ITES Associate,IT/ITES,Kaul PLC,2025-05-29,unverified,,active,,13900.0,14300.0,15600.0,
11,Faridabad,Haryana,Female,General,1998,1,Data Entry & Basic IT,IT/ITES,Ghaziabad Skill Centre 2,2025-01-22,2025-04-16,completed,51.9,CERT-11,not_placed,,,,,unverified,Wage offered too low,,,,,,
12,Faridabad,Haryana,Other,ST,2007,1,Data Entry & Basic IT,IT/ITES,Ghaziabad Skill Centre 2,2025-01-22,2025-04-16,completed,50.9,CERT-12,not_placed,,,,,unverified,Pursuing further education,,,,,,
13,Ghaziabad,Uttar Pradesh,Female,SC,2007,1,Data Entry & Basic IT,IT/ITES,Ghaziabad Skill Centre 2,2025-01-22,2025-04-16,completed,52.8,CERT-13,wage_employment,IT/ITES Associate,IT/ITES,"Choudhury, Bakshi and Maharaj",2025-06-05,confirmed,,active,,18900.0,20300.0,22300.0,22900.0
14,Gautam Buddh Nagar,Uttar Pradesh,Female,ST,2002,1,Data Entry & Basic IT,IT/ITES,Ghaziabad Skill Centre 2,2025-01-22,2025-04-16,completed,88.3,CERT-14,wage_employment,IT/ITES Associate,IT/ITES,Kapoor and Sons,2025-05-19,confirmed,,active,,17100.0,18100.0,17700.0,17900.0
15,Faridabad,Haryana,Female,ST,2006,1,Data Entry & Basic IT,IT/ITES,Ghaziabad Skill Centre 2,2025-01-22,2025-04-16,completed,55.1,CERT-15,wage_employment,IT/ITES Associate,IT/ITES,Kaul PLC,2025-06-28,unverified,,active,,18500.0,18100.0,18700.0,19100.0
16,Faridabad,Haryana,Other,SC,1995,1,Data Entry & Basic IT,IT/ITES,Ghaziabad Skill Centre 2,2025-01-22,2025-04-16,completed,89.2,CERT-16,wage_employment,IT/ITES Helper (low-relevance role),IT/ITES,Kaul PLC,2025-06-01,confirmed,,active,,17000.0,17900.0,18800.0,19300.0
17,Faridabad,Haryana,Other,OBC,2003,1,Data Entry & Basic IT,IT/ITES,Ghaziabad Skill Centre 2,2025-01-22,2025-04-16,completed,65.4,CERT-17,wage_employment,IT/ITES Associate,IT/ITES,"Bala, Issac and Saini",2025-04-21,unverified,,active,,14500.0,14800.0,14800.0,15100.0
18,Jaipur,Rajasthan,Female,ST,2004,1,Data Entry & Basic IT,IT/ITES,Ghaziabad Skill Centre 2,2025-01-22,2025-04-16,completed,84.8,CERT-18,not_placed,,,,,unverified,Wage offered too low,,,,,,
19,Jaipur,Rajasthan,Other,OBC,2005,1,Data Entry & Basic IT,IT/ITES,Ghaziabad Skill Centre 2,2025-01-22,2025-04-16,completed,49.1,CERT-19,wage_employment,IT/ITES Associate,IT/ITES,"Chaudry, Chahal and Sami",2025-06-29,confirmed,,ended,Commute / relocation issues,16300.0,17300.0,17900.0,
20,Faridabad,Haryana,Other,OBC,2003,1,Data Entry & Basic IT,IT/ITES,Ghaziabad Skill Centre 2,2025-01-22,2025-04-16,completed,59.5,CERT-20,wage_employment,IT/ITES Helper (low-relevance role),IT/ITES,"Bala, Issac and Saini",2025-06-11,unverified,,active,,16200.0,16700.0,17200.0,17300.0
21,Faridabad,Haryana,Female,ST,1998,1,Data Entry & Basic IT,IT/ITES,Ghaziabad Skill Centre 2,2025-01-22,2025-04-16,dropped_out,73.6,,,,,,,,,,,,,,
22,Gurugram,Haryana,Other,General,1997,1,Data Entry & Basic IT,IT/ITES,Ghaziabad Skill Centre 2,2025-01-22,2025-04-16,completed,79.5,CERT-22,apprenticeship,IT/ITES Associate,IT/ITES,Kapoor and Sons,2025-04-23,unverified,,active,,17600.0,18700.0,19500.0,21200.0
23,Gautam Buddh Nagar,Uttar Pradesh,Female,SC,1997,1,Data Entry & Basic IT,IT/ITES,Ghaziabad Skill Centre 2,2025-01-22,2025-04-16,completed,76.8,CERT-23,apprenticeship,IT/ITES Associate,IT/ITES,"Choudhury, Bakshi and Maharaj",2025-06-04,unverified,,active,,15500.0,15600.0,17100.0,18700.0
24,Jaipur,Rajasthan,Male,OBC,1998,1,Data Entry & Basic IT,IT/ITES,Ghaziabad Skill Centre 2,2025-01-22,2025-04-16,completed,49.6,CERT-24,not_placed,,,,,unverified,Wage offered too low,,,,,,
25,Faridabad,Haryana,Male,General,2002,1,Data Entry & Basic IT,IT/ITES,Ghaziabad Skill Centre 2,2025-01-22,2025-04-16,completed,62.2,CERT-25,wage_employment,IT/ITES Associate,IT/ITES,"Chaudry, Chahal and Sami",2025-06-03,confirmed,,active,,14100.0,14400.0,14900.0,15600.0
26,Jaipur,Rajasthan,Male,ST,2006,1,Data Entry & Basic IT,IT/ITES,Ghaziabad Skill Centre 2,2025-01-22,2025-04-16,completed,74.2,CERT-26,wage_employment,IT/ITES Associate,IT/ITES,"Chaudry, Chahal and Sami",2025-05-23,confirmed,,active,,17400.0,18500.0,18800.0,20000.0
27,Gurugram,Haryana,Other,ST,1994,1,Data Entry & Basic IT,IT/ITES,Ghaziabad Skill Centre 2,2025-01-22,2025-04-16,completed,45.7,CERT-27,wage_employment,IT/ITES Associate,IT/ITES,"Chaudry, Chahal and Sami",2025-05-14,disputed,,active,,16500.0,17800.0,17500.0,18500.0
28,Gurugram,Haryana,Male,General,2003,1,Data Entry & Basic IT,IT/ITES,Ghaziabad Skill Centre 2,2025-01-22,2025-04-16,completed,84.2,CERT-28,not_placed,,,,,unverified,Wage offered too low,,,,,,
29,Ghaziabad,Uttar Pradesh,Other,General,1998,1,Data Entry & Basic IT,IT/ITES,Ghaziabad Skill Centre 2,2025-01-22,2025-04-16,completed,54.2,CERT-29,wage_employment,IT/ITES Associate,IT/ITES,Balan Inc,2025-06-20,confirmed,,active,,14400.0,14400.0,14600.0,
30,Ghaziabad,Uttar Pradesh,Female,OBC,1992,1,Data Entry & Basic IT,IT/ITES,Ghaziabad Skill Centre 2,2025-01-22,2025-04-16,completed,76.5,CERT-30,not_placed,,,,,unverified,No suitable openings in area,,,,,,
31,Faridabad,Haryana,Male,SC,1993,1,Data Entry & Basic IT,IT/ITES,Ghaziabad Skill Centre 2,2025-01-22,2025-04-16,completed,95.0,CERT-31,wage_employment,IT/ITES Associate,IT/ITES,"Choudhury, Bakshi and Maharaj",2025-04-26,unverified,,active,,17600.0,18100.0,18200.0,19600.0
32,Gautam Buddh Nagar,Uttar Pradesh,Male,ST,1995,1,Data Entry & Basic IT,IT/ITES,Ghaziabad Skill Centre 2,2025-01-22,2025-04-16,completed,60.3,CERT-32,not_placed,,,,,unverified,Felt underprepared / skill mismatch,,,,,,
33,Jaipur,Rajasthan,Male,General,1991,1,Data Entry & Basic IT,IT/ITES,Ghaziabad Skill Centre 2,2025-01-22,2025-04-16,completed,62.1,CERT-33,not_placed,,,,,unverified,Job location too far / relocation not feasible,,,,,,
34,Jaipur,Rajasthan,Other,ST,1990,1,Data Entry & Basic IT,IT/ITES,Ghaziabad Skill Centre 2,2025-01-22,2025-04-16,completed,54.9,CERT-34,self_employment,IT/ITES Associate,IT/ITES,,2025-06-16,unverified,,active,,16700.0,17200.0,19200.0,
35,Ghaziabad,Uttar Pradesh,Other,SC,2005,1,Data Entry & Basic IT,IT/ITES,Ghaziabad Skill Centre 2,2025-01-22,2025-04-16,completed,59.5,CERT-35,not_placed,,,,,unverified,Health-related reasons,,,,,,
36,Ghaziabad,Uttar Pradesh,Other,OBC,2004,1,Data Entry & Basic IT,IT/ITES,Ghaziabad Skill Centre 2,2025-01-22,2025-04-16,completed,93.9,CERT-36,self_employment,IT/ITES Associate,IT/ITES,,2025-04-29,confirmed,,active,,14800.0,15300.0,16100.0,17200.0
37,Ghaziabad,Uttar Pradesh,Female,SC,2003,1,Data Entry & Basic IT,IT/ITES,Ghaziabad Skill Centre 2,2025-01-22,2025-04-16,completed,82.4,CERT-37,not_placed,,,,,unverified,Job location too far / relocation not feasible,,,,,,
38,Ghaziabad,Uttar Pradesh,Female,OBC,2005,1,Data Entry & Basic IT,IT/ITES,Ghaziabad Skill Centre 2,2025-01-22,2025-04-16,completed,76.3,CERT-38,not_placed,,,,,unverified,Felt underprepared / skill mismatch,,,,,,
39,Faridabad,Haryana,Other,ST,1993,1,Data Entry & Basic IT,IT/ITES,Ghaziabad Skill Centre 2,2025-01-22,2025-04-16,dropped_out,52.6,,,,,,,,,,,,,,
40,Ghaziabad,Uttar Pradesh,Male,SC,1992,1,Data Entry & Basic IT,IT/ITES,Ghaziabad Skill Centre 2,2025-01-22,2025-04-16,completed,81.7,CERT-40,self_employment,IT/ITES Associate,IT/ITES,,2025-06-28,confirmed,,ended,Commute / relocation issues,17100.0,19300.0,21300.0,
41,Gautam Buddh Nagar,Uttar Pradesh,Male,SC,1999,1,Data Entry & Basic IT,IT/ITES,Ghaziabad Skill Centre 2,2025-01-22,2025-04-16,completed,57.9,CERT-41,self_employment,IT/ITES Associate,IT/ITES,,2025-05-14,unverified,,active,,15800.0,16800.0,17500.0,18100.0
42,Faridabad,Haryana,Male,SC,1998,1,Data Entry & Basic IT,IT/ITES,Ghaziabad Skill Centre 2,2025-01-22,2025-04-16,completed,65.4,CERT-42,wage_employment,IT/ITES Helper (low-relevance role),IT/ITES,Kaul PLC,2025-06-05,confirmed,,active,,13000.0,12900.0,13700.0,13400.0
43,Ghaziabad,Uttar Pradesh,Other,OBC,1998,1,Data Entry & Basic IT,IT/ITES,Ghaziabad Skill Centre 2,2025-01-22,2025-04-16,completed,92.9,CERT-43,wage_employment,IT/ITES Helper (low-relevance role),IT/ITES,Balan Inc,2025-04-25,confirmed,,active,,13800.0,14000.0,14500.0,15900.0
44,Gautam Buddh Nagar,Uttar Pradesh,Female,OBC,2004,1,Data Entry & Basic IT,IT/ITES,Ghaziabad Skill Centre 2,2025-01-22,2025-04-16,completed,57.0,CERT-44,self_employment,IT/ITES Associate,IT/ITES,,2025-06-10,confirmed,,active,,17500.0,18400.0,18700.0,20000.0
45,Faridabad,Haryana,Other,ST,1999,1,Data Entry & Basic IT,IT/ITES,Ghaziabad Skill Centre 2,2025-01-22,2025-04-16,completed,47.4,CERT-45,apprenticeship,IT/ITES Associate,IT/ITES,"Choudhury, Bakshi and Maharaj",2025-05-03,confirmed,,active,,13900.0,15100.0,16300.0,17200.0
46,Gurugram,Haryana,Other,SC,2007,1,Data Entry & Basic IT,IT/ITES,Ghaziabad Skill Centre 2,2025-01-22,2025-04-16,dropped_out,59.6,,,,,,,,,,,,,,
47,Gautam Buddh Nagar,Uttar Pradesh,Female,OBC,2004,1,Data Entry & Basic IT,IT/ITES,Ghaziabad Skill Centre 2,2025-01-22,2025-04-16,completed,76.6,CERT-47,self_employment,IT/ITES Associate,IT/ITES,,2025-05-22,confirmed,,active,,16600.0,17500.0,19400.0,21300.0
48,Gautam Buddh Nagar,Uttar Pradesh,Male,General,1995,1,Data Entry & Basic IT,IT/ITES,Ghaziabad Skill Centre 2,2025-01-22,2025-04-16,completed,67.3,CERT-48,wage_employment,IT/ITES Associate,IT/ITES,Balan Inc,2025-06-06,unverified,,active,,18800.0,19700.0,20800.0,
49,Gautam Buddh Nagar,Uttar Pradesh,Male,SC,1994,1,Data Entry & Basic IT,IT/ITES,Ghaziabad Skill Centre 2,2025-01-22,2025-04-16,completed,76.7,CERT-49,wage_employment,IT/ITES Associate,IT/ITES,Balan Inc,2025-05-03,unverified,,active,,14400.0,15000.0,15900.0,16800.0
50,Gurugram,Haryana,Other,General,1994,1,Data Entry & Basic IT,IT/ITES,Ghaziabad Skill Centre 2,2025-01-22,2025-04-16,completed,74.8,CERT-50,wage_employment,IT/ITES Associate,IT/ITES,"Chaudry, Chahal and Sami",2025-06-14,unverified,,active,,16500.0,17300.0,18400.0,20300.0
51,Jaipur,Rajasthan,Other,SC,1990,1,Data Entry & Basic IT,IT/ITES,Ghaziabad Skill Centre 2,2025-01-22,2025-04-16,dropped_out,59.5,,,,,,,,,,,,,,
52,Gurugram,Haryana,Male,General,2000,1,Data Entry & Basic IT,IT/ITES,Ghaziabad Skill Centre 2,2025-01-22,2025-04-16,completed,52.6,CERT-52,wage_employment,IT/ITES Associate,IT/ITES,"Bala, Issac and Saini",2025-04-24,confirmed,,active,,13900.0,15100.0,15600.0,
53,Faridabad,Haryana,Male,ST,2003,1,Data Entry & Basic IT,IT/ITES,Ghaziabad Skill Centre 2,2025-01-22,2025-04-16,completed,56.4,CERT-53,wage_employment,IT/ITES Associate,IT/ITES,"Choudhury, Bakshi and Maharaj",2025-05-27,unverified,,active,,13300.0,13400.0,14400.0,
54,Jaipur,Rajasthan,Other,SC,1997,1,Data Entry & Basic IT,IT/ITES,Ghaziabad Skill Centre 2,2025-01-22,2025-04-16,dropped_out,90.7,,,,,,,,,,,,,,
55,Gautam Buddh Nagar,Uttar Pradesh,Female,ST,2003,1,Data Entry & Basic IT,IT/ITES,Ghaziabad Skill Centre 2,2025-01-22,2025-04-16,completed,90.7,CERT-55,wage_employment,IT/ITES Associate,IT/ITES,"Bala, Issac and Saini",2025-06-13,confirmed,,active,,18500.0,18900.0,19600.0,
56,Ghaziabad,Uttar Pradesh,Other,General,1992,1,Data Entry & Basic IT,IT/ITES,Ghaziabad Skill Centre 2,2025-01-22,2025-04-16,completed,55.3,CERT-56,wage_employment,IT/ITES Associate,IT/ITES,"Bala, Issac and Saini",2025-05-09,confirmed,,active,,17500.0,18700.0,18800.0,19000.0
57,Gurugram,Haryana,Other,General,1998,1,Data Entry & Basic IT,IT/ITES,Ghaziabad Skill Centre 2,2025-01-22,2025-04-16,completed,48.9,CERT-57,wage_employment,IT/ITES Associate,IT/ITES,"Chaudry, Chahal and Sami",2025-05-27,unverified,,active,,16400.0,17800.0,19200.0,
58,Ghaziabad,Uttar Pradesh,Female,ST,1991,1,Data Entry & Basic IT,IT/ITES,Ghaziabad Skill Centre 2,2025-01-22,2025-04-16,completed,72.8,CERT-58,wage_employment,IT/ITES Helper (low-relevance role),IT/ITES,"Chaudry, Chahal and Sami",2025-06-09,confirmed,,ended,Family circumstances changed,16800.0,17000.0,17500.0,
59,Gurugram,Haryana,Other,ST,1999,1,Data Entry & Basic IT,IT/ITES,Ghaziabad Skill Centre 2,2025-01-22,2025-04-16,completed,82.6,CERT-59,wage_employment,IT/ITES Associate,IT/ITES,"Bala, Issac and Saini",2025-06-02,unverified,,active,,16100.0,16300.0,17500.0,
60,Gautam Buddh Nagar,Uttar Pradesh,Other,General,2006,1,Data Entry & Basic IT,IT/ITES,Ghaziabad Skill Centre 2,2025-01-22,2025-04-16,completed,91.4,CERT-60,wage_employment,IT/ITES Associate,IT/ITES,Kapoor and Sons,2025-05-11,confirmed,,active,,17100.0,17800.0,19600.0,19600.0
61,Faridabad,Haryana,Male,ST,1999,1,Data Entry & Basic IT,IT/ITES,Ghaziabad Skill Centre 2,2025-01-22,2025-04-16,completed,88.3,CERT-61,not_placed,,,,,unverified,Wage offered too low,,,,,,
62,Gurugram,Haryana,Other,ST,1991,1,Data Entry & Basic IT,IT/ITES,Ghaziabad Skill Centre 2,2025-01-22,2025-04-16,completed,74.4,CERT-62,self_employment,IT/ITES Associate,IT/ITES,,2025-05-06,confirmed,,active,,18500.0,20100.0,21000.0,23100.0
63,Ghaziabad,Uttar Pradesh,Female,SC,1994,1,Data Entry & Basic IT,IT/ITES,Ghaziabad Skill Centre 2,2025-01-22,2025-04-16,completed,70.0,CERT-63,not_placed,,,,,unverified,Felt underprepared / skill mismatch,,,,,,
64,Faridabad,Haryana,Other,General,2004,1,Data Entry & Basic IT,IT/ITES,Ghaziabad Skill Centre 2,2025-01-22,2025-04-16,completed,46.0,CERT-64,wage_employment,IT/ITES Associate,IT/ITES,"Bala, Issac and Saini",2025-06-27,confirmed,,ended,Commute / relocation issues,16800.0,18000.0,18500.0,
65,Jaipur,Rajasthan,Female,General,2003,1,Data Entry & Basic IT,IT/ITES,Ghaziabad Skill Centre 2,2025-01-22,2025-04-16,completed,64.1,CERT-65,not_placed,,,,,unverified,Family responsibilities / not permitted to work,,,,,,
66,Jaipur,Rajasthan,Female,ST,2007,1,Data Entry & Basic IT,IT/ITES,Ghaziabad Skill Centre 2,2025-01-22,2025-04-16,completed,47.3,CERT-66,wage_employment,IT/ITES Associate,IT/ITES,"Bala, Issac and Saini",2025-04-23,confirmed,,active,,16300.0,17200.0,17400.0,17500.0
67,Gautam Buddh Nagar,Uttar Pradesh,Female,SC,1996,1,Data Entry & Basic IT,IT/ITES,Ghaziabad Skill Centre 2,2025-01-22,2025-04-16,completed,72.3,CERT-67,not_placed,,,,,unverified,Family responsibilities / not permitted to work,,,,,,
68,Gurugram,Haryana,Other,OBC,1991,1,Data Entry & Basic IT,IT/ITES,Ghaziabad Skill Centre 2,2025-01-22,2025-04-16,completed,90.7,CERT-68,self_employment,IT/ITES Associate,IT/ITES,,2025-05-25,unverified,,active,,16000.0,17200.0,17400.0,17800.0
69,Gurugram,Haryana,Other,ST,2004,1,Data Entry & Basic IT,IT/ITES,Ghaziabad Skill Centre 2,2024-10-27,2025-01-19,completed,68.5,CERT-69,self_employment,IT/ITES Associate,IT/ITES,,2025-03-10,unverified,,active,,17800.0,18200.0,19200.0,20100.0
70,Jaipur,Rajasthan,Other,ST,1994,1,Data Entry & Basic IT,IT/ITES,Ghaziabad Skill Centre 2,2024-10-27,2025-01-19,completed,64.7,CERT-70,wage_employment,IT/ITES Helper (low-relevance role),IT/ITES,Kaul PLC,2025-03-11,confirmed,,active,,18500.0,19800.0,21000.0,
71,Gautam Buddh Nagar,Uttar Pradesh,Female,ST,2004,1,Data Entry & Basic IT,IT/ITES,Ghaziabad Skill Centre 2,2024-10-27,2025-01-19,completed,88.0,CERT-71,not_placed,,,,,unverified,Health-related reasons,,,,,,
72,Gurugram,Haryana,Other,SC,1992,1,Data Entry & Basic IT,IT/ITES,Ghaziabad Skill Centre 2,2024-10-27,2025-01-19,completed,90.1,CERT-72,apprenticeship,IT/ITES Associate,IT/ITES,"Bala, Issac and Saini",2025-02-15,unverified,,active,,16000.0,15500.0,16500.0,16900.0
73,Ghaziabad,Uttar Pradesh,Other,General,2000,1,Data Entry & Basic IT,IT/ITES,Ghaziabad Skill Centre 2,2024-10-27,2025-01-19,completed,81.0,CERT-73,self_employment,IT/ITES Associate,IT/ITES,,2025-04-04,unverified,,active,,14800.0,15800.0,17800.0,18200.0
74,Ghaziabad,Uttar Pradesh,Female,SC,1994,1,Data Entry & Basic IT,IT/ITES,Ghaziabad Skill Centre 2,2024-10-27,2025-01-19,completed,74.9,CERT-74,not_placed,,,,,unverified,Wage offered too low,,,,,,
75,Gautam Buddh Nagar,Uttar Pradesh,Other,OBC,1998,1,Data Entry & Basic IT,IT/ITES,Ghaziabad Skill Centre 2,2024-10-27,2025-01-19,completed,67.1,CERT-75,wage_employment,IT/ITES Associate,IT/ITES,"Bala, Issac and Saini",2025-04-03,confirmed,,active,,13400.0,14100.0,15300.0,
76,Faridabad,Haryana,Male,General,1994,1,Data Entry & Basic IT,IT/ITES,Ghaziabad Skill Centre 2,2024-10-27,2025-01-19,completed,69.7,CERT-76,wage_employment,IT/ITES Associate,IT/ITES,"Choudhury, Bakshi and Maharaj",2025-01-30,unverified,,ended,Left due to low wage relative to workload,14000.0,15100.0,15400.0,
77,Jaipur,Rajasthan,Male,General,2005,1,Data Entry & Basic IT,IT/ITES,Ghaziabad Skill Centre 2,2024-10-27,2025-01-19,completed,67.8,CERT-77,not_placed,,,,,unverified,Pursuing further education,,,,,,
78,Faridabad,Haryana,Female,ST,2001,1,Data Entry & Basic IT,IT/ITES,Ghaziabad Skill Centre 2,2024-10-27,2025-01-19,dropped_out,74.8,,,,,,,,,,,,,,
79,Gurugram,Haryana,Male,General,2007,1,Data Entry & Basic IT,IT/ITES,Ghaziabad Skill Centre 2,2024-10-27,2025-01-19,completed,68.9,CERT-79,self_employment,IT/ITES Associate,IT/ITES,,2025-02-08,confirmed,,active,,17500.0,18300.0,19300.0,20000.0
80,Jaipur,Rajasthan,Other,SC,1999,1,Data Entry & Basic IT,IT/ITES,Ghaziabad Skill Centre 2,2024-10-27,2025-01-19,completed,72.0,CERT-80,wage_employment,IT/ITES Associate,IT/ITES,Balan Inc,2025-01-26,confirmed,,active,,14600.0,15200.0,15900.0,17000.0
81,Gautam Buddh Nagar,Uttar Pradesh,Female,ST,1996,1,Data Entry & Basic IT,IT/ITES,Ghaziabad Skill Centre 2,2024-10-27,2025-01-19,completed,53.0,CERT-81,wage_employment,IT/ITES Associate,IT/ITES,Kaul PLC,2025-03-25,unverified,,active,,16400.0,16300.0,17900.0,18900.0
82,Ghaziabad,Uttar Pradesh,Other,SC,1998,1,Data Entry & Basic IT,IT/ITES,Ghaziabad Skill Centre 2,2024-10-27,2025-01-19,completed,96.6,CERT-82,wage_employment,IT/ITES Associate,IT/ITES,Kapoor and Sons,2025-03-27,confirmed,,active,,17100.0,18400.0,18000.0,18800.0
83,Jaipur,Rajasthan,Other,SC,1998,1,Data Entry & Basic IT,IT/ITES,Ghaziabad Skill Centre 2,2024-10-27,2025-01-19,completed,77.6,CERT-83,wage_employment,IT/ITES Associate,IT/ITES,"Bala, Issac and Saini",2025-04-01,confirmed,,active,,17600.0,17600.0,19300.0,
84,Gurugram,Haryana,Other,General,1999,1,Data Entry & Basic IT,IT/ITES,Ghaziabad Skill Centre 2,2024-10-27,2025-01-19,completed,49.7,CERT-84,wage_employment,IT/ITES Associate,IT/ITES,"Bala, Issac and Saini",2025-01-28,unverified,,active,,18800.0,19600.0,21100.0,22200.0
85,Jaipur,Rajasthan,Male,OBC,2004,1,Data Entry & Basic IT,IT/ITES,Ghaziabad Skill Centre 2,2024-10-27,2025-01-19,completed,62.5,CERT-85,wage_employment,IT/ITES Associate,IT/ITES,"Bala, Issac and Saini",2025-02-16,confirmed,,active,,17000.0,18000.0,19100.0,21100.0
86,Gurugram,Haryana,Female,General,1997,1,Data Entry & Basic IT,IT/ITES,Ghaziabad Skill Centre 2,2024-10-27,2025-01-19,completed,53.5,CERT-86,apprenticeship,IT/ITES Associate,IT/ITES,"Bala, Issac and Saini",2025-03-04,unverified,,active,,15900.0,16000.0,16800.0,16700.0
87,Gautam Buddh Nagar,Uttar Pradesh,Male,SC,2006,1,Data Entry & Basic IT,IT/ITES,Ghaziabad Skill Centre 2,2024-10-27,2025-01-19,dropped_out,74.9,,,,,,,,,,,,,,
88,Gautam Buddh Nagar,Uttar Pradesh,Other,OBC,2007,1,Data Entry & Basic IT,IT/ITES,Ghaziabad Skill Centre 2,2024-10-27,2025-01-19,completed,52.9,CERT-88,wage_employment,IT/ITES Associate,IT/ITES,"Choudhury, Bakshi and Maharaj",2025-02-19,unverified,,active,,15700.0,15900.0,16700.0,
89,Gurugram,Haryana,Other,General,1992,1,Data Entry & Basic IT,IT/ITES,Ghaziabad Skill Centre 2,2024-10-27,2025-01-19,completed,48.7,CERT-89,not_placed,,,,,unverified,Wage offered too low,,,,,,
90,Faridabad,Haryana,Female,ST,1995,1,Data Entry & Basic IT,IT/ITES,Ghaziabad Skill Centre 2,2024-10-27,2025-01-19,completed,92.2,CERT-90,apprenticeship,IT/ITES Helper (low-relevance role),IT/ITES,Balan Inc,2025-03-13,confirmed,,active,,15100.0,15000.0,,
91,Gurugram,Haryana,Other,ST,2004,1,Data Entry & Basic IT,IT/ITES,Ghaziabad Skill Centre 2,2024-10-27,2025-01-19,completed,88.6,CERT-91,wage_employment,IT/ITES Associate,IT/ITES,"Chaudry, Chahal and Sami",2025-02-17,unverified,,active,,18600.0,20200.0,21500.0,
92,Faridabad,Haryana,Other,OBC,1997,1,Data Entry & Basic IT,IT/ITES,Ghaziabad Skill Centre 2,2024-10-27,2025-01-19,completed,86.1,CERT-92,apprenticeship,IT/ITES Helper (low-relevance role),IT/ITES,Kapoor and Sons,2025-03-05,unverified,,active,,16100.0,16400.0,17400.0,
93,Gurugram,Haryana,Other,SC,2002,1,Data Entry & Basic IT,IT/ITES,Ghaziabad Skill Centre 2,2024-10-27,2025-01-19,completed,66.6,CERT-93,wage_employment,IT/ITES Associate,IT/ITES,Kaul PLC,2025-03-25,confirmed,,active,,16300.0,16600.0,,
94,Ghaziabad,Uttar Pradesh,Male,ST,1991,1,Data Entry & Basic IT,IT/ITES,Ghaziabad Skill Centre 2,2024-10-27,2025-01-19,completed,77.0,CERT-94,not_placed,,,,,unverified,Wage offered too low,,,,,,
95,Jaipur,Rajasthan,Female,ST,2007,1,Data Entry & Basic IT,IT/ITES,Ghaziabad Skill Centre 2,2024-10-27,2025-01-19,completed,93.1,CERT-95,apprenticeship,IT/ITES Helper (low-relevance role),IT/ITES,Kapoor and Sons,2025-02-17,disputed,,active,,17200.0,17900.0,19100.0,18800.0
96,Gurugram,Haryana,Male,SC,1996,1,Data Entry & Basic IT,IT/ITES,Ghaziabad Skill Centre 2,2024-10-27,2025-01-19,completed,74.8,CERT-96,wage_employment,IT/ITES Associate,IT/ITES,"Chaudry, Chahal and Sami",2025-04-04,unverified,,active,,14400.0,14200.0,14600.0,15300.0
97,Jaipur,Rajasthan,Female,General,2005,1,Data Entry & Basic IT,IT/ITES,Ghaziabad Skill Centre 2,2024-10-27,2025-01-19,completed,89.5,CERT-97,self_employment,IT/ITES Associate,IT/ITES,,2025-01-30,unverified,,ended,Job did not match trained skillset,13100.0,13300.0,13500.0,
98,Gurugram,Haryana,Male,General,2007,1,Data Entry & Basic IT,IT/ITES,Ghaziabad Skill Centre 2,2024-10-27,2025-01-19,completed,82.0,CERT-98,apprenticeship,IT/ITES Associate,IT/ITES,Kapoor and Sons,2025-02-06,confirmed,,active,,18800.0,19500.0,22200.0,
99,Faridabad,Haryana,Male,ST,2002,1,Data Entry & Basic IT,IT/ITES,Ghaziabad Skill Centre 2,2024-10-27,2025-01-19,dropped_out,45.5,,,,,,,,,,,,,,
100,Ghaziabad,Uttar Pradesh,Male,ST,1992,1,Data Entry & Basic IT,IT/ITES,Ghaziabad Skill Centre 2,2024-10-27,2025-01-19,completed,62.6,CERT-100,not_placed,,,,,unverified,Health-related reasons,,,,,,
101,Jaipur,Rajasthan,Female,OBC,1991,1,Data Entry & Basic IT,IT/ITES,Ghaziabad Skill Centre 2,2024-10-27,2025-01-19,completed,81.7,CERT-101,wage_employment,IT/ITES Associate,IT/ITES,"Choudhury, Bakshi and Maharaj",2025-02-28,unverified,,active,,16500.0,17300.0,18400.0,19500.0
102,Gautam Buddh Nagar,Uttar Pradesh,Other,SC,2006,1,Data Entry & Basic IT,IT/ITES,Ghaziabad Skill Centre 2,2024-10-27,2025-01-19,dropped_out,68.2,,,,,,,,,,,,,,
103,Gautam Buddh Nagar,Uttar Pradesh,Other,ST,2000,1,Data Entry & Basic IT,IT/ITES,Ghaziabad Skill Centre 2,2024-10-27,2025-01-19,completed,62.3,CERT-103,self_employment,IT/ITES Associate,IT/ITES,,2025-03-22,confirmed,,active,,16500.0,17200.0,18400.0,19100.0
104,Faridabad,Haryana,Male,General,2001,1,Data Entry & Basic IT,IT/ITES,Ghaziabad Skill Centre 2,2024-10-27,2025-01-19,completed,54.9,CERT-104,wage_employment,IT/ITES Associate,IT/ITES,Balan Inc,2025-02-06,confirmed,,active,,15500.0,14900.0,15200.0,16200.0
105,Gurugram,Haryana,Female,SC,2005,1,Data Entry & Basic IT,IT/ITES,Ghaziabad Skill Centre 2,2024-10-27,2025-01-19,completed,58.1,CERT-105,wage_employment,IT/ITES Associate,IT/ITES,Kapoor and Sons,2025-03-23,confirmed,,active,,18200.0,19500.0,19800.0,20400.0
106,Faridabad,Haryana,Male,ST,1997,1,Data Entry & Basic IT,IT/ITES,Ghaziabad Skill Centre 2,2024-10-27,2025-01-19,completed,86.7,CERT-106,apprenticeship,IT/ITES Associate,IT/ITES,Kapoor and Sons,2025-04-03,confirmed,,active,,17800.0,19300.0,19500.0,
107,Faridabad,Haryana,Female,ST,2002,1,Data Entry & Basic IT,IT/ITES,Ghaziabad Skill Centre 2,2024-10-27,2025-01-19,completed,70.4,CERT-107,wage_employment,IT/ITES Helper (low-relevance role),IT/ITES,"Bala, Issac and Saini",2025-03-18,confirmed,,ended,Health-related reasons,13500.0,13800.0,,
108,Faridabad,Haryana,Male,General,2000,1,Data Entry & Basic IT,IT/ITES,Ghaziabad Skill Centre 2,2024-10-27,2025-01-19,dropped_out,58.7,,,,,,,,,,,,,,
109,Jaipur,Rajasthan,Other,OBC,2006,1,Data Entry & Basic IT,IT/ITES,Ghaziabad Skill Centre 2,2024-10-27,2025-01-19,completed,65.7,CERT-109,wage_employment,IT/ITES Associate,IT/ITES,Kaul PLC,2025-02-12,confirmed,,active,,15700.0,16600.0,17200.0,
110,Gurugram,Haryana,Other,OBC,1993,1,Data Entry & Basic IT,IT/ITES,Ghaziabad Skill Centre 2,2024-10-27,2025-01-19,completed,84.2,CERT-110,wage_employment,IT/ITES Associate,IT/ITES,"Chaudry, Chahal and Sami",2025-03-19,disputed,,active,,17400.0,18300.0,19300.0,19800.0
111,Gautam Buddh Nagar,Uttar Pradesh,Other,ST,1998,1,Data Entry & Basic IT,IT/ITES,Ghaziabad Skill Centre 2,2024-10-27,2025-01-19,completed,78.9,CERT-111,wage_employment,IT/ITES Associate,IT/ITES,Kaul PLC,2025-02-07,confirmed,,active,,14800.0,15700.0,16600.0,17200.0
112,Ghaziabad,Uttar Pradesh,Female,ST,2007,1,Data Entry & Basic IT,IT/ITES,Ghaziabad Skill Centre 2,2024-10-27,2025-01-19,completed,54.9,CERT-112,not_placed,,,,,unverified,Family responsibilities / not permitted to work,,,,,,
113,Gurugram,Haryana,Male,OBC,1990,1,Data Entry & Basic IT,IT/ITES,Ghaziabad Skill Centre 2,2024-10-27,2025-01-19,completed,65.3,CERT-113,self_employment,IT/ITES Associate,IT/ITES,,2025-03-17,unverified,,active,,13200.0,13800.0,15000.0,16400.0
114,Gurugram,Haryana,Female,ST,2007,1,Data Entry & Basic IT,IT/ITES,Ghaziabad Skill Centre 2,2024-10-27,2025-01-19,completed,97.5,CERT-114,self_employment,IT/ITES Associate,IT/ITES,,2025-02-24,confirmed,,active,,13700.0,14400.0,14600.0,15600.0
115,Jaipur,Rajasthan,Female,SC,2007,1,Data Entry & Basic IT,IT/ITES,Ghaziabad Skill Centre 2,2024-10-27,2025-01-19,completed,60.5,CERT-115,apprenticeship,IT/ITES Helper (low-relevance role),IT/ITES,Kaul PLC,2025-02-05,confirmed,,active,,18200.0,18700.0,18500.0,
116,Gurugram,Haryana,Male,ST,2003,1,Data Entry & Basic IT,IT/ITES,Ghaziabad Skill Centre 2,2024-10-27,2025-01-19,dropped_out,87.1,,,,,,,,,,,,,,
117,Gautam Buddh Nagar,Uttar Pradesh,Other,SC,2002,1,Data Entry & Basic IT,IT/ITES,Ghaziabad Skill Centre 2,2024-10-27,2025-01-19,completed,91.5,CERT-117,wage_employment,IT/ITES Associate,IT/ITES,Kaul PLC,2025-01-24,confirmed,,active,,15600.0,15800.0,16200.0,16900.0
118,Faridabad,Haryana,Female,OBC,1990,1,Data Entry & Basic IT,IT/ITES,Ghaziabad Skill Centre 2,2024-10-27,2025-01-19,completed,45.0,CERT-118,not_placed,,,,,unverified,Wage offered too low,,,,,,
119,Ghaziabad,Uttar Pradesh,Female,SC,1999,1,Data Entry & Basic IT,IT/ITES,Ghaziabad Skill Centre 2,2024-10-27,2025-01-19,completed,64.1,CERT-119,self_employment,IT/ITES Associate,IT/ITES,,2025-02-14,unverified,,active,,15900.0,17000.0,18500.0,
120,Gautam Buddh Nagar,Uttar Pradesh,Male,General,1997,1,Data Entry & Basic IT,IT/ITES,Ghaziabad Skill Centre 2,2024-10-27,2025-01-19,completed,50.4,CERT-120,self_employment,IT/ITES Associate,IT/ITES,,2025-02-10,confirmed,,active,,16700.0,17700.0,19400.0,21000.0
121,Faridabad,Haryana,Female,OBC,2000,1,Data Entry & Basic IT,IT/ITES,Ghaziabad Skill Centre 2,2024-10-27,2025-01-19,completed,49.5,CERT-121,wage_employment,IT/ITES Associate,IT/ITES,Kaul PLC,2025-03-01,unverified,,active,,14800.0,15400.0,16300.0,
122,Gurugram,Haryana,Female,ST,2000,1,Data Entry & Basic IT,IT/ITES,Ghaziabad Skill Centre 2,2024-10-27,2025-01-19,completed,75.1,CERT-122,self_employment,IT/ITES Associate,IT/ITES,,2025-03-25,confirmed,,active,,15400.0,16100.0,16700.0,
123,Gautam Buddh Nagar,Uttar Pradesh,Female,OBC,2006,1,Data Entry & Basic IT,IT/ITES,Ghaziabad Skill Centre 2,2024-10-27,2025-01-19,completed,65.7,CERT-123,self_employment,IT/ITES Associate,IT/ITES,,2025-02-01,confirmed,,ended,Family circumstances changed,18500.0,,,
124,Ghaziabad,Uttar Pradesh,Female,OBC,1993,1,Data Entry & Basic IT,IT/ITES,Ghaziabad Skill Centre 2,2024-10-27,2025-01-19,completed,53.7,CERT-124,not_placed,,,,,unverified,Family responsibilities / not permitted to work,,,,,,
125,Gurugram,Haryana,Male,OBC,1995,1,Data Entry & Basic IT,IT/ITES,Ghaziabad Skill Centre 2,2024-10-27,2025-01-19,completed,91.3,CERT-125,wage_employment,IT/ITES Associate,IT/ITES,"Choudhury, Bakshi and Maharaj",2025-03-07,confirmed,,active,,13300.0,13700.0,14300.0,
126,Gautam Buddh Nagar,Uttar Pradesh,Female,ST,1997,1,Data Entry & Basic IT,IT/ITES,Ghaziabad Skill Centre 2,2024-10-27,2025-01-19,completed,93.8,CERT-126,apprenticeship,IT/ITES Associate,IT/ITES,"Choudhury, Bakshi and Maharaj",2025-04-04,unverified,,active,,15500.0,16600.0,17600.0,19000.0
127,Gurugram,Haryana,Female,ST,2000,1,Data Entry & Basic IT,IT/ITES,Ghaziabad Skill Centre 2,2024-10-27,2025-01-19,dropped_out,55.6,,,,,,,,,,,,,,
128,Jaipur,Rajasthan,Other,OBC,1999,1,Data Entry & Basic IT,IT/ITES,Ghaziabad Skill Centre 2,2024-10-27,2025-01-19,completed,76.4,CERT-128,self_employment,IT/ITES Associate,IT/ITES,,2025-02-18,unverified,,active,,16200.0,17500.0,18500.0,18200.0
129,Ghaziabad,Uttar Pradesh,Female,General,1998,1,Data Entry & Basic IT,IT/ITES,Ghaziabad Skill Centre 2,2024-10-27,2025-01-19,completed,92.6,CERT-129,self_employment,IT/ITES Associate,IT/ITES,,2025-03-12,confirmed,,active,,15400.0,16200.0,16900.0,17500.0
130,Ghaziabad,Uttar Pradesh,Female,General,1993,1,Data Entry & Basic IT,IT/ITES,Ghaziabad Skill Centre 2,2024-10-27,2025-01-19,completed,69.7,CERT-130,wage_employment,IT/ITES Associate,IT/ITES,Kapoor and Sons,2025-03-22,confirmed,,active,,17200.0,18300.0,19000.0,20600.0
131,Jaipur,Rajasthan,Female,General,2007,1,Data Entry & Basic IT,IT/ITES,Ghaziabad Skill Centre 2,2024-10-27,2025-01-19,completed,87.6,CERT-131,wage_employment,IT/ITES Associate,IT/ITES,Kapoor and Sons,2025-02-09,confirmed,,active,,16900.0,18400.0,18700.0,19300.0
132,Gurugram,Haryana,Female,SC,1996,1,Data Entry & Basic IT,IT/ITES,Ghaziabad Skill Centre 2,2024-10-27,2025-01-19,completed,91.8,CERT-132,wage_employment,IT/ITES Associate,IT/ITES,Kapoor and Sons,2025-03-02,confirmed,,active,,15500.0,16300.0,18700.0,
133,Faridabad,Haryana,Other,SC,2001,1,Data Entry & Basic IT,IT/ITES,Ghaziabad Skill Centre 2,2024-10-27,2025-01-19,completed,54.5,CERT-133,wage_employment,IT/ITES Associate,IT/ITES,"Chaudry, Chahal and Sami",2025-01-31,confirmed,,active,,14600.0,14900.0,16100.0,16200.0
134,Jaipur,Rajasthan,Other,SC,2000,1,Data Entry & Basic IT,IT/ITES,Ghaziabad Skill Centre 2,2024-10-27,2025-01-19,completed,46.5,CERT-134,apprenticeship,IT/ITES Associate,IT/ITES,Kaul PLC,2025-02-11,disputed,,active,,13500.0,14000.0,15100.0,
135,Gurugram,Haryana,Female,OBC,1991,1,Data Entry & Basic IT,IT/ITES,Ghaziabad Skill Centre 2,2024-10-27,2025-01-19,completed,93.6,CERT-135,self_employment,IT/ITES Associate,IT/ITES,,2025-03-11,disputed,,active,,18900.0,19600.0,20200.0,20800.0
136,Gurugram,Haryana,Female,General,1994,1,Data Entry & Basic IT,IT/ITES,Ghaziabad Skill Centre 2,2024-10-27,2025-01-19,completed,95.3,CERT-136,apprenticeship,IT/ITES Helper (low-relevance role),IT/ITES,Kaul PLC,2025-01-28,confirmed,,active,,13600.0,14500.0,15300.0,15900.0
137,Gautam Buddh Nagar,Uttar Pradesh,Male,General,2001,1,Customer Support & CRM,IT/ITES,Jaipur Skill Centre 10,2025-01-05,2025-03-30,completed,47.6,CERT-137,wage_employment,IT/ITES Associate,IT/ITES,Kapoor and Sons,2025-05-26,confirmed,,active,,17700.0,18700.0,,
138,Gurugram,Haryana,Female,SC,1993,1,Customer Support & CRM,IT/ITES,Jaipur Skill Centre 10,2025-01-05,2025-03-30,completed,64.9,CERT-138,wage_employment,IT/ITES Associate,IT/ITES,"Choudhury, Bakshi and Maharaj",2025-05-17,unverified,,active,,15600.0,16000.0,17200.0,
139,Gautam Buddh Nagar,Uttar Pradesh,Male,ST,1991,1,Customer Support & CRM,IT/ITES,Jaipur Skill Centre 10,2025-01-05,2025-03-30,completed,64.1,CERT-139,wage_employment,IT/ITES Associate,IT/ITES,"Bala, Issac and Saini",2025-06-04,confirmed,,active,,15800.0,16700.0,17300.0,18400.0
140,Jaipur,Rajasthan,Female,General,1991,1,Customer Support & CRM,IT/ITES,Jaipur Skill Centre 10,2025-01-05,2025-03-30,completed,63.2,CERT-140,apprenticeship,IT/ITES Helper (low-relevance role),IT/ITES,Kaul PLC,2025-05-03,unverified,,active,,14400.0,14700.0,14100.0,
141,Faridabad,Haryana,Female,OBC,1995,1,Customer Support & CRM,IT/ITES,Jaipur Skill Centre 10,2025-01-05,2025-03-30,completed,51.7,CERT-141,apprenticeship,IT/ITES Helper (low-relevance role),IT/ITES,Balan Inc,2025-04-29,disputed,,ended,Commute / relocation issues,18500.0,,,
142,Gurugram,Haryana,Male,General,2006,1,Customer Support & CRM,IT/ITES,Jaipur Skill Centre 10,2025-01-05,2025-03-30,completed,78.0,CERT-142,wage_employment,IT/ITES Associate,IT/ITES,Balan Inc,2025-04-23,unverified,,active,,14600.0,15900.0,16200.0,16600.0
143,Gautam Buddh Nagar,Uttar Pradesh,Male,SC,2005,1,Customer Support & CRM,IT/ITES,Jaipur Skill Centre 10,2025-01-05,2025-03-30,dropped_out,88.3,,,,,,,,,,,,,,
144,Gurugram,Haryana,Male,ST,1999,1,Customer Support & CRM,IT/ITES,Jaipur Skill Centre 10,2025-01-05,2025-03-30,completed,81.3,CERT-144,not_placed,,,,,unverified,Wage offered too low,,,,,,
145,Gurugram,Haryana,Male,SC,2004,1,Customer Support & CRM,IT/ITES,Jaipur Skill Centre 10,2025-01-05,2025-03-30,completed,77.1,CERT-145,wage_employment,IT/ITES Associate,IT/ITES,Balan Inc,2025-06-05,unverified,,active,,13800.0,13700.0,14600.0,15100.0
146,Faridabad,Haryana,Male,General,2006,1,Customer Support & CRM,IT/ITES,Jaipur Skill Centre 10,2025-01-05,2025-03-30,completed,57.8,CERT-146,wage_employment,IT/ITES Associate,IT/ITES,Balan Inc,2025-06-13,unverified,,active,,13300.0,14100.0,14900.0,16200.0
147,Faridabad,Haryana,Other,OBC,1994,1,Customer Support & CRM,IT/ITES,Jaipur Skill Centre 10,2025-01-05,2025-03-30,completed,45.4,CERT-147,self_employment,IT/ITES Associate,IT/ITES,,2025-05-13,confirmed,,active,,14800.0,14800.0,15800.0,
148,Gurugram,Haryana,Other,General,1999,1,Customer Support & CRM,IT/ITES,Jaipur Skill Centre 10,2025-01-05,2025-03-30,completed,62.8,CERT-148,wage_employment,IT/ITES Helper (low-relevance role),IT/ITES,"Chaudry, Chahal and Sami",2025-05-07,unverified,,active,,14400.0,14700.0,,
149,Faridabad,Haryana,Male,ST,1999,1,Customer Support & CRM,IT/ITES,Jaipur Skill Centre 10,2025-01-05,2025-03-30,completed,84.0,CERT-149,apprenticeship,IT/ITES Associate,IT/ITES,Kapoor and Sons,2025-05-17,unverified,,active,,14800.0,15200.0,15900.0,17300.0
150,Ghaziabad,Uttar Pradesh,Male,SC,1999,1,Customer Support & CRM,IT/ITES,Jaipur Skill Centre 10,2025-01-05,2025-03-30,completed,76.0,CERT-150,wage_employment,IT/ITES Associate,IT/ITES,"Choudhury, Bakshi and Maharaj",2025-04-13,confirmed,,active,,15500.0,16600.0,17300.0,18500.0
151,Gurugram,Haryana,Female,ST,1991,1,Customer Support & CRM,IT/ITES,Jaipur Skill Centre 10,2025-01-05,2025-03-30,completed,85.3,CERT-151,self_employment,IT/ITES Associate,IT/ITES,,2025-06-05,unverified,,ended,Job did not match trained skillset,15600.0,,,
152,Gurugram,Haryana,Female,General,2006,1,Customer Support & CRM,IT/ITES,Jaipur Skill Centre 10,2025-01-05,2025-03-30,completed,78.2,CERT-152,self_employment,IT/ITES Associate,IT/ITES,,2025-05-18,unverified,,active,,15700.0,16700.0,18100.0,19000.0
153,Gautam Buddh Nagar,Uttar Pradesh,Female,OBC,1997,1,Customer Support & CRM,IT/ITES,Jaipur Skill Centre 10,2025-01-05,2025-03-30,completed,46.2,CERT-153,wage_employment,IT/ITES Helper (low-relevance role),IT/ITES,"Bala, Issac and Saini",2025-04-08,unverified,,active,,16900.0,18200.0,19500.0,
154,Gurugram,Haryana,Other,General,2003,1,Customer Support & CRM,IT/ITES,Jaipur Skill Centre 10,2025-01-05,2025-03-30,completed,59.3,CERT-154,wage_employment,IT/ITES Associate,IT/ITES,"Choudhury, Bakshi and Maharaj",2025-06-08,unverified,,active,,17700.0,18400.0,19900.0,21300.0
155,Jaipur,Rajasthan,Female,General,2005,1,Customer Support & CRM,IT/ITES,Jaipur Skill Centre 10,2025-01-05,2025-03-30,completed,49.0,CERT-155,apprenticeship,IT/ITES Associate,IT/ITES,"Bala, Issac and Saini",2025-05-03,confirmed,,active,,18200.0,18900.0,19300.0,
156,Ghaziabad,Uttar Pradesh,Male,ST,2000,1,Customer Support & CRM,IT/ITES,Jaipur Skill Centre 10,2025-01-05,2025-03-30,completed,59.2,CERT-156,wage_employment,IT/ITES Associate,IT/ITES,"Chaudry, Chahal and Sami",2025-04-27,confirmed,,active,,17200.0,18500.0,19400.0,
157,Gurugram,Haryana,Other,OBC,1990,1,Customer Support & CRM,IT/ITES,Jaipur Skill Centre 10,2025-01-05,2025-03-30,completed,70.9,CERT-157,not_placed,,,,,unverified,Job location too far / relocation not feasible,,,,,,
158,Gautam Buddh Nagar,Uttar Pradesh,Other,SC,1998,1,Customer Support & CRM,IT/ITES,Jaipur Skill Centre 10,2025-01-05,2025-03-30,dropped_out,91.0,,,,,,,,,,,,,,
159,Jaipur,Rajasthan,Other,SC,1997,1,Customer Support & CRM,IT/ITES,Jaipur Skill Centre 10,2025-01-05,2025-03-30,completed,81.5,CERT-159,wage_employment,IT/ITES Associate,IT/ITES,"Bala, Issac and Saini",2025-05-05,confirmed,,ended,Family circumstances changed,16400.0,,,
160,Faridabad,Haryana,Female,ST,1995,1,Customer Support & CRM,IT/ITES,Jaipur Skill Centre 10,2025-01-05,2025-03-30,completed,62.5,CERT-160,wage_employment,IT/ITES Associate,IT/ITES,Kaul PLC,2025-05-22,confirmed,,active,,15700.0,16600.0,17600.0,
161,Jaipur,Rajasthan,Other,OBC,1999,1,Customer Support & CRM,IT/ITES,Jaipur Skill Centre 10,2025-01-05,2025-03-30,completed,69.2,CERT-161,self_employment,IT/ITES Associate,IT/ITES,,2025-05-02,unverified,,active,,17300.0,17600.0,19300.0,
162,Gautam Buddh Nagar,Uttar Pradesh,Male,OBC,1995,1,Customer Support & CRM,IT/ITES,Jaipur Skill Centre 10,2025-01-05,2025-03-30,completed,84.4,CERT-162,wage_employment,IT/ITES Associate,IT/ITES,Kapoor and Sons,2025-04-28,confirmed,,active,,18000.0,19800.0,21400.0,
163,Faridabad,Haryana,Other,OBC,2005,1,Customer Support & CRM,IT/ITES,Jaipur Skill Centre 10,2025-01-05,2025-03-30,completed,54.2,CERT-163,not_placed,,,,,unverified,Wage offered too low,,,,,,
164,Jaipur,Rajasthan,Other,ST,2000,1,Customer Support & CRM,IT/ITES,Jaipur Skill Centre 10,2025-01-05,2025-03-30,completed,77.3,CERT-164,wage_employment,IT/ITES Associate,IT/ITES,Balan Inc,2025-05-17,disputed,,active,,16300.0,16900.0,17700.0,
165,Ghaziabad,Uttar Pradesh,Other,SC,2006,1,Customer Support & CRM,IT/ITES,Jaipur Skill Centre 10,2025-01-05,2025-03-30,completed,85.3,CERT-165,wage_employment,IT/ITES Associate,IT/ITES,"Bala, Issac and Saini",2025-05-27,unverified,,active,,13900.0,13700.0,14300.0,15800.0
166,Faridabad,Haryana,Other,OBC,1993,1,Customer Support & CRM,IT/ITES,Jaipur Skill Centre 10,2025-01-05,2025-03-30,completed,74.7,CERT-166,self_employment,IT/ITES Associate,IT/ITES,,2025-05-10,confirmed,,active,,14200.0,14800.0,15400.0,15700.0
167,Ghaziabad,Uttar Pradesh,Male,OBC,1999,1,Customer Support & CRM,IT/ITES,Jaipur Skill Centre 10,2025-01-05,2025-03-30,completed,48.9,CERT-167,not_placed,,,,,unverified,Pursuing further education,,,,,,
168,Gautam Buddh Nagar,Uttar Pradesh,Female,ST,2002,1,Customer Support & CRM,IT/ITES,Jaipur Skill Centre 10,2025-01-05,2025-03-30,completed,59.0,CERT-168,self_employment,IT/ITES Associate,IT/ITES,,2025-04-04,confirmed,,ended,Family circumstances changed,16800.0,18300.0,,
169,Ghaziabad,Uttar Pradesh,Female,OBC,2006,1,Customer Support & CRM,IT/ITES,Jaipur Skill Centre 10,2025-01-05,2025-03-30,completed,73.5,CERT-169,wage_employment,IT/ITES Associate,IT/ITES,Kapoor and Sons,2025-05-16,disputed,,ended,Moved to a better opportunity,15100.0,16100.0,,
170,Gautam Buddh Nagar,Uttar Pradesh,Male,SC,2002,1,Customer Support & CRM,IT/ITES,Jaipur Skill Centre 10,2025-01-05,2025-03-30,dropped_out,72.4,,,,,,,,,,,,,,
171,Gurugram,Haryana,Other,ST,2006,1,Customer Support & CRM,IT/ITES,Jaipur Skill Centre 10,2025-01-05,2025-03-30,completed,60.7,CERT-171,wage_employment,IT/ITES Associate,IT/ITES,"Choudhury, Bakshi and Maharaj",2025-04-16,unverified,,active,,15500.0,17400.0,19200.0,
172,Faridabad,Haryana,Female,General,2000,1,Customer Support & CRM,IT/ITES,Jaipur Skill Centre 10,2025-01-05,2025-03-30,dropped_out,54.4,,,,,,,,,,,,,,
173,Gurugram,Haryana,Female,OBC,2007,1,Customer Support & CRM,IT/ITES,Jaipur Skill Centre 10,2025-01-05,2025-03-30,completed,66.6,CERT-173,wage_employment,IT/ITES Associate,IT/ITES,"Chaudry, Chahal and Sami",2025-04-06,confirmed,,ended,Workplace conditions / employer issues,16500.0,,,
174,Gurugram,Haryana,Male,ST,1992,1,Customer Support & CRM,IT/ITES,Jaipur Skill Centre 10,2025-01-05,2025-03-30,completed,88.6,CERT-174,wage_employment,IT/ITES Associate,IT/ITES,Kapoor and Sons,2025-04-21,unverified,,active,,18800.0,18700.0,20300.0,
175,Jaipur,Rajasthan,Male,OBC,1992,1,Customer Support & CRM,IT/ITES,Jaipur Skill Centre 10,2025-01-05,2025-03-30,completed,92.9,CERT-175,wage_employment,IT/ITES Associate,IT/ITES,"Bala, Issac and Saini",2025-06-08,confirmed,,ended,Family circumstances changed,17000.0,,,
176,Jaipur,Rajasthan,Male,General,1992,1,Customer Support & CRM,IT/ITES,Jaipur Skill Centre 10,2025-01-05,2025-03-30,completed,55.5,CERT-176,apprenticeship,IT/ITES Associate,IT/ITES,"Chaudry, Chahal and Sami",2025-04-20,confirmed,,active,,16700.0,17200.0,18000.0,18900.0
177,Gurugram,Haryana,Other,SC,1994,1,Customer Support & CRM,IT/ITES,Jaipur Skill Centre 10,2025-01-05,2025-03-30,completed,69.5,CERT-177,wage_employment,IT/ITES Associate,IT/ITES,Kaul PLC,2025-04-17,unverified,,active,,16800.0,18300.0,18500.0,
178,Gurugram,Haryana,Other,ST,2007,1,Customer Support & CRM,IT/ITES,Jaipur Skill Centre 10,2025-01-05,2025-03-30,completed,52.9,CERT-178,self_employment,IT/ITES Associate,IT/ITES,,2025-05-11,confirmed,,active,,13100.0,14300.0,14900.0,
179,Ghaziabad,Uttar Pradesh,Male,General,2005,1,Customer Support & CRM,IT/ITES,Jaipur Skill Centre 10,2025-01-05,2025-03-30,completed,70.8,CERT-179,wage_employment,IT/ITES Helper (low-relevance role),IT/ITES,"Choudhury, Bakshi and Maharaj",2025-04-30,confirmed,,active,,14900.0,15400.0,15700.0,16200.0
180,Jaipur,Rajasthan,Male,OBC,1998,1,Customer Support & CRM,IT/ITES,Jaipur Skill Centre 10,2025-01-05,2025-03-30,completed,63.7,CERT-180,not_placed,,,,,unverified,Job location too far / relocation not feasible,,,,,,
181,Faridabad,Haryana,Other,OBC,1990,1,Customer Support & CRM,IT/ITES,Jaipur Skill Centre 10,2025-01-05,2025-03-30,completed,57.2,CERT-181,wage_employment,IT/ITES Associate,IT/ITES,Kapoor and Sons,2025-04-27,unverified,,active,,15900.0,17300.0,,
182,Jaipur,Rajasthan,Female,General,1995,1,Customer Support & CRM,IT/ITES,Jaipur Skill Centre 10,2025-01-05,2025-03-30,completed,52.8,CERT-182,apprenticeship,IT/ITES Helper (low-relevance role),IT/ITES,Kaul PLC,2025-05-25,confirmed,,active,,16600.0,17000.0,17000.0,17300.0
183,Faridabad,Haryana,Female,ST,1992,1,Customer Support & CRM,IT/ITES,Jaipur Skill Centre 10,2025-01-05,2025-03-30,completed,50.8,CERT-183,self_employment,IT/ITES Associate,IT/ITES,,2025-06-07,unverified,,active,,16200.0,16100.0,18000.0,18800.0
184,Jaipur,Rajasthan,Female,ST,2003,1,Customer Support & CRM,IT/ITES,Jaipur Skill Centre 10,2025-01-05,2025-03-30,completed,65.2,CERT-184,self_employment,IT/ITES Associate,IT/ITES,,2025-04-16,unverified,,ended,Job did not match trained skillset,13000.0,,,
185,Ghaziabad,Uttar Pradesh,Male,SC,2000,1,Customer Support & CRM,IT/ITES,Jaipur Skill Centre 10,2025-01-05,2025-03-30,completed,67.6,CERT-185,wage_employment,IT/ITES Associate,IT/ITES,Kaul PLC,2025-05-28,unverified,,active,,16300.0,15700.0,16700.0,17700.0
186,Gautam Buddh Nagar,Uttar Pradesh,Other,ST,1996,1,Customer Support & CRM,IT/ITES,Jaipur Skill Centre 10,2025-01-05,2025-03-30,completed,87.4,CERT-186,self_employment,IT/ITES Associate,IT/ITES,,2025-04-10,confirmed,,active,,14300.0,14800.0,,
187,Jaipur,Rajasthan,Female,ST,1991,1,Customer Support & CRM,IT/ITES,Jaipur Skill Centre 10,2025-01-05,2025-03-30,completed,55.7,CERT-187,self_employment,IT/ITES Associate,IT/ITES,,2025-05-10,confirmed,,ended,Family circumstances changed,17000.0,18000.0,18800.0,
188,Gautam Buddh Nagar,Uttar Pradesh,Male,SC,2007,1,Customer Support & CRM,IT/ITES,Jaipur Skill Centre 10,2025-01-05,2025-03-30,completed,88.2,CERT-188,apprenticeship,IT/ITES Associate,IT/ITES,Balan Inc,2025-05-25,confirmed,,active,,13700.0,14200.0,14500.0,15300.0
189,Faridabad,Haryana,Male,General,1990,1,Customer Support & CRM,IT/ITES,Jaipur Skill Centre 10,2025-01-05,2025-03-30,completed,65.3,CERT-189,not_placed,,,,,unverified,Wage offered too low,,,,,,
190,Ghaziabad,Uttar Pradesh,Male,SC,2000,1,Customer Support & CRM,IT/ITES,Jaipur Skill Centre 10,2025-01-05,2025-03-30,completed,45.5,CERT-190,not_placed,,,,,unverified,Wage offered too low,,,,,,
191,Gautam Buddh Nagar,Uttar Pradesh,Other,SC,2002,1,Customer Support & CRM,IT/ITES,Jaipur Skill Centre 10,2025-01-05,2025-03-30,dropped_out,94.4,,,,,,,,,,,,,,
192,Faridabad,Haryana,Male,OBC,2000,1,Customer Support & CRM,IT/ITES,Jaipur Skill Centre 10,2025-01-05,2025-03-30,completed,59.3,CERT-192,not_placed,,,,,unverified,Pursuing further education,,,,,,
193,Ghaziabad,Uttar Pradesh,Other,OBC,2005,1,Customer Support & CRM,IT/ITES,Jaipur Skill Centre 10,2025-01-05,2025-03-30,completed,57.8,CERT-193,wage_employment,IT/ITES Associate,IT/ITES,Kapoor and Sons,2025-05-19,unverified,,active,,18100.0,19200.0,20100.0,21500.0
194,Ghaziabad,Uttar Pradesh,Other,ST,1991,1,Customer Support & CRM,IT/ITES,Jaipur Skill Centre 10,2025-01-05,2025-03-30,completed,73.7,CERT-194,wage_employment,IT/ITES Associate,IT/ITES,"Bala, Issac and Saini",2025-04-26,unverified,,active,,15300.0,16100.0,17300.0,
195,Faridabad,Haryana,Male,SC,1996,1,Customer Support & CRM,IT/ITES,Jaipur Skill Centre 10,2025-01-05,2025-03-30,completed,66.2,CERT-195,wage_employment,IT/ITES Associate,IT/ITES,Kaul PLC,2025-05-03,unverified,,active,,17800.0,19200.0,20200.0,21200.0
196,Gautam Buddh Nagar,Uttar Pradesh,Female,OBC,1995,1,Customer Support & CRM,IT/ITES,Jaipur Skill Centre 10,2025-01-05,2025-03-30,completed,70.3,CERT-196,wage_employment,IT/ITES Associate,IT/ITES,"Chaudry, Chahal and Sami",2025-05-07,confirmed,,active,,17100.0,17800.0,18300.0,20100.0
197,Ghaziabad,Uttar Pradesh,Other,SC,1995,1,Customer Support & CRM,IT/ITES,Jaipur Skill Centre 10,2025-01-05,2025-03-30,completed,77.5,CERT-197,apprenticeship,IT/ITES Associate,IT/ITES,"Choudhury, Bakshi and Maharaj",2025-04-24,confirmed,,active,,14600.0,15000.0,16300.0,17900.0
198,Ghaziabad,Uttar Pradesh,Female,General,2002,1,Customer Support & CRM,IT/ITES,Jaipur Skill Centre 10,2025-01-05,2025-03-30,dropped_out,91.6,,,,,,,,,,,,,,
199,Jaipur,Rajasthan,Female,ST,1991,1,Customer Support & CRM,IT/ITES,Jaipur Skill Centre 10,2025-01-05,2025-03-30,completed,97.8,CERT-199,wage_employment,IT/ITES Associate,IT/ITES,"Choudhury, Bakshi and Maharaj",2025-05-23,confirmed,,ended,Family circumstances changed,13800.0,,,
200,Faridabad,Haryana,Other,SC,2004,1,Customer Support & CRM,IT/ITES,Jaipur Skill Centre 10,2025-01-05,2025-03-30,completed,52.2,CERT-200,not_placed,,,,,unverified,Family responsibilities / not permitted to work,,,,,,
201,Jaipur,Rajasthan,Other,ST,2004,1,Customer Support & CRM,IT/ITES,Jaipur Skill Centre 10,2025-01-05,2025-03-30,completed,78.9,CERT-201,wage_employment,IT/ITES Associate,IT/ITES,Kaul PLC,2025-05-03,confirmed,,active,,17500.0,17900.0,18600.0,
202,Jaipur,Rajasthan,Female,SC,1997,1,Customer Support & CRM,IT/ITES,Jaipur Skill Centre 10,2025-01-05,2025-03-30,completed,91.8,CERT-202,wage_employment,IT/ITES Associate,IT/ITES,"Bala, Issac and Saini",2025-05-23,unverified,,active,,17800.0,18800.0,20700.0,
203,Gautam Buddh Nagar,Uttar Pradesh,Other,ST,2004,1,Customer Support & CRM,IT/ITES,Jaipur Skill Centre 10,2025-01-05,2025-03-30,completed,78.0,CERT-203,wage_employment,IT/ITES Associate,IT/ITES,"Choudhury, Bakshi and Maharaj",2025-06-11,confirmed,,active,,14300.0,15300.0,16400.0,
204,Gurugram,Haryana,Female,ST,2002,1,Customer Support & CRM,IT/ITES,Jaipur Skill Centre 10,2025-01-05,2025-03-30,completed,92.5,CERT-204,wage_employment,IT/ITES Associate,IT/ITES,"Choudhury, Bakshi and Maharaj",2025-04-19,disputed,,ended,Workplace conditions / employer issues,13200.0,12800.0,13300.0,
205,Jaipur,Rajasthan,Male,ST,1993,1,Customer Support & CRM,IT/ITES,Jaipur Skill Centre 10,2024-07-15,2024-10-07,completed,55.5,CERT-205,not_placed,,,,,unverified,Felt underprepared / skill mismatch,,,,,,
206,Ghaziabad,Uttar Pradesh,Female,ST,1993,1,Customer Support & CRM,IT/ITES,Jaipur Skill Centre 10,2024-07-15,2024-10-07,completed,53.9,CERT-206,wage_employment,IT/ITES Associate,IT/ITES,Kapoor and Sons,2024-10-13,unverified,,active,,13500.0,14200.0,14600.0,
207,Ghaziabad,Uttar Pradesh,Other,SC,2000,1,Customer Support & CRM,IT/ITES,Jaipur Skill Centre 10,2024-07-15,2024-10-07,completed,68.3,CERT-207,self_employment,IT/ITES Helper (low-relevance role),IT/ITES,,2024-11-26,unverified,,active,,16400.0,16500.0,17000.0,17200.0
208,Jaipur,Rajasthan,Male,General,2001,1,Customer Support & CRM,IT/ITES,Jaipur Skill Centre 10,2024-07-15,2024-10-07,completed,71.8,CERT-208,self_employment,IT/ITES Associate,IT/ITES,,2024-11-27,unverified,,active,,16000.0,16500.0,17900.0,
209,Gautam Buddh Nagar,Uttar Pradesh,Female,ST,1996,1,Customer Support & CRM,IT/ITES,Jaipur Skill Centre 10,2024-07-15,2024-10-07,completed,46.7,CERT-209,wage_employment,IT/ITES Associate,IT/ITES,Balan Inc,2024-12-18,confirmed,,ended,Job did not match trained skillset,14300.0,14500.0,,
210,Faridabad,Haryana,Other,General,2001,1,Customer Support & CRM,IT/ITES,Jaipur Skill Centre 10,2024-07-15,2024-10-07,completed,59.1,CERT-210,wage_employment,IT/ITES Associate,IT/ITES,"Chaudry, Chahal and Sami",2024-10-21,confirmed,,active,,18700.0,19300.0,20000.0,
211,Ghaziabad,Uttar Pradesh,Male,SC,2007,1,Customer Support & CRM,IT/ITES,Jaipur Skill Centre 10,2024-07-15,2024-10-07,completed,73.3,CERT-211,apprenticeship,IT/ITES Helper (low-relevance role),IT/ITES,"Chaudry, Chahal and Sami",2024-12-21,disputed,,active,,15600.0,16000.0,16500.0,17000.0
212,Jaipur,Rajasthan,Male,General,1994,1,Customer Support & CRM,IT/ITES,Jaipur Skill Centre 10,2024-07-15,2024-10-07,completed,56.8,CERT-212,not_placed,,,,,unverified,Wage offered too low,,,,,,
213,Gurugram,Haryana,Other,OBC,2007,1,Customer Support & CRM,IT/ITES,Jaipur Skill Centre 10,2024-07-15,2024-10-07,completed,69.4,CERT-213,wage_employment,IT/ITES Helper (low-relevance role),IT/ITES,Kaul PLC,2024-11-12,confirmed,,active,,15400.0,15800.0,15500.0,15800.0
214,Gautam Buddh Nagar,Uttar Pradesh,Male,SC,1991,1,Customer Support & CRM,IT/ITES,Jaipur Skill Centre 10,2024-07-15,2024-10-07,completed,68.0,CERT-214,not_placed,,,,,unverified,Wage offered too low,,,,,,
215,Ghaziabad,Uttar Pradesh,Other,ST,1990,1,Customer Support & CRM,IT/ITES,Jaipur Skill Centre 10,2024-07-15,2024-10-07,dropped_out,72.8,,,,,,,,,,,,,,
216,Gurugram,Haryana,Other,OBC,2007,1,Customer Support & CRM,IT/ITES,Jaipur Skill Centre 10,2024-07-15,2024-10-07,completed,82.0,CERT-216,self_employment,IT/ITES Associate,IT/ITES,,2024-12-01,disputed,,active,,15400.0,16200.0,,
217,Ghaziabad,Uttar Pradesh,Male,OBC,1994,1,Customer Support & CRM,IT/ITES,Jaipur Skill Centre 10,2024-07-15,2024-10-07,completed,79.6,CERT-217,wage_employment,IT/ITES Associate,IT/ITES,"Bala, Issac and Saini",2024-12-18,confirmed,,active,,13500.0,14000.0,15000.0,
218,Faridabad,Haryana,Male,General,1994,1,Customer Support & CRM,IT/ITES,Jaipur Skill Centre 10,2024-07-15,2024-10-07,completed,57.4,CERT-218,wage_employment,IT/ITES Associate,IT/ITES,"Bala, Issac and Saini",2024-10-22,unverified,,active,,14800.0,15700.0,16500.0,16700.0
219,Faridabad,Haryana,Female,SC,2006,1,Customer Support & CRM,IT/ITES,Jaipur Skill Centre 10,2024-07-15,2024-10-07,completed,60.1,CERT-219,not_placed,,,,,unverified,Family responsibilities / not permitted to work,,,,,,
220,Gautam Buddh Nagar,Uttar Pradesh,Other,General,2004,1,Customer Support & CRM,IT/ITES,Jaipur Skill Centre 10,2024-07-15,2024-10-07,dropped_out,80.0,,,,,,,,,,,,,,
221,Gurugram,Haryana,Female,SC,1993,1,Customer Support & CRM,IT/ITES,Jaipur Skill Centre 10,2024-07-15,2024-10-07,completed,79.4,CERT-221,wage_employment,IT/ITES Associate,IT/ITES,"Bala, Issac and Saini",2024-10-24,unverified,,active,,18500.0,19200.0,19700.0,
222,Gurugram,Haryana,Other,SC,1991,1,Customer Support & CRM,IT/ITES,Jaipur Skill Centre 10,2024-07-15,2024-10-07,completed,92.2,CERT-222,not_placed,,,,,unverified,Wage offered too low,,,,,,
223,Jaipur,Rajasthan,Female,OBC,1998,1,Customer Support & CRM,IT/ITES,Jaipur Skill Centre 10,2024-07-15,2024-10-07,completed,65.8,CERT-223,self_employment,IT/ITES Associate,IT/ITES,,2024-12-17,disputed,,active,,18500.0,19700.0,21200.0,23900.0
224,Ghaziabad,Uttar Pradesh,Male,General,1995,1,Customer Support & CRM,IT/ITES,Jaipur Skill Centre 10,2024-07-15,2024-10-07,completed,95.3,CERT-224,wage_employment,IT/ITES Associate,IT/ITES,Kapoor and Sons,2024-10-15,unverified,,active,,13600.0,14200.0,14800.0,15200.0
225,Gurugram,Haryana,Male,ST,1995,1,Customer Support & CRM,IT/ITES,Jaipur Skill Centre 10,2024-07-15,2024-10-07,completed,53.7,CERT-225,wage_employment,IT/ITES Associate,IT/ITES,"Choudhury, Bakshi and Maharaj",2024-11-15,disputed,,active,,18700.0,19200.0,19100.0,19000.0
226,Jaipur,Rajasthan,Other,General,2006,1,Customer Support & CRM,IT/ITES,Jaipur Skill Centre 10,2024-07-15,2024-10-07,completed,68.9,CERT-226,not_placed,,,,,unverified,Wage offered too low,,,,,,
227,Ghaziabad,Uttar Pradesh,Other,ST,2006,1,Customer Support & CRM,IT/ITES,Jaipur Skill Centre 10,2024-07-15,2024-10-07,completed,47.1,CERT-227,self_employment,IT/ITES Associate,IT/ITES,,2024-10-18,confirmed,,active,,16700.0,17900.0,,
228,Jaipur,Rajasthan,Female,ST,2007,1,Customer Support & CRM,IT/ITES,Jaipur Skill Centre 10,2024-07-15,2024-10-07,completed,68.9,CERT-228,wage_employment,IT/ITES Associate,IT/ITES,"Bala, Issac and Saini",2024-11-06,unverified,,active,,13700.0,13900.0,14500.0,
229,Faridabad,Haryana,Female,SC,1991,1,Customer Support & CRM,IT/ITES,Jaipur Skill Centre 10,2024-07-15,2024-10-07,completed,80.0,CERT-229,self_employment,IT/ITES Associate,IT/ITES,,2024-11-03,confirmed,,ended,Job did not match trained skillset,18800.0,,,
230,Gautam Buddh Nagar,Uttar Pradesh,Female,OBC,2005,1,Customer Support & CRM,IT/ITES,Jaipur Skill Centre 10,2024-07-15,2024-10-07,completed,70.2,CERT-230,wage_employment,IT/ITES Associate,IT/ITES,Kaul PLC,2024-10-12,confirmed,,ended,Moved to a better opportunity,13900.0,,,
231,Gurugram,Haryana,Female,General,2000,1,Customer Support & CRM,IT/ITES,Jaipur Skill Centre 10,2024-07-15,2024-10-07,completed,97.7,CERT-231,wage_employment,IT/ITES Associate,IT/ITES,"Bala, Issac and Saini",2024-11-03,confirmed,,active,,17600.0,18500.0,19300.0,
232,Gautam Buddh Nagar,Uttar Pradesh,Other,General,1993,1,Customer Support & CRM,IT/ITES,Jaipur Skill Centre 10,2024-07-15,2024-10-07,completed,81.5,CERT-232,not_placed,,,,,unverified,Health-related reasons,,,,,,
233,Gurugram,Haryana,Other,SC,2003,1,Customer Support & CRM,IT/ITES,Jaipur Skill Centre 10,2024-07-15,2024-10-07,completed,75.5,CERT-233,apprenticeship,IT/ITES Associate,IT/ITES,Kaul PLC,2024-12-14,unverified,,active,,14700.0,14700.0,15600.0,
234,Gurugram,Haryana,Other,OBC,2007,1,Customer Support & CRM,IT/ITES,Jaipur Skill Centre 10,2024-07-15,2024-10-07,dropped_out,55.7,,,,,,,,,,,,,,
235,Gurugram,Haryana,Female,SC,1998,1,Customer Support & CRM,IT/ITES,Jaipur Skill Centre 10,2024-07-15,2024-10-07,completed,74.1,CERT-235,wage_employment,IT/ITES Helper (low-relevance role),IT/ITES,"Chaudry, Chahal and Sami",2024-11-24,disputed,,active,,18500.0,19700.0,21400.0,
236,Faridabad,Haryana,Other,SC,1991,1,Customer Support & CRM,IT/ITES,Jaipur Skill Centre 10,2024-07-15,2024-10-07,completed,80.9,CERT-236,wage_employment,IT/ITES Helper (low-relevance role),IT/ITES,Kaul PLC,2024-11-23,unverified,,active,,14700.0,15600.0,15700.0,
237,Gurugram,Haryana,Male,ST,1991,1,Customer Support & CRM,IT/ITES,Jaipur Skill Centre 10,2024-07-15,2024-10-07,completed,91.5,CERT-237,self_employment,IT/ITES Associate,IT/ITES,,2024-11-19,confirmed,,active,,17800.0,19200.0,20000.0,
238,Jaipur,Rajasthan,Female,General,1994,1,Customer Support & CRM,IT/ITES,Jaipur Skill Centre 10,2024-07-15,2024-10-07,completed,82.8,CERT-238,wage_employment,IT/ITES Associate,IT/ITES,"Choudhury, Bakshi and Maharaj",2024-10-23,confirmed,,active,,14300.0,14400.0,15000.0,16300.0
239,Gurugram,Haryana,Other,SC,1994,1,Customer Support & CRM,IT/ITES,Jaipur Skill Centre 10,2024-07-15,2024-10-07,completed,54.1,CERT-239,self_employment,IT/ITES Associate,IT/ITES,,2024-12-20,confirmed,,active,,15600.0,15700.0,16100.0,15700.0
240,Faridabad,Haryana,Female,ST,1994,1,Customer Support & CRM,IT/ITES,Jaipur Skill Centre 10,2024-07-15,2024-10-07,completed,61.5,CERT-240,self_employment,IT/ITES Associate,IT/ITES,,2024-12-11,confirmed,,active,,15400.0,16300.0,16100.0,
241,Ghaziabad,Uttar Pradesh,Male,OBC,1999,1,Customer Support & CRM,IT/ITES,Jaipur Skill Centre 10,2024-07-15,2024-10-07,completed,66.5,CERT-241,wage_employment,IT/ITES Associate,IT/ITES,Kaul PLC,2024-10-21,confirmed,,active,,15900.0,16200.0,16600.0,
242,Gautam Buddh Nagar,Uttar Pradesh,Female,ST,2005,1,Customer Support & CRM,IT/ITES,Jaipur Skill Centre 10,2024-07-15,2024-10-07,completed,50.2,CERT-242,wage_employment,IT/ITES Associate,IT/ITES,Balan Inc,2024-10-20,unverified,,active,,17900.0,18900.0,20000.0,
243,Ghaziabad,Uttar Pradesh,Other,SC,1996,1,Customer Support & CRM,IT/ITES,Jaipur Skill Centre 10,2024-07-15,2024-10-07,completed,87.1,CERT-243,apprenticeship,IT/ITES Associate,IT/ITES,Balan Inc,2024-11-25,unverified,,ended,Commute / relocation issues,18800.0,19800.0,,
244,Jaipur,Rajasthan,Other,SC,2002,1,Customer Support & CRM,IT/ITES,Jaipur Skill Centre 10,2024-07-15,2024-10-07,completed,66.5,CERT-244,wage_employment,IT/ITES Associate,IT/ITES,Kapoor and Sons,2024-12-11,unverified,,active,,13400.0,14500.0,15000.0,
245,Jaipur,Rajasthan,Other,OBC,2003,1,Customer Support & CRM,IT/ITES,Jaipur Skill Centre 10,2024-07-15,2024-10-07,completed,67.5,CERT-245,not_placed,,,,,unverified,Job location too far / relocation not feasible,,,,,,
246,Ghaziabad,Uttar Pradesh,Male,General,1995,1,Customer Support & CRM,IT/ITES,Jaipur Skill Centre 10,2024-07-15,2024-10-07,completed,89.9,CERT-246,wage_employment,IT/ITES Associate,IT/ITES,Balan Inc,2024-12-20,unverified,,active,,13700.0,14700.0,15900.0,
247,Jaipur,Rajasthan,Female,ST,1992,1,Customer Support & CRM,IT/ITES,Jaipur Skill Centre 10,2024-07-15,2024-10-07,completed,80.2,CERT-247,self_employment,IT/ITES Associate,IT/ITES,,2024-12-20,confirmed,,active,,15800.0,16200.0,18100.0,19300.0
248,Faridabad,Haryana,Other,General,1995,1,Customer Support & CRM,IT/ITES,Jaipur Skill Centre 10,2024-07-15,2024-10-07,completed,60.5,CERT-248,wage_employment,IT/ITES Associate,IT/ITES,Balan Inc,2024-10-22,unverified,,active,,13100.0,13900.0,14600.0,
249,Jaipur,Rajasthan,Male,General,1991,1,Customer Support & CRM,IT/ITES,Jaipur Skill Centre 10,2024-07-15,2024-10-07,completed,76.6,CERT-249,not_placed,,,,,unverified,Felt underprepared / skill mismatch,,,,,,
250,Faridabad,Haryana,Female,ST,2002,1,Customer Support & CRM,IT/ITES,Jaipur Skill Centre 10,2024-07-15,2024-10-07,completed,53.9,CERT-250,self_employment,IT/ITES Associate,IT/ITES,,2024-10-18,unverified,,active,,15900.0,16900.0,18700.0,19400.0
251,Gautam Buddh Nagar,Uttar Pradesh,Other,SC,1993,1,Customer Support & CRM,IT/ITES,Jaipur Skill Centre 10,2024-07-15,2024-10-07,completed,67.9,CERT-251,not_placed,,,,,unverified,Felt underprepared / skill mismatch,,,,,,
252,Gurugram,Haryana,Male,General,1998,1,Customer Support & CRM,IT/ITES,Jaipur Skill Centre 10,2024-07-15,2024-10-07,completed,76.0,CERT-252,self_employment,IT/ITES Associate,IT/ITES,,2024-11-11,unverified,,active,,14100.0,14900.0,15600.0,
253,Ghaziabad,Uttar Pradesh,Female,General,1991,1,Customer Support & CRM,IT/ITES,Jaipur Skill Centre 10,2024-07-15,2024-10-07,dropped_out,76.5,,,,,,,,,,,,,,
254,Ghaziabad,Uttar Pradesh,Other,General,1993,1,Customer Support & CRM,IT/ITES,Jaipur Skill Centre 10,2024-07-15,2024-10-07,completed,77.0,CERT-254,self_employment,IT/ITES Associate,IT/ITES,,2024-11-04,confirmed,,active,,17000.0,17500.0,17200.0,19300.0
255,Ghaziabad,Uttar Pradesh,Female,ST,2002,1,Customer Support & CRM,IT/ITES,Jaipur Skill Centre 10,2024-07-15,2024-10-07,completed,73.7,CERT-255,wage_employment,IT/ITES Associate,IT/ITES,"Choudhury, Bakshi and Maharaj",2024-12-07,confirmed,,active,,13900.0,14400.0,15600.0,16000.0
256,Gautam Buddh Nagar,Uttar Pradesh,Female,General,2007,1,Customer Support & CRM,IT/ITES,Jaipur Skill Centre 10,2024-07-15,2024-10-07,completed,81.5,CERT-256,wage_employment,IT/ITES Associate,IT/ITES,Kaul PLC,2024-11-26,confirmed,,active,,15800.0,16900.0,17300.0,
257,Gurugram,Haryana,Female,ST,2005,1,Customer Support & CRM,IT/ITES,Jaipur Skill Centre 10,2024-07-15,2024-10-07,completed,52.4,CERT-257,self_employment,IT/ITES Helper (low-relevance role),IT/ITES,,2024-11-11,confirmed,,active,,18800.0,20000.0,20800.0,22800.0
258,Jaipur,Rajasthan,Female,General,1997,1,Customer Support & CRM,IT/ITES,Jaipur Skill Centre 10,2024-07-15,2024-10-07,completed,70.9,CERT-258,apprenticeship,IT/ITES Associate,IT/ITES,Kaul PLC,2024-10-17,confirmed,,ended,Left due to low wage relative to workload,18400.0,18400.0,18600.0,
259,Gurugram,Haryana,Male,General,2002,1,Customer Support & CRM,IT/ITES,Jaipur Skill Centre 10,2024-07-15,2024-10-07,completed,75.5,CERT-259,self_employment,IT/ITES Associate,IT/ITES,,2024-11-08,confirmed,,active,,16300.0,16500.0,17400.0,
260,Gautam Buddh Nagar,Uttar Pradesh,Female,General,1990,1,Customer Support & CRM,IT/ITES,Jaipur Skill Centre 10,2024-07-15,2024-10-07,completed,76.5,CERT-260,self_employment,IT/ITES Associate,IT/ITES,,2024-12-11,unverified,,active,,14000.0,14600.0,14700.0,16600.0
261,Jaipur,Rajasthan,Female,ST,2006,1,Customer Support & CRM,IT/ITES,Jaipur Skill Centre 10,2024-07-15,2024-10-07,completed,79.9,CERT-261,wage_employment,IT/ITES Associate,IT/ITES,Kapoor and Sons,2024-12-11,confirmed,,active,,14300.0,15400.0,15800.0,
262,Jaipur,Rajasthan,Female,OBC,1993,1,Customer Support & CRM,IT/ITES,Jaipur Skill Centre 10,2024-07-15,2024-10-07,completed,76.4,CERT-262,wage_employment,IT/ITES Associate,IT/ITES,"Bala, Issac and Saini",2024-11-22,confirmed,,ended,Commute / relocation issues,13400.0,,,
263,Ghaziabad,Uttar Pradesh,Male,OBC,2002,1,Customer Support & CRM,IT/ITES,Jaipur Skill Centre 10,2024-07-15,2024-10-07,completed,55.3,CERT-263,wage_employment,IT/ITES Associate,IT/ITES,"Chaudry, Chahal and Sami",2024-10-28,confirmed,,active,,15800.0,17100.0,17500.0,19300.0
264,Ghaziabad,Uttar Pradesh,Male,SC,2005,1,Customer Support & CRM,IT/ITES,Jaipur Skill Centre 10,2024-07-15,2024-10-07,dropped_out,67.7,,,,,,,,,,,,,,
265,Ghaziabad,Uttar Pradesh,Male,ST,1997,1,Customer Support & CRM,IT/ITES,Jaipur Skill Centre 10,2024-07-15,2024-10-07,completed,92.3,CERT-265,wage_employment,IT/ITES Associate,IT/ITES,Kaul PLC,2024-10-12,confirmed,,active,,17800.0,18800.0,20600.0,22400.0
266,Faridabad,Haryana,Male,ST,1990,1,Customer Support & CRM,IT/ITES,Jaipur Skill Centre 10,2024-07-15,2024-10-07,completed,91.3,CERT-266,self_employment,IT/ITES Associate,IT/ITES,,2024-11-28,unverified,,active,,15000.0,16300.0,17000.0,
267,Gautam Buddh Nagar,Uttar Pradesh,Other,SC,2006,1,Customer Support & CRM,IT/ITES,Jaipur Skill Centre 10,2024-07-15,2024-10-07,completed,50.9,CERT-267,wage_employment,IT/ITES Associate,IT/ITES,"Chaudry, Chahal and Sami",2024-11-27,confirmed,,active,,16900.0,18400.0,19400.0,19900.0
268,Gurugram,Haryana,Male,ST,2001,1,Customer Support & CRM,IT/ITES,Jaipur Skill Centre 10,2024-07-15,2024-10-07,completed,89.0,CERT-268,wage_employment,IT/ITES Associate,IT/ITES,Kaul PLC,2024-11-18,unverified,,ended,Commute / relocation issues,15300.0,16100.0,17000.0,
269,Jaipur,Rajasthan,Male,SC,1994,1,Customer Support & CRM,IT/ITES,Jaipur Skill Centre 10,2024-07-15,2024-10-07,completed,84.1,CERT-269,wage_employment,IT/ITES Associate,IT/ITES,"Choudhury, Bakshi and Maharaj",2024-11-10,unverified,,active,,16900.0,17500.0,17500.0,17000.0
270,Gautam Buddh Nagar,Uttar Pradesh,Male,SC,1994,1,Customer Support & CRM,IT/ITES,Jaipur Skill Centre 10,2024-07-15,2024-10-07,completed,53.8,CERT-270,not_placed,,,,,unverified,Pursuing further education,,,,,,
271,Gurugram,Haryana,Female,OBC,1995,1,Customer Support & CRM,IT/ITES,Jaipur Skill Centre 10,2024-07-15,2024-10-07,completed,51.2,CERT-271,not_placed,,,,,unverified,Family responsibilities / not permitted to work,,,,,,
272,Faridabad,Haryana,Male,OBC,1998,1,Customer Support & CRM,IT/ITES,Jaipur Skill Centre 10,2024-07-15,2024-10-07,completed,82.5,CERT-272,apprenticeship,IT/ITES Associate,IT/ITES,Kapoor and Sons,2024-11-28,confirmed,,active,,16000.0,17600.0,18500.0,
273,Gurugram,Haryana,Other,ST,1994,1,Web Development Basics,IT/ITES,Ghaziabad Skill Centre 2,2024-02-16,2024-05-10,completed,51.0,CERT-273,wage_employment,IT/ITES Associate,IT/ITES,"Bala, Issac and Saini",2024-07-24,unverified,,ended,Job did not match trained skillset,16800.0,17700.0,,
274,Gautam Buddh Nagar,Uttar Pradesh,Male,OBC,2006,1,Web Development Basics,IT/ITES,Ghaziabad Skill Centre 2,2024-02-16,2024-05-10,completed,77.0,CERT-274,wage_employment,IT/ITES Helper (low-relevance role),IT/ITES,"Bala, Issac and Saini",2024-06-30,confirmed,,active,,15100.0,16200.0,17800.0,18500.0
275,Faridabad,Haryana,Other,General,1994,1,Web Development Basics,IT/ITES,Ghaziabad Skill Centre 2,2024-02-16,2024-05-10,completed,61.1,CERT-275,not_placed,,,,,unverified,Family responsibilities / not permitted to work,,,,,,
276,Gurugram,Haryana,Other,ST,1992,1,Web Development Basics,IT/ITES,Ghaziabad Skill Centre 2,2024-02-16,2024-05-10,completed,66.7,CERT-276,not_placed,,,,,unverified,Job location too far / relocation not feasible,,,,,,
277,Jaipur,Rajasthan,Other,OBC,2004,1,Web Development Basics,IT/ITES,Ghaziabad Skill Centre 2,2024-02-16,2024-05-10,completed,89.1,CERT-277,wage_employment,IT/ITES Helper (low-relevance role),IT/ITES,"Chaudry, Chahal and Sami",2024-06-22,confirmed,,active,,18700.0,19500.0,19400.0,
278,Gurugram,Haryana,Female,SC,2005,1,Web Development Basics,IT/ITES,Ghaziabad Skill Centre 2,2024-02-16,2024-05-10,completed,75.0,CERT-278,not_placed,,,,,unverified,Family responsibilities / not permitted to work,,,,,,
279,Faridabad,Haryana,Male,General,1993,1,Web Development Basics,IT/ITES,Ghaziabad Skill Centre 2,2024-02-16,2024-05-10,completed,53.6,CERT-279,wage_employment,IT/ITES Associate,IT/ITES,"Bala, Issac and Saini",2024-06-01,confirmed,,active,,15100.0,16400.0,17000.0,18200.0
280,Gurugram,Haryana,Other,SC,1993,1,Web Development Basics,IT/ITES,Ghaziabad Skill Centre 2,2024-02-16,2024-05-10,completed,45.7,CERT-280,wage_employment,IT/ITES Helper (low-relevance role),IT/ITES,Balan Inc,2024-07-06,confirmed,,active,,14300.0,14300.0,14400.0,
281,Faridabad,Haryana,Female,OBC,1992,1,Web Development Basics,IT/ITES,Ghaziabad Skill Centre 2,2024-02-16,2024-05-10,completed,70.4,CERT-281,wage_employment,IT/ITES Associate,IT/ITES,Balan Inc,2024-07-20,unverified,,active,,13900.0,14200.0,15600.0,
282,Gautam Buddh Nagar,Uttar Pradesh,Female,General,1996,1,Web Development Basics,IT/ITES,Ghaziabad Skill Centre 2,2024-02-16,2024-05-10,completed,72.2,CERT-282,wage_employment,IT/ITES Associate,IT/ITES,"Chaudry, Chahal and Sami",2024-05-20,confirmed,,ended,Left due to low wage relative to workload,14200.0,,,
283,Jaipur,Rajasthan,Male,OBC,2001,1,Web Development Basics,IT/ITES,Ghaziabad Skill Centre 2,2024-02-16,2024-05-10,completed,86.4,CERT-283,wage_employment,IT/ITES Associate,IT/ITES,"Choudhury, Bakshi and Maharaj",2024-05-27,unverified,,active,,13600.0,13700.0,13500.0,14600.0
284,Ghaziabad,Uttar Pradesh,Female,SC,2003,1,Web Development Basics,IT/ITES,Ghaziabad Skill Centre 2,2024-02-16,2024-05-10,completed,50.8,CERT-284,self_employment,IT/ITES Associate,IT/ITES,,2024-06-20,confirmed,,active,,14900.0,15600.0,16400.0,17400.0
285,Faridabad,Haryana,Male,ST,1993,1,Web Development Basics,IT/ITES,Ghaziabad Skill Centre 2,2024-02-16,2024-05-10,completed,80.9,CERT-285,wage_employment,IT/ITES Associate,IT/ITES,"Bala, Issac and Saini",2024-05-28,confirmed,,active,,15400.0,15200.0,15300.0,15600.0
286,Faridabad,Haryana,Other,SC,2005,1,Web Development Basics,IT/ITES,Ghaziabad Skill Centre 2,2024-02-16,2024-05-10,completed,69.1,CERT-286,wage_employment,IT/ITES Associate,IT/ITES,Kapoor and Sons,2024-06-01,unverified,,active,,16700.0,17800.0,,
287,Ghaziabad,Uttar Pradesh,Other,ST,1999,1,Web Development Basics,IT/ITES,Ghaziabad Skill Centre 2,2024-02-16,2024-05-10,completed,58.9,CERT-287,self_employment,IT/ITES Associate,IT/ITES,,2024-07-23,disputed,,active,,14100.0,15000.0,15700.0,17100.0
288,Jaipur,Rajasthan,Male,OBC,2005,1,Web Development Basics,IT/ITES,Ghaziabad Skill Centre 2,2024-02-16,2024-05-10,completed,65.7,CERT-288,apprenticeship,IT/ITES Associate,IT/ITES,Kaul PLC,2024-06-29,confirmed,,active,,16500.0,16900.0,17600.0,18600.0
289,Gautam Buddh Nagar,Uttar Pradesh,Female,SC,1999,1,Web Development Basics,IT/ITES,Ghaziabad Skill Centre 2,2024-02-16,2024-05-10,completed,73.5,CERT-289,self_employment,IT/ITES Helper (low-relevance role),IT/ITES,,2024-07-08,confirmed,,active,,14900.0,15100.0,15800.0,16900.0
290,Faridabad,Haryana,Male,General,1996,1,Web Development Basics,IT/ITES,Ghaziabad Skill Centre 2,2024-02-16,2024-05-10,completed,73.4,CERT-290,wage_employment,IT/ITES Associate,IT/ITES,Kaul PLC,2024-07-05,disputed,,active,,17800.0,18000.0,19100.0,19500.0
291,Faridabad,Haryana,Female,General,2007,1,Web Development Basics,IT/ITES,Ghaziabad Skill Centre 2,2024-02-16,2024-05-10,completed,72.4,CERT-291,wage_employment,IT/ITES Associate,IT/ITES,"Bala, Issac and Saini",2024-07-13,unverified,,active,,15800.0,17200.0,18800.0,18800.0
292,Ghaziabad,Uttar Pradesh,Other,OBC,1998,1,Web Development Basics,IT/ITES,Ghaziabad Skill Centre 2,2024-02-16,2024-05-10,completed,51.0,CERT-292,wage_employment,IT/ITES Helper (low-relevance role),IT/ITES,"Chaudry, Chahal and Sami",2024-07-13,confirmed,,ended,Job did not match trained skillset,13800.0,14400.0,15300.0,
293,Gautam Buddh Nagar,Uttar Pradesh,Male,General,2003,1,Web Development Basics,IT/ITES,Ghaziabad Skill Centre 2,2024-02-16,2024-05-10,completed,89.5,CERT-293,not_placed,,,,,unverified,Wage offered too low,,,,,,
294,Jaipur,Rajasthan,Female,SC,2006,1,Web Development Basics,IT/ITES,Ghaziabad Skill Centre 2,2024-02-16,2024-05-10,completed,49.8,CERT-294,self_employment,IT/ITES Associate,IT/ITES,,2024-06-24,confirmed,,active,,14300.0,14300.0,15500.0,
295,Jaipur,Rajasthan,Male,OBC,2003,1,Web Development Basics,IT/ITES,Ghaziabad Skill Centre 2,2024-02-16,2024-05-10,completed,91.6,CERT-295,not_placed,,,,,unverified,Job location too far / relocation not feasible,,,,,,
296,Gurugram,Haryana,Female,General,1999,1,Web Development Basics,IT/ITES,Ghaziabad Skill Centre 2,2024-02-16,2024-05-10,completed,80.1,CERT-296,not_placed,,,,,unverified,Pursuing further education,,,,,,
297,Ghaziabad,Uttar Pradesh,Other,ST,1998,1,Web Development Basics,IT/ITES,Ghaziabad Skill Centre 2,2024-02-16,2024-05-10,completed,95.8,CERT-297,self_employment,IT/ITES Associate,IT/ITES,,2024-05-30,confirmed,,active,,17900.0,18600.0,20100.0,
298,Gautam Buddh Nagar,Uttar Pradesh,Male,ST,2005,1,Web Development Basics,IT/ITES,Ghaziabad Skill Centre 2,2024-02-16,2024-05-10,completed,62.6,CERT-298,apprenticeship,IT/ITES Helper (low-relevance role),IT/ITES,"Choudhury, Bakshi and Maharaj",2024-06-04,unverified,,active,,17900.0,18800.0,19600.0,20300.0
299,Jaipur,Rajasthan,Other,ST,1994,1,Web Development Basics,IT/ITES,Ghaziabad Skill Centre 2,2024-02-16,2024-05-10,completed,61.9,CERT-299,self_employment,IT/ITES Associate,IT/ITES,,2024-06-17,confirmed,,active,,14100.0,15100.0,15700.0,16800.0
300,Faridabad,Haryana,Other,SC,2003,1,Web Development Basics,IT/ITES,Ghaziabad Skill Centre 2,2024-02-16,2024-05-10,completed,95.8,CERT-300,wage_employment,IT/ITES Associate,IT/ITES,"Choudhury, Bakshi and Maharaj",2024-07-21,confirmed,,active,,18200.0,19000.0,20100.0,21000.0
301,Gurugram,Haryana,Other,ST,1997,1,Web Development Basics,IT/ITES,Ghaziabad Skill Centre 2,2024-02-16,2024-05-10,completed,64.6,CERT-301,wage_employment,IT/ITES Associate,IT/ITES,"Choudhury, Bakshi and Maharaj",2024-07-14,confirmed,,active,,15500.0,16200.0,17000.0,17600.0
302,Jaipur,Rajasthan,Male,ST,2002,1,Web Development Basics,IT/ITES,Ghaziabad Skill Centre 2,2024-02-16,2024-05-10,completed,52.0,CERT-302,not_placed,,,,,unverified,Wage offered too low,,,,,,
303,Ghaziabad,Uttar Pradesh,Female,ST,1998,1,Web Development Basics,IT/ITES,Ghaziabad Skill Centre 2,2024-02-16,2024-05-10,completed,91.5,CERT-303,wage_employment,IT/ITES Helper (low-relevance role),IT/ITES,Kaul PLC,2024-07-09,confirmed,,active,,16000.0,16300.0,17300.0,18400.0
304,Ghaziabad,Uttar Pradesh,Other,ST,2007,1,Web Development Basics,IT/ITES,Ghaziabad Skill Centre 2,2024-02-16,2024-05-10,dropped_out,52.9,,,,,,,,,,,,,,
305,Ghaziabad,Uttar Pradesh,Female,ST,1995,1,Web Development Basics,IT/ITES,Ghaziabad Skill Centre 2,2024-02-16,2024-05-10,completed,82.4,CERT-305,apprenticeship,IT/ITES Associate,IT/ITES,Balan Inc,2024-05-20,confirmed,,active,,18200.0,19600.0,,
306,Jaipur,Rajasthan,Other,General,1996,1,Web Development Basics,IT/ITES,Ghaziabad Skill Centre 2,2024-02-16,2024-05-10,completed,75.3,CERT-306,wage_employment,IT/ITES Associate,IT/ITES,Balan Inc,2024-05-27,unverified,,active,,13900.0,13700.0,,
307,Gautam Buddh Nagar,Uttar Pradesh,Male,OBC,2004,1,Web Development Basics,IT/ITES,Ghaziabad Skill Centre 2,2024-02-16,2024-05-10,completed,47.6,CERT-307,wage_employment,IT/ITES Associate,IT/ITES,"Choudhury, Bakshi and Maharaj",2024-05-24,unverified,,active,,18800.0,20000.0,20800.0,
308,Faridabad,Haryana,Other,SC,2003,1,Web Development Basics,IT/ITES,Ghaziabad Skill Centre 2,2024-02-16,2024-05-10,completed,77.0,CERT-308,wage_employment,IT/ITES Associate,IT/ITES,"Chaudry, Chahal and Sami",2024-07-19,confirmed,,active,,17900.0,19400.0,20600.0,
309,Faridabad,Haryana,Other,General,2006,1,Web Development Basics,IT/ITES,Ghaziabad Skill Centre 2,2024-02-16,2024-05-10,completed,68.2,CERT-309,not_placed,,,,,unverified,Job location too far / relocation not feasible,,,,,,
310,Ghaziabad,Uttar Pradesh,Other,SC,1994,1,Web Development Basics,IT/ITES,Ghaziabad Skill Centre 2,2024-02-16,2024-05-10,completed,72.7,CERT-310,wage_employment,IT/ITES Associate,IT/ITES,"Choudhury, Bakshi and Maharaj",2024-05-20,unverified,,ended,Family circumstances changed,16500.0,,,
311,Faridabad,Haryana,Female,ST,1991,1,Web Development Basics,IT/ITES,Ghaziabad Skill Centre 2,2024-02-16,2024-05-10,completed,60.8,CERT-311,wage_employment,IT/ITES Associate,IT/ITES,"Bala, Issac and Saini",2024-07-11,disputed,,ended,Family circumstances changed,18900.0,19500.0,,
312,Faridabad,Haryana,Other,ST,2002,1,Web Development Basics,IT/ITES,Ghaziabad Skill Centre 2,2024-02-16,2024-05-10,completed,88.1,CERT-312,self_employment,IT/ITES Associate,IT/ITES,,2024-07-04,confirmed,,active,,16900.0,17600.0,18300.0,
313,Ghaziabad,Uttar Pradesh,Other,ST,1994,1,Web Development Basics,IT/ITES,Ghaziabad Skill Centre 2,2024-02-16,2024-05-10,completed,70.0,CERT-313,not_placed,,,,,unverified,Family responsibilities / not permitted to work,,,,,,
314,Ghaziabad,Uttar Pradesh,Other,ST,1999,1,Web Development Basics,IT/ITES,Ghaziabad Skill Centre 2,2024-02-16,2024-05-10,dropped_out,45.4,,,,,,,,,,,,,,
315,Faridabad,Haryana,Male,SC,2003,1,Web Development Basics,IT/ITES,Ghaziabad Skill Centre 2,2024-02-16,2024-05-10,dropped_out,66.2,,,,,,,,,,,,,,
316,Jaipur,Rajasthan,Female,General,2005,1,Web Development Basics,IT/ITES,Ghaziabad Skill Centre 2,2024-02-16,2024-05-10,completed,67.4,CERT-316,wage_employment,IT/ITES Associate,IT/ITES,"Bala, Issac and Saini",2024-07-07,unverified,,active,,14700.0,15600.0,16800.0,17500.0
317,Gurugram,Haryana,Female,OBC,2005,1,Web Development Basics,IT/ITES,Ghaziabad Skill Centre 2,2024-02-16,2024-05-10,completed,84.7,CERT-317,wage_employment,IT/ITES Associate,IT/ITES,Kapoor and Sons,2024-06-04,unverified,,active,,19000.0,20000.0,20800.0,
318,Ghaziabad,Uttar Pradesh,Other,OBC,1993,1,Web Development Basics,IT/ITES,Ghaziabad Skill Centre 2,2024-02-16,2024-05-10,completed,97.7,CERT-318,not_placed,,,,,unverified,Felt underprepared / skill mismatch,,,,,,
319,Jaipur,Rajasthan,Female,General,1998,1,Web Development Basics,IT/ITES,Ghaziabad Skill Centre 2,2024-02-16,2024-05-10,completed,94.1,CERT-319,wage_employment,IT/ITES Associate,IT/ITES,"Choudhury, Bakshi and Maharaj",2024-05-28,unverified,,active,,18200.0,18400.0,19300.0,20000.0
320,Faridabad,Haryana,Female,OBC,2003,1,Web Development Basics,IT/ITES,Ghaziabad Skill Centre 2,2024-02-16,2024-05-10,completed,70.1,CERT-320,wage_employment,IT/ITES Associate,IT/ITES,"Chaudry, Chahal and Sami",2024-07-01,unverified,,active,,15600.0,15900.0,17200.0,17800.0
321,Gurugram,Haryana,Male,OBC,2000,1,Web Development Basics,IT/ITES,Ghaziabad Skill Centre 2,2024-02-16,2024-05-10,completed,65.8,CERT-321,apprenticeship,IT/ITES Associate,IT/ITES,Kapoor and Sons,2024-05-22,unverified,,active,,13000.0,13600.0,14600.0,16000.0
322,Faridabad,Haryana,Male,General,1996,1,Web Development Basics,IT/ITES,Ghaziabad Skill Centre 2,2024-02-16,2024-05-10,dropped_out,62.7,,,,,,,,,,,,,,
323,Ghaziabad,Uttar Pradesh,Other,SC,2006,1,Web Development Basics,IT/ITES,Ghaziabad Skill Centre 2,2024-02-16,2024-05-10,completed,72.1,CERT-323,wage_employment,IT/ITES Associate,IT/ITES,"Bala, Issac and Saini",2024-06-04,unverified,,active,,14600.0,15600.0,16500.0,17500.0
324,Jaipur,Rajasthan,Male,SC,1997,1,Web Development Basics,IT/ITES,Ghaziabad Skill Centre 2,2024-02-16,2024-05-10,completed,86.6,CERT-324,self_employment,IT/ITES Associate,IT/ITES,,2024-07-02,confirmed,,active,,17300.0,18000.0,18300.0,19300.0
325,Gurugram,Haryana,Other,ST,2005,1,Web Development Basics,IT/ITES,Ghaziabad Skill Centre 2,2024-02-16,2024-05-10,completed,81.5,CERT-325,not_placed,,,,,unverified,Pursuing further education,,,,,,
326,Faridabad,Haryana,Female,OBC,1995,1,Web Development Basics,IT/ITES,Ghaziabad Skill Centre 2,2024-02-16,2024-05-10,completed,69.3,CERT-326,not_placed,,,,,unverified,Family responsibilities / not permitted to work,,,,,,
327,Jaipur,Rajasthan,Other,OBC,1993,1,Web Development Basics,IT/ITES,Ghaziabad Skill Centre 2,2024-02-16,2024-05-10,completed,46.7,CERT-327,wage_employment,IT/ITES Associate,IT/ITES,"Choudhury, Bakshi and Maharaj",2024-07-06,confirmed,,active,,15900.0,17100.0,18200.0,
328,Gautam Buddh Nagar,Uttar Pradesh,Male,General,2007,1,Web Development Basics,IT/ITES,Ghaziabad Skill Centre 2,2024-02-16,2024-05-10,completed,67.1,CERT-328,wage_employment,IT/ITES Associate,IT/ITES,"Chaudry, Chahal and Sami",2024-07-02,confirmed,,active,,13900.0,14300.0,14700.0,15500.0
329,Gautam Buddh Nagar,Uttar Pradesh,Other,General,1999,1,Web Development Basics,IT/ITES,Ghaziabad Skill Centre 2,2024-02-16,2024-05-10,completed,49.5,CERT-329,not_placed,,,,,unverified,Family responsibilities / not permitted to work,,,,,,
330,Gautam Buddh Nagar,Uttar Pradesh,Female,ST,2006,1,Web Development Basics,IT/ITES,Ghaziabad Skill Centre 2,2024-02-16,2024-05-10,completed,46.0,CERT-330,wage_employment,IT/ITES Associate,IT/ITES,"Choudhury, Bakshi and Maharaj",2024-06-19,unverified,,ended,Moved to a better opportunity,16600.0,,,
331,Faridabad,Haryana,Other,SC,1990,1,Web Development Basics,IT/ITES,Ghaziabad Skill Centre 2,2024-02-16,2024-05-10,completed,49.8,CERT-331,not_placed,,,,,unverified,Family responsibilities / not permitted to work,,,,,,
332,Gurugram,Haryana,Female,SC,1994,1,Web Development Basics,IT/ITES,Ghaziabad Skill Centre 2,2024-02-16,2024-05-10,completed,53.2,CERT-332,not_placed,,,,,unverified,Pursuing further education,,,,,,
333,Gautam Buddh Nagar,Uttar Pradesh,Female,General,2000,1,Web Development Basics,IT/ITES,Ghaziabad Skill Centre 2,2024-02-16,2024-05-10,completed,60.8,CERT-333,wage_employment,IT/ITES Helper (low-relevance role),IT/ITES,"Chaudry, Chahal and Sami",2024-06-17,confirmed,,active,,16000.0,17300.0,17500.0,
334,Gautam Buddh Nagar,Uttar Pradesh,Other,General,1998,1,Web Development Basics,IT/ITES,Ghaziabad Skill Centre 2,2024-02-16,2024-05-10,completed,74.4,CERT-334,not_placed,,,,,unverified,Job location too far / relocation not feasible,,,,,,
335,Faridabad,Haryana,Female,OBC,2004,1,Web Development Basics,IT/ITES,Ghaziabad Skill Centre 2,2024-02-16,2024-05-10,completed,52.5,CERT-335,wage_employment,IT/ITES Associate,IT/ITES,Kapoor and Sons,2024-07-22,disputed,,active,,16700.0,18600.0,20000.0,21300.0
336,Jaipur,Rajasthan,Male,General,1992,1,Web Development Basics,IT/ITES,Ghaziabad Skill Centre 2,2024-02-16,2024-05-10,completed,51.5,CERT-336,wage_employment,IT/ITES Associate,IT/ITES,"Chaudry, Chahal and Sami",2024-07-09,confirmed,,active,,17200.0,17800.0,18900.0,19800.0
337,Jaipur,Rajasthan,Male,General,2005,1,Web Development Basics,IT/ITES,Ghaziabad Skill Centre 2,2024-02-16,2024-05-10,completed,79.4,CERT-337,wage_employment,IT/ITES Associate,IT/ITES,"Bala, Issac and Saini",2024-07-10,unverified,,ended,Commute / relocation issues,17600.0,,,
338,Ghaziabad,Uttar Pradesh,Male,SC,1990,1,Web Development Basics,IT/ITES,Ghaziabad Skill Centre 2,2024-02-16,2024-05-10,completed,88.3,CERT-338,self_employment,IT/ITES Associate,IT/ITES,,2024-06-12,confirmed,,active,,17900.0,19400.0,20000.0,20400.0
339,Gautam Buddh Nagar,Uttar Pradesh,Male,OBC,1994,1,Web Development Basics,IT/ITES,Ghaziabad Skill Centre 2,2024-02-16,2024-05-10,completed,83.6,CERT-339,self_employment,IT/ITES Associate,IT/ITES,,2024-05-17,unverified,,active,,18700.0,19800.0,20400.0,
340,Ghaziabad,Uttar Pradesh,Male,ST,1991,1,Web Development Basics,IT/ITES,Ghaziabad Skill Centre 2,2024-02-16,2024-05-10,completed,61.8,CERT-340,wage_employment,IT/ITES Associate,IT/ITES,Kaul PLC,2024-05-18,disputed,,ended,Commute / relocation issues,15000.0,,,
341,Gurugram,Haryana,Female,General,1998,1,Web Development Basics,IT/ITES,Faridabad Skill Centre 4,2024-10-23,2025-01-15,completed,95.8,CERT-341,not_placed,,,,,unverified,Felt underprepared / skill mismatch,,,,,,
342,Jaipur,Rajasthan,Female,ST,1997,1,Web Development Basics,IT/ITES,Faridabad Skill Centre 4,2024-10-23,2025-01-15,completed,78.1,CERT-342,wage_employment,IT/ITES Helper (low-relevance role),IT/ITES,"Choudhury, Bakshi and Maharaj",2025-01-24,unverified,,active,,15700.0,17000.0,17600.0,18800.0
343,Jaipur,Rajasthan,Male,ST,1990,1,Web Development Basics,IT/ITES,Faridabad Skill Centre 4,2024-10-23,2025-01-15,completed,67.7,CERT-343,wage_employment,IT/ITES Associate,IT/ITES,"Bala, Issac and Saini",2025-01-23,confirmed,,active,,18000.0,18900.0,19500.0,
344,Ghaziabad,Uttar Pradesh,Other,ST,1999,1,Web Development Basics,IT/ITES,Faridabad Skill Centre 4,2024-10-23,2025-01-15,completed,79.5,CERT-344,wage_employment,IT/ITES Associate,IT/ITES,Kaul PLC,2025-02-07,confirmed,,active,,13000.0,14000.0,14800.0,15600.0
345,Faridabad,Haryana,Other,SC,2000,1,Web Development Basics,IT/ITES,Faridabad Skill Centre 4,2024-10-23,2025-01-15,completed,67.2,CERT-345,wage_employment,IT/ITES Associate,IT/ITES,"Choudhury, Bakshi and Maharaj",2025-03-24,confirmed,,active,,14300.0,15200.0,15100.0,
346,Gurugram,Haryana,Other,General,1990,1,Web Development Basics,IT/ITES,Faridabad Skill Centre 4,2024-10-23,2025-01-15,completed,68.3,CERT-346,apprenticeship,IT/ITES Associate,IT/ITES,"Chaudry, Chahal and Sami",2025-01-25,confirmed,,active,,14200.0,14900.0,15200.0,15200.0
347,Gurugram,Haryana,Other,ST,1995,1,Web Development Basics,IT/ITES,Faridabad Skill Centre 4,2024-10-23,2025-01-15,completed,48.5,CERT-347,apprenticeship,IT/ITES Helper (low-relevance role),IT/ITES,Kapoor and Sons,2025-02-13,confirmed,,active,,17600.0,18200.0,18900.0,
348,Jaipur,Rajasthan,Female,General,2005,1,Web Development Basics,IT/ITES,Faridabad Skill Centre 4,2024-10-23,2025-01-15,completed,86.9,CERT-348,wage_employment,IT/ITES Associate,IT/ITES,Balan Inc,2025-03-26,confirmed,,ended,Left due to low wage relative to workload,17200.0,18100.0,,
349,Ghaziabad,Uttar Pradesh,Female,SC,2002,1,Web Development Basics,IT/ITES,Faridabad Skill Centre 4,2024-10-23,2025-01-15,completed,65.0,CERT-349,self_employment,IT/ITES Associate,IT/ITES,,2025-02-21,unverified,,active,,13200.0,13500.0,14400.0,16000.0
350,Jaipur,Rajasthan,Other,General,2006,1,Web Development Basics,IT/ITES,Faridabad Skill Centre 4,2024-10-23,2025-01-15,completed,94.1,CERT-350,wage_employment,IT/ITES Associate,IT/ITES,"Choudhury, Bakshi and Maharaj",2025-03-30,confirmed,,active,,16600.0,17200.0,18100.0,
351,Faridabad,Haryana,Male,OBC,1990,1,Web Development Basics,IT/ITES,Faridabad Skill Centre 4,2024-10-23,2025-01-15,completed,57.1,CERT-351,wage_employment,IT/ITES Helper (low-relevance role),IT/ITES,Kapoor and Sons,2025-03-27,confirmed,,ended,Moved to a better opportunity,14100.0,14400.0,14600.0,
352,Gurugram,Haryana,Female,ST,2000,1,Web Development Basics,IT/ITES,Faridabad Skill Centre 4,2024-10-23,2025-01-15,completed,84.9,CERT-352,self_employment,IT/ITES Associate,IT/ITES,,2025-02-27,confirmed,,active,,17800.0,18400.0,19800.0,
353,Faridabad,Haryana,Female,OBC,1999,1,Web Development Basics,IT/ITES,Faridabad Skill Centre 4,2024-10-23,2025-01-15,completed,74.3,CERT-353,self_employment,IT/ITES Associate,IT/ITES,,2025-03-23,unverified,,active,,13400.0,14200.0,15400.0,
354,Gautam Buddh Nagar,Uttar Pradesh,Female,OBC,2002,1,Web Development Basics,IT/ITES,Faridabad Skill Centre 4,2024-10-23,2025-01-15,completed,61.4,CERT-354,not_placed,,,,,unverified,Pursuing further education,,,,,,
355,Ghaziabad,Uttar Pradesh,Other,OBC,1999,1,Web Development Basics,IT/ITES,Faridabad Skill Centre 4,2024-10-23,2025-01-15,completed,81.3,CERT-355,wage_employment,IT/ITES Associate,IT/ITES,Kapoor and Sons,2025-03-18,confirmed,,active,,16500.0,17800.0,18400.0,19400.0
356,Faridabad,Haryana,Other,OBC,2002,1,Web Development Basics,IT/ITES,Faridabad Skill Centre 4,2024-10-23,2025-01-15,completed,50.1,CERT-356,wage_employment,IT/ITES Associate,IT/ITES,Kapoor and Sons,2025-02-24,unverified,,active,,13500.0,14000.0,14900.0,
357,Faridabad,Haryana,Male,ST,2002,1,Web Development Basics,IT/ITES,Faridabad Skill Centre 4,2024-10-23,2025-01-15,completed,66.0,CERT-357,wage_employment,IT/ITES Associate,IT/ITES,Kapoor and Sons,2025-03-02,confirmed,,active,,17900.0,18200.0,18900.0,
358,Gurugram,Haryana,Male,SC,1994,1,Web Development Basics,IT/ITES,Faridabad Skill Centre 4,2024-10-23,2025-01-15,completed,82.9,CERT-358,not_placed,,,,,unverified,Family responsibilities / not permitted to work,,,,,,
359,Faridabad,Haryana,Other,General,1991,1,Web Development Basics,IT/ITES,Faridabad Skill Centre 4,2024-10-23,2025-01-15,completed,61.3,CERT-359,wage_employment,IT/ITES Associate,IT/ITES,Balan Inc,2025-02-14,unverified,,active,,18900.0,19700.0,20400.0,21900.0
360,Ghaziabad,Uttar Pradesh,Other,ST,1996,1,Web Development Basics,IT/ITES,Faridabad Skill Centre 4,2024-10-23,2025-01-15,completed,51.4,CERT-360,wage_employment,IT/ITES Associate,IT/ITES,Kapoor and Sons,2025-01-21,confirmed,,active,,16900.0,18800.0,20100.0,21900.0
361,Gautam Buddh Nagar,Uttar Pradesh,Other,ST,2000,1,Web Development Basics,IT/ITES,Faridabad Skill Centre 4,2024-10-23,2025-01-15,completed,96.5,CERT-361,wage_employment,IT/ITES Associate,IT/ITES,"Bala, Issac and Saini",2025-03-01,disputed,,active,,18500.0,19300.0,,
362,Gautam Buddh Nagar,Uttar Pradesh,Female,ST,1999,1,Web Development Basics,IT/ITES,Faridabad Skill Centre 4,2024-10-23,2025-01-15,completed,77.8,CERT-362,wage_employment,IT/ITES Helper (low-relevance role),IT/ITES,"Chaudry, Chahal and Sami",2025-02-14,confirmed,,active,,16600.0,17100.0,18200.0,20000.0
363,Ghaziabad,Uttar Pradesh,Other,General,1996,1,Web Development Basics,IT/ITES,Faridabad Skill Centre 4,2024-10-23,2025-01-15,completed,80.2,CERT-363,self_employment,IT/ITES Associate,IT/ITES,,2025-02-17,unverified,,active,,13400.0,15300.0,16600.0,
364,Ghaziabad,Uttar Pradesh,Other,General,1997,1,Web Development Basics,IT/ITES,Faridabad Skill Centre 4,2024-10-23,2025-01-15,completed,69.8,CERT-364,wage_employment,IT/ITES Associate,IT/ITES,Balan Inc,2025-02-11,unverified,,active,,18800.0,19400.0,20400.0,
365,Faridabad,Haryana,Female,SC,2003,1,Web Development Basics,IT/ITES,Faridabad Skill Centre 4,2024-10-23,2025-01-15,completed,53.1,CERT-365,wage_employment,IT/ITES Helper (low-relevance role),IT/ITES,Balan Inc,2025-02-28,confirmed,,active,,15000.0,15600.0,16200.0,16800.0
366,Jaipur,Rajasthan,Male,General,1992,1,Web Development Basics,IT/ITES,Faridabad Skill Centre 4,2024-10-23,2025-01-15,completed,51.6,CERT-366,not_placed,,,,,unverified,Wage offered too low,,,,,,
367,Faridabad,Haryana,Other,SC,1998,1,Web Development Basics,IT/ITES,Faridabad Skill Centre 4,2024-10-23,2025-01-15,completed,70.9,CERT-367,self_employment,IT/ITES Associate,IT/ITES,,2025-03-10,unverified,,active,,17900.0,18400.0,18500.0,19400.0
368,Faridabad,Haryana,Other,General,2002,1,Web Development Basics,IT/ITES,Faridabad Skill Centre 4,2024-10-23,2025-01-15,completed,55.0,CERT-368,self_employment,IT/ITES Associate,IT/ITES,,2025-02-21,unverified,,active,,18300.0,18600.0,18800.0,
369,Gurugram,Haryana,Female,ST,1990,1,Web Development Basics,IT/ITES,Faridabad Skill Centre 4,2024-10-23,2025-01-15,dropped_out,48.7,,,,,,,,,,,,,,
370,Faridabad,Haryana,Male,SC,2006,1,Web Development Basics,IT/ITES,Faridabad Skill Centre 4,2024-10-23,2025-01-15,completed,54.0,CERT-370,self_employment,IT/ITES Helper (low-relevance role),IT/ITES,,2025-02-14,confirmed,,active,,14100.0,14700.0,14700.0,14700.0
371,Gurugram,Haryana,Other,OBC,1990,1,Web Development Basics,IT/ITES,Faridabad Skill Centre 4,2024-10-23,2025-01-15,completed,80.7,CERT-371,wage_employment,IT/ITES Associate,IT/ITES,"Choudhury, Bakshi and Maharaj",2025-01-25,confirmed,,active,,15000.0,16200.0,16600.0,17900.0
372,Faridabad,Haryana,Female,General,1994,1,Web Development Basics,IT/ITES,Faridabad Skill Centre 4,2024-10-23,2025-01-15,completed,59.8,CERT-372,self_employment,IT/ITES Helper (low-relevance role),IT/ITES,,2025-03-08,unverified,,active,,16800.0,17700.0,18400.0,18300.0
373,Gurugram,Haryana,Male,General,2003,1,Web Development Basics,IT/ITES,Faridabad Skill Centre 4,2024-10-23,2025-01-15,completed,60.6,CERT-373,wage_employment,IT/ITES Associate,IT/ITES,Kaul PLC,2025-03-25,confirmed,,active,,15900.0,16900.0,19100.0,21300.0
374,Gurugram,Haryana,Other,SC,1997,1,Web Development Basics,IT/ITES,Faridabad Skill Centre 4,2024-10-23,2025-01-15,completed,95.4,CERT-374,self_employment,IT/ITES Associate,IT/ITES,,2025-03-29,unverified,,active,,15300.0,15600.0,16800.0,
375,Gautam Buddh Nagar,Uttar Pradesh,Female,SC,1993,1,Web Development Basics,IT/ITES,Faridabad Skill Centre 4,2024-10-23,2025-01-15,completed,94.7,CERT-375,wage_employment,IT/ITES Helper (low-relevance role),IT/ITES,"Chaudry, Chahal and Sami",2025-02-05,unverified,,active,,16500.0,16400.0,17500.0,19300.0
376,Gurugram,Haryana,Male,ST,1997,1,Web Development Basics,IT/ITES,Faridabad Skill Centre 4,2024-10-23,2025-01-15,completed,60.0,CERT-376,self_employment,IT/ITES Associate,IT/ITES,,2025-01-24,unverified,,active,,16800.0,17800.0,18700.0,19500.0
377,Faridabad,Haryana,Male,OBC,2002,1,Web Development Basics,IT/ITES,Faridabad Skill Centre 4,2024-10-23,2025-01-15,completed,74.0,CERT-377,self_employment,IT/ITES Helper (low-relevance role),IT/ITES,,2025-03-05,unverified,,active,,14700.0,15500.0,15700.0,16000.0
378,Faridabad,Haryana,Female,OBC,1999,1,Web Development Basics,IT/ITES,Faridabad Skill Centre 4,2024-10-23,2025-01-15,completed,84.7,CERT-378,wage_employment,IT/ITES Associate,IT/ITES,"Bala, Issac and Saini",2025-02-02,unverified,,active,,18600.0,21000.0,22600.0,
379,Faridabad,Haryana,Female,General,1997,1,Web Development Basics,IT/ITES,Faridabad Skill Centre 4,2024-10-23,2025-01-15,completed,70.9,CERT-379,apprenticeship,IT/ITES Associate,IT/ITES,"Bala, Issac and Saini",2025-03-09,unverified,,active,,15200.0,14600.0,,
380,Gautam Buddh Nagar,Uttar Pradesh,Male,General,2005,1,Web Development Basics,IT/ITES,Faridabad Skill Centre 4,2024-10-23,2025-01-15,completed,54.6,CERT-380,wage_employment,IT/ITES Associate,IT/ITES,Balan Inc,2025-02-27,confirmed,,active,,13100.0,13600.0,13700.0,
381,Ghaziabad,Uttar Pradesh,Female,OBC,1993,1,Web Development Basics,IT/ITES,Faridabad Skill Centre 4,2024-10-23,2025-01-15,dropped_out,68.7,,,,,,,,,,,,,,
382,Gurugram,Haryana,Female,OBC,1993,1,Web Development Basics,IT/ITES,Faridabad Skill Centre 4,2024-10-23,2025-01-15,completed,79.6,CERT-382,wage_employment,IT/ITES Associate,IT/ITES,"Choudhury, Bakshi and Maharaj",2025-01-30,disputed,,active,,18700.0,18600.0,19300.0,
383,Jaipur,Rajasthan,Other,OBC,2001,1,Web Development Basics,IT/ITES,Faridabad Skill Centre 4,2024-10-23,2025-01-15,completed,80.1,CERT-383,wage_employment,IT/ITES Associate,IT/ITES,Kapoor and Sons,2025-02-27,confirmed,,active,,16700.0,17300.0,18200.0,
384,Jaipur,Rajasthan,Female,SC,1996,1,Web Development Basics,IT/ITES,Faridabad Skill Centre 4,2024-10-23,2025-01-15,completed,81.9,CERT-384,wage_employment,IT/ITES Associate,IT/ITES,"Bala, Issac and Saini",2025-03-26,unverified,,active,,14500.0,15100.0,15500.0,
385,Ghaziabad,Uttar Pradesh,Female,General,1998,1,Web Development Basics,IT/ITES,Faridabad Skill Centre 4,2024-10-23,2025-01-15,completed,96.3,CERT-385,wage_employment,IT/ITES Helper (low-relevance role),IT/ITES,"Choudhury, Bakshi and Maharaj",2025-02-11,unverified,,active,,17200.0,17700.0,18900.0,19400.0
386,Jaipur,Rajasthan,Male,OBC,2002,1,Web Development Basics,IT/ITES,Faridabad Skill Centre 4,2024-10-23,2025-01-15,completed,81.4,CERT-386,self_employment,IT/ITES Helper (low-relevance role),IT/ITES,,2025-02-07,confirmed,,active,,15500.0,16700.0,18000.0,18600.0
387,Gautam Buddh Nagar,Uttar Pradesh,Male,SC,1999,1,Web Development Basics,IT/ITES,Faridabad Skill Centre 4,2024-10-23,2025-01-15,completed,78.6,CERT-387,wage_employment,IT/ITES Associate,IT/ITES,"Choudhury, Bakshi and Maharaj",2025-02-10,confirmed,,active,,16100.0,16800.0,18300.0,18700.0
388,Jaipur,Rajasthan,Other,ST,1991,1,Web Development Basics,IT/ITES,Faridabad Skill Centre 4,2024-10-23,2025-01-15,completed,80.7,CERT-388,not_placed,,,,,unverified,Family responsibilities / not permitted to work,,,,,,
389,Ghaziabad,Uttar Pradesh,Female,SC,1995,1,Web Development Basics,IT/ITES,Faridabad Skill Centre 4,2024-10-23,2025-01-15,completed,72.2,CERT-389,not_placed,,,,,unverified,Job location too far / relocation not feasible,,,,,,
390,Faridabad,Haryana,Male,General,1995,1,Web Development Basics,IT/ITES,Faridabad Skill Centre 4,2024-10-23,2025-01-15,completed,81.0,CERT-390,not_placed,,,,,unverified,Felt underprepared / skill mismatch,,,,,,
391,Gautam Buddh Nagar,Uttar Pradesh,Male,ST,1999,1,Web Development Basics,IT/ITES,Faridabad Skill Centre 4,2024-10-23,2025-01-15,completed,56.3,CERT-391,wage_employment,IT/ITES Associate,IT/ITES,Kapoor and Sons,2025-02-28,unverified,,ended,Moved to a better opportunity,15000.0,,,
392,Gautam Buddh Nagar,Uttar Pradesh,Male,OBC,2003,1,Web Development Basics,IT/ITES,Faridabad Skill Centre 4,2024-10-23,2025-01-15,completed,72.3,CERT-392,wage_employment,IT/ITES Helper (low-relevance role),IT/ITES,Balan Inc,2025-01-20,confirmed,,active,,14800.0,15500.0,16000.0,16900.0
393,Gautam Buddh Nagar,Uttar Pradesh,Male,ST,1994,1,Web Development Basics,IT/ITES,Faridabad Skill Centre 4,2024-10-23,2025-01-15,completed,92.8,CERT-393,wage_employment,IT/ITES Associate,IT/ITES,Balan Inc,2025-02-23,confirmed,,active,,17600.0,19300.0,,
394,Gautam Buddh Nagar,Uttar Pradesh,Female,SC,1994,1,Web Development Basics,IT/ITES,Faridabad Skill Centre 4,2024-10-23,2025-01-15,completed,85.7,CERT-394,self_employment,IT/ITES Associate,IT/ITES,,2025-03-04,confirmed,,active,,14700.0,15300.0,,
395,Gurugram,Haryana,Other,ST,1997,1,Web Development Basics,IT/ITES,Faridabad Skill Centre 4,2024-10-23,2025-01-15,completed,82.4,CERT-395,not_placed,,,,,unverified,Pursuing further education,,,,,,
396,Jaipur,Rajasthan,Female,OBC,1995,1,Web Development Basics,IT/ITES,Faridabad Skill Centre 4,2024-10-23,2025-01-15,completed,52.0,CERT-396,apprenticeship,IT/ITES Associate,IT/ITES,Kapoor and Sons,2025-03-15,confirmed,,active,,14800.0,15200.0,16300.0,16700.0
397,Gautam Buddh Nagar,Uttar Pradesh,Female,SC,1990,1,Web Development Basics,IT/ITES,Faridabad Skill Centre 4,2024-10-23,2025-01-15,completed,70.0,CERT-397,not_placed,,,,,unverified,Wage offered too low,,,,,,
398,Ghaziabad,Uttar Pradesh,Male,SC,1998,1,Web Development Basics,IT/ITES,Faridabad Skill Centre 4,2024-10-23,2025-01-15,completed,50.9,CERT-398,self_employment,IT/ITES Associate,IT/ITES,,2025-02-05,confirmed,,active,,14300.0,15500.0,16900.0,18000.0
399,Gurugram,Haryana,Other,ST,1999,1,Web Development Basics,IT/ITES,Faridabad Skill Centre 4,2024-10-23,2025-01-15,completed,55.7,CERT-399,wage_employment,IT/ITES Associate,IT/ITES,Kapoor and Sons,2025-03-14,unverified,,active,,13700.0,13400.0,13900.0,15600.0
400,Faridabad,Haryana,Other,General,2005,1,Web Development Basics,IT/ITES,Faridabad Skill Centre 4,2024-10-23,2025-01-15,completed,84.8,CERT-400,self_employment,IT/ITES Associate,IT/ITES,,2025-03-12,unverified,,active,,13100.0,13200.0,13900.0,
401,Ghaziabad,Uttar Pradesh,Other,OBC,1991,1,Web Development Basics,IT/ITES,Faridabad Skill Centre 4,2024-10-23,2025-01-15,completed,78.9,CERT-401,not_placed,,,,,unverified,Wage offered too low,,,,,,
402,Ghaziabad,Uttar Pradesh,Female,OBC,1998,1,Web Development Basics,IT/ITES,Faridabad Skill Centre 4,2024-10-23,2025-01-15,completed,56.1,CERT-402,wage_employment,IT/ITES Helper (low-relevance role),IT/ITES,"Bala, Issac and Saini",2025-03-08,unverified,,active,,14800.0,16400.0,17000.0,18100.0
403,Jaipur,Rajasthan,Other,ST,1993,1,Web Development Basics,IT/ITES,Faridabad Skill Centre 4,2024-10-23,2025-01-15,completed,58.6,CERT-403,wage_employment,IT/ITES Associate,IT/ITES,Kapoor and Sons,2025-03-17,unverified,,active,,15600.0,16800.0,16600.0,
404,Gurugram,Haryana,Male,OBC,1990,1,Web Development Basics,IT/ITES,Faridabad Skill Centre 4,2024-10-23,2025-01-15,completed,88.3,CERT-404,wage_employment,IT/ITES Helper (low-relevance role),IT/ITES,Kapoor and Sons,2025-01-29,confirmed,,ended,Left due to low wage relative to workload,13800.0,,,
405,Gautam Buddh Nagar,Uttar Pradesh,Female,OBC,1991,1,Web Development Basics,IT/ITES,Faridabad Skill Centre 4,2024-10-23,2025-01-15,completed,59.2,CERT-405,not_placed,,,,,unverified,Family responsibilities / not permitted to work,,,,,,
406,Gautam Buddh Nagar,Uttar Pradesh,Other,SC,1993,1,Web Development Basics,IT/ITES,Faridabad Skill Centre 4,2024-10-23,2025-01-15,completed,49.5,CERT-406,self_employment,IT/ITES Associate,IT/ITES,,2025-03-17,confirmed,,ended,Left due to low wage relative to workload,13100.0,13500.0,,
407,Ghaziabad,Uttar Pradesh,Male,OBC,2003,1,Web Development Basics,IT/ITES,Faridabad Skill Centre 4,2024-10-23,2025-01-15,completed,60.2,CERT-407,not_placed,,,,,unverified,Pursuing further education,,,,,,
408,Gautam Buddh Nagar,Uttar Pradesh,Female,General,2005,1,Web Development Basics,IT/ITES,Faridabad Skill Centre 4,2024-10-23,2025-01-15,completed,95.7,CERT-408,wage_employment,IT/ITES Helper (low-relevance role),IT/ITES,"Chaudry, Chahal and Sami",2025-02-04,confirmed,,active,,16200.0,17700.0,18600.0,18900.0
409,Gautam Buddh Nagar,Uttar Pradesh,Female,OBC,1990,1,General Duty Assistant,Healthcare Support,Ghaziabad Skill Centre 2,2024-08-26,2024-11-18,completed,65.7,CERT-409,not_placed,,,,,unverified,Felt underprepared / skill mismatch,,,,,,
410,Faridabad,Haryana,Female,ST,1992,1,General Duty Assistant,Healthcare Support,Ghaziabad Skill Centre 2,2024-08-26,2024-11-18,completed,59.8,CERT-410,apprenticeship,Healthcare Support Helper (low-relevance role),Healthcare Support,Ahuja-Dutta,2025-01-11,confirmed,,active,,15700.0,16800.0,17100.0,17700.0
411,Ghaziabad,Uttar Pradesh,Female,SC,1992,1,General Duty Assistant,Healthcare Support,Ghaziabad Skill Centre 2,2024-08-26,2024-11-18,dropped_out,97.7,,,,,,,,,,,,,,
412,Gautam Buddh Nagar,Uttar Pradesh,Other,ST,2001,1,General Duty Assistant,Healthcare Support,Ghaziabad Skill Centre 2,2024-08-26,2024-11-18,completed,93.8,CERT-412,wage_employment,Healthcare Support Helper (low-relevance role),Healthcare Support,Ahuja-Dutta,2024-12-30,unverified,,active,,15100.0,15800.0,,
413,Gautam Buddh Nagar,Uttar Pradesh,Male,General,2003,1,General Duty Assistant,Healthcare Support,Ghaziabad Skill Centre 2,2024-08-26,2024-11-18,completed,80.1,CERT-413,self_employment,Healthcare Support Associate,Healthcare Support,,2024-12-13,confirmed,,ended,Left due to low wage relative to workload,13100.0,13800.0,13900.0,
414,Gautam Buddh Nagar,Uttar Pradesh,Other,OBC,1991,1,General Duty Assistant,Healthcare Support,Ghaziabad Skill Centre 2,2024-08-26,2024-11-18,completed,45.6,CERT-414,not_placed,,,,,unverified,Pursuing further education,,,,,,
415,Faridabad,Haryana,Other,SC,2007,1,General Duty Assistant,Healthcare Support,Ghaziabad Skill Centre 2,2024-08-26,2024-11-18,completed,71.6,CERT-415,not_placed,,,,,unverified,Job location too far / relocation not feasible,,,,,,
416,Ghaziabad,Uttar Pradesh,Female,ST,1998,1,General Duty Assistant,Healthcare Support,Ghaziabad Skill Centre 2,2024-08-26,2024-11-18,completed,51.6,CERT-416,wage_employment,Healthcare Support Associate,Healthcare Support,Ahuja-Dutta,2025-01-12,confirmed,,active,,12600.0,13500.0,14800.0,15900.0
417,Gautam Buddh Nagar,Uttar Pradesh,Other,General,1996,1,General Duty Assistant,Healthcare Support,Ghaziabad Skill Centre 2,2024-08-26,2024-11-18,completed,61.4,CERT-417,wage_employment,Healthcare Support Associate,Healthcare Support,Sen PLC,2024-12-23,confirmed,,active,,13400.0,14000.0,,
418,Gurugram,Haryana,Other,SC,2002,1,General Duty Assistant,Healthcare Support,Ghaziabad Skill Centre 2,2024-08-26,2024-11-18,completed,82.2,CERT-418,wage_employment,Healthcare Support Helper (low-relevance role),Healthcare Support,Parmer LLC,2025-01-26,confirmed,,active,,15000.0,15700.0,16200.0,
419,Ghaziabad,Uttar Pradesh,Other,OBC,1994,1,General Duty Assistant,Healthcare Support,Ghaziabad Skill Centre 2,2024-08-26,2024-11-18,completed,71.6,CERT-419,not_placed,,,,,unverified,Family responsibilities / not permitted to work,,,,,,
420,Jaipur,Rajasthan,Male,OBC,2000,1,General Duty Assistant,Healthcare Support,Ghaziabad Skill Centre 2,2024-08-26,2024-11-18,completed,64.1,CERT-420,not_placed,,,,,unverified,Job location too far / relocation not feasible,,,,,,
421,Faridabad,Haryana,Female,General,1997,1,General Duty Assistant,Healthcare Support,Ghaziabad Skill Centre 2,2024-08-26,2024-11-18,completed,75.0,CERT-421,not_placed,,,,,unverified,Wage offered too low,,,,,,
422,Gautam Buddh Nagar,Uttar Pradesh,Male,General,1994,1,General Duty Assistant,Healthcare Support,Ghaziabad Skill Centre 2,2024-08-26,2024-11-18,completed,69.1,CERT-422,wage_employment,Healthcare Support Helper (low-relevance role),Healthcare Support,Sen PLC,2024-12-28,confirmed,,active,,15900.0,16300.0,16500.0,17200.0
423,Faridabad,Haryana,Other,SC,2001,1,General Duty Assistant,Healthcare Support,Ghaziabad Skill Centre 2,2024-08-26,2024-11-18,completed,81.2,CERT-423,wage_employment,Healthcare Support Helper (low-relevance role),Healthcare Support,Parmer LLC,2024-11-28,unverified,,active,,11500.0,11600.0,11900.0,12100.0
424,Ghaziabad,Uttar Pradesh,Male,ST,1993,1,General Duty Assistant,Healthcare Support,Ghaziabad Skill Centre 2,2024-08-26,2024-11-18,completed,62.4,CERT-424,apprenticeship,Healthcare Support Helper (low-relevance role),Healthcare Support,Kale LLC,2024-12-20,confirmed,,ended,Moved to a better opportunity,11700.0,11800.0,,
425,Faridabad,Haryana,Female,OBC,1996,1,General Duty Assistant,Healthcare Support,Ghaziabad Skill Centre 2,2024-08-26,2024-11-18,completed,95.5,CERT-425,not_placed,,,,,unverified,Wage offered too low,,,,,,
426,Ghaziabad,Uttar Pradesh,Female,General,1992,1,General Duty Assistant,Healthcare Support,Ghaziabad Skill Centre 2,2024-08-26,2024-11-18,completed,49.3,CERT-426,not_placed,,,,,unverified,Job location too far / relocation not feasible,,,,,,
427,Faridabad,Haryana,Female,SC,2006,1,General Duty Assistant,Healthcare Support,Ghaziabad Skill Centre 2,2024-08-26,2024-11-18,completed,47.8,CERT-427,not_placed,,,,,unverified,Job location too far / relocation not feasible,,,,,,
428,Gurugram,Haryana,Female,SC,1995,1,General Duty Assistant,Healthcare Support,Ghaziabad Skill Centre 2,2024-08-26,2024-11-18,completed,70.5,CERT-428,self_employment,Healthcare Support Helper (low-relevance role),Healthcare Support,,2025-01-17,confirmed,,active,,14300.0,15400.0,16000.0,16200.0
429,Gautam Buddh Nagar,Uttar Pradesh,Male,General,2003,1,General Duty Assistant,Healthcare Support,Ghaziabad Skill Centre 2,2024-08-26,2024-11-18,completed,95.0,CERT-429,not_placed,,,,,unverified,Family responsibilities / not permitted to work,,,,,,
430,Jaipur,Rajasthan,Female,OBC,1993,1,General Duty Assistant,Healthcare Support,Ghaziabad Skill Centre 2,2024-08-26,2024-11-18,completed,54.9,CERT-430,not_placed,,,,,unverified,Felt underprepared / skill mismatch,,,,,,
431,Jaipur,Rajasthan,Female,SC,2002,1,General Duty Assistant,Healthcare Support,Ghaziabad Skill Centre 2,2024-08-26,2024-11-18,completed,55.1,CERT-431,not_placed,,,,,unverified,No suitable openings in area,,,,,,
432,Gurugram,Haryana,Female,SC,2001,1,General Duty Assistant,Healthcare Support,Ghaziabad Skill Centre 2,2024-08-26,2024-11-18,completed,71.6,CERT-432,not_placed,,,,,unverified,Pursuing further education,,,,,,
433,Faridabad,Haryana,Male,SC,2003,1,General Duty Assistant,Healthcare Support,Ghaziabad Skill Centre 2,2024-08-26,2024-11-18,completed,73.8,CERT-433,self_employment,Healthcare Support Associate,Healthcare Support,,2024-12-07,confirmed,,active,,12400.0,12900.0,13700.0,14300.0
434,Faridabad,Haryana,Male,General,1993,1,General Duty Assistant,Healthcare Support,Ghaziabad Skill Centre 2,2024-08-26,2024-11-18,completed,71.7,CERT-434,not_placed,,,,,unverified,Pursuing further education,,,,,,
435,Faridabad,Haryana,Female,ST,1996,1,General Duty Assistant,Healthcare Support,Ghaziabad Skill Centre 2,2024-08-26,2024-11-18,completed,51.1,CERT-435,not_placed,,,,,unverified,No suitable openings in area,,,,,,
436,Gurugram,Haryana,Male,ST,2004,1,General Duty Assistant,Healthcare Support,Ghaziabad Skill Centre 2,2024-08-26,2024-11-18,dropped_out,64.9,,,,,,,,,,,,,,
437,Ghaziabad,Uttar Pradesh,Male,SC,2006,1,General Duty Assistant,Healthcare Support,Ghaziabad Skill Centre 2,2024-08-26,2024-11-18,completed,59.0,CERT-437,not_placed,,,,,unverified,Felt underprepared / skill mismatch,,,,,,
438,Faridabad,Haryana,Female,ST,1997,1,General Duty Assistant,Healthcare Support,Ghaziabad Skill Centre 2,2024-08-26,2024-11-18,dropped_out,46.4,,,,,,,,,,,,,,
439,Gurugram,Haryana,Other,SC,2006,1,General Duty Assistant,Healthcare Support,Ghaziabad Skill Centre 2,2024-08-26,2024-11-18,completed,95.8,CERT-439,not_placed,,,,,unverified,Wage offered too low,,,,,,
440,Faridabad,Haryana,Other,ST,1996,1,General Duty Assistant,Healthcare Support,Ghaziabad Skill Centre 2,2024-08-26,2024-11-18,completed,87.5,CERT-440,wage_employment,Healthcare Support Associate,Healthcare Support,Parmer LLC,2025-01-11,unverified,,active,,14600.0,15300.0,,
441,Gurugram,Haryana,Female,SC,2007,1,General Duty Assistant,Healthcare Support,Ghaziabad Skill Centre 2,2024-08-26,2024-11-18,completed,49.9,CERT-441,wage_employment,Healthcare Support Associate,Healthcare Support,Chanda Group,2024-12-12,unverified,,active,,14200.0,15100.0,16300.0,16500.0
442,Gautam Buddh Nagar,Uttar Pradesh,Other,General,1994,1,General Duty Assistant,Healthcare Support,Ghaziabad Skill Centre 2,2024-08-26,2024-11-18,completed,75.7,CERT-442,wage_employment,Healthcare Support Associate,Healthcare Support,Chanda Group,2024-12-08,unverified,,active,,15600.0,16600.0,17200.0,17800.0
443,Ghaziabad,Uttar Pradesh,Male,General,1995,1,General Duty Assistant,Healthcare Support,Ghaziabad Skill Centre 2,2024-08-26,2024-11-18,completed,80.0,CERT-443,self_employment,Healthcare Support Associate,Healthcare Support,,2024-12-08,confirmed,,active,,11100.0,11600.0,,
444,Ghaziabad,Uttar Pradesh,Male,OBC,1990,1,General Duty Assistant,Healthcare Support,Ghaziabad Skill Centre 2,2024-08-26,2024-11-18,completed,83.6,CERT-444,not_placed,,,,,unverified,Wage offered too low,,,,,,
445,Faridabad,Haryana,Female,SC,1996,1,General Duty Assistant,Healthcare Support,Ghaziabad Skill Centre 2,2024-08-26,2024-11-18,completed,79.6,CERT-445,self_employment,Healthcare Support Helper (low-relevance role),Healthcare Support,,2025-01-17,confirmed,,active,,15400.0,16000.0,17000.0,16500.0
446,Gurugram,Haryana,Other,ST,1993,1,General Duty Assistant,Healthcare Support,Ghaziabad Skill Centre 2,2024-08-26,2024-11-18,completed,75.1,CERT-446,wage_employment,Healthcare Support Associate,Healthcare Support,Sen PLC,2025-01-19,unverified,,active,,15400.0,16200.0,17100.0,
447,Gurugram,Haryana,Female,SC,2001,1,General Duty Assistant,Healthcare Support,Ghaziabad Skill Centre 2,2024-08-26,2024-11-18,completed,61.9,CERT-447,wage_employment,Healthcare Support Associate,Healthcare Support,Kale LLC,2025-01-03,unverified,,active,,12100.0,12500.0,12200.0,12900.0
448,Faridabad,Haryana,Female,SC,2005,1,General Duty Assistant,Healthcare Support,Ghaziabad Skill Centre 2,2024-08-26,2024-11-18,completed,51.6,CERT-448,wage_employment,Healthcare Support Helper (low-relevance role),Healthcare Support,Kale LLC,2024-12-23,unverified,,ended,Left due to low wage relative to workload,15300.0,15800.0,17400.0,
449,Faridabad,Haryana,Male,SC,1999,1,General Duty Assistant,Healthcare Support,Ghaziabad Skill Centre 2,2024-08-26,2024-11-18,completed,66.2,CERT-449,wage_employment,Healthcare Support Helper (low-relevance role),Healthcare Support,Chanda Group,2024-11-29,confirmed,,active,,11500.0,12300.0,12700.0,12900.0
450,Jaipur,Rajasthan,Other,General,1990,1,General Duty Assistant,Healthcare Support,Ghaziabad Skill Centre 2,2024-08-26,2024-11-18,completed,86.6,CERT-450,apprenticeship,Healthcare Support Helper (low-relevance role),Healthcare Support,Sen PLC,2024-12-26,unverified,,active,,13900.0,15000.0,15200.0,
451,Ghaziabad,Uttar Pradesh,Other,ST,2005,1,General Duty Assistant,Healthcare Support,Ghaziabad Skill Centre 2,2024-08-26,2024-11-18,completed,62.1,CERT-451,not_placed,,,,,unverified,Wage offered too low,,,,,,
452,Gurugram,Haryana,Other,General,1999,1,General Duty Assistant,Healthcare Support,Ghaziabad Skill Centre 2,2024-08-26,2024-11-18,completed,89.3,CERT-452,wage_employment,Healthcare Support Helper (low-relevance role),Healthcare Support,Ahuja-Dutta,2024-12-02,confirmed,,active,,14400.0,14600.0,15200.0,15300.0
453,Ghaziabad,Uttar Pradesh,Male,ST,1997,1,General Duty Assistant,Healthcare Support,Ghaziabad Skill Centre 2,2024-08-26,2024-11-18,completed,91.0,CERT-453,self_employment,Healthcare Support Helper (low-relevance role),Healthcare Support,,2024-12-17,confirmed,,ended,Commute / relocation issues,15800.0,,,
454,Gautam Buddh Nagar,Uttar Pradesh,Female,SC,2004,1,General Duty Assistant,Healthcare Support,Ghaziabad Skill Centre 2,2024-08-26,2024-11-18,dropped_out,80.1,,,,,,,,,,,,,,
455,Faridabad,Haryana,Male,General,2001,1,General Duty Assistant,Healthcare Support,Ghaziabad Skill Centre 2,2024-08-26,2024-11-18,completed,49.5,CERT-455,wage_employment,Healthcare Support Associate,Healthcare Support,Chanda Group,2025-01-17,confirmed,,active,,15600.0,16300.0,16800.0,17500.0
456,Gautam Buddh Nagar,Uttar Pradesh,Female,General,1998,1,General Duty Assistant,Healthcare Support,Ghaziabad Skill Centre 2,2024-08-26,2024-11-18,completed,59.6,CERT-456,not_placed,,,,,unverified,Pursuing further education,,,,,,
457,Faridabad,Haryana,Male,General,2002,1,General Duty Assistant,Healthcare Support,Ghaziabad Skill Centre 2,2024-08-26,2024-11-18,completed,88.7,CERT-457,not_placed,,,,,unverified,Job location too far / relocation not feasible,,,,,,
458,Ghaziabad,Uttar Pradesh,Male,SC,1996,1,General Duty Assistant,Healthcare Support,Ghaziabad Skill Centre 2,2024-08-26,2024-11-18,completed,60.3,CERT-458,wage_employment,Healthcare Support Associate,Healthcare Support,Parmer LLC,2025-01-23,unverified,,active,,11900.0,11700.0,12300.0,13100.0
459,Faridabad,Haryana,Male,OBC,1990,1,General Duty Assistant,Healthcare Support,Ghaziabad Skill Centre 2,2024-08-26,2024-11-18,completed,47.4,CERT-459,self_employment,Healthcare Support Associate,Healthcare Support,,2024-12-30,confirmed,,active,,14700.0,15000.0,15700.0,16500.0
460,Jaipur,Rajasthan,Female,SC,2005,1,General Duty Assistant,Healthcare Support,Ghaziabad Skill Centre 2,2024-08-26,2024-11-18,completed,83.6,CERT-460,apprenticeship,Healthcare Support Associate,Healthcare Support,Ahuja-Dutta,2024-12-11,unverified,,active,,12000.0,12600.0,13500.0,13800.0
461,Gurugram,Haryana,Other,ST,2002,1,General Duty Assistant,Healthcare Support,Ghaziabad Skill Centre 2,2024-08-26,2024-11-18,completed,59.6,CERT-461,wage_employment,Healthcare Support Associate,Healthcare Support,Parmer LLC,2025-01-05,unverified,,active,,11000.0,11400.0,11800.0,
462,Gurugram,Haryana,Male,General,1990,1,General Duty Assistant,Healthcare Support,Ghaziabad Skill Centre 2,2024-08-26,2024-11-18,completed,88.7,CERT-462,wage_employment,Healthcare Support Associate,Healthcare Support,Sen PLC,2025-01-17,confirmed,,active,,15400.0,16700.0,17300.0,18000.0
463,Ghaziabad,Uttar Pradesh,Male,ST,2002,1,General Duty Assistant,Healthcare Support,Ghaziabad Skill Centre 2,2024-08-26,2024-11-18,completed,50.2,CERT-463,wage_employment,Healthcare Support Associate,Healthcare Support,"Sami, Oak and Mall",2024-12-15,unverified,,active,,12300.0,12800.0,13700.0,13700.0
464,Gurugram,Haryana,Male,ST,2004,1,General Duty Assistant,Healthcare Support,Ghaziabad Skill Centre 2,2024-08-26,2024-11-18,completed,96.0,CERT-464,apprenticeship,Healthcare Support Associate,Healthcare Support,Sen PLC,2025-01-15,confirmed,,active,,12900.0,13600.0,14100.0,
465,Jaipur,Rajasthan,Female,General,2004,1,General Duty Assistant,Healthcare Support,Ghaziabad Skill Centre 2,2024-08-26,2024-11-18,dropped_out,89.0,,,,,,,,,,,,,,
466,Gautam Buddh Nagar,Uttar Pradesh,Other,General,2000,1,General Duty Assistant,Healthcare Support,Ghaziabad Skill Centre 2,2024-08-26,2024-11-18,completed,75.0,CERT-466,not_placed,,,,,unverified,Felt underprepared / skill mismatch,,,,,,
467,Gautam Buddh Nagar,Uttar Pradesh,Other,General,2006,1,General Duty Assistant,Healthcare Support,Ghaziabad Skill Centre 2,2024-08-26,2024-11-18,completed,72.4,CERT-467,apprenticeship,Healthcare Support Associate,Healthcare Support,Ahuja-Dutta,2024-12-21,confirmed,,active,,11000.0,11300.0,12100.0,
468,Faridabad,Haryana,Female,OBC,2005,1,General Duty Assistant,Healthcare Support,Ghaziabad Skill Centre 2,2024-08-26,2024-11-18,completed,74.0,CERT-468,not_placed,,,,,unverified,Pursuing further education,,,,,,
469,Jaipur,Rajasthan,Male,OBC,1993,1,General Duty Assistant,Healthcare Support,Ghaziabad Skill Centre 2,2024-08-26,2024-11-18,completed,54.8,CERT-469,not_placed,,,,,unverified,Pursuing further education,,,,,,
470,Ghaziabad,Uttar Pradesh,Other,OBC,2006,1,General Duty Assistant,Healthcare Support,Ghaziabad Skill Centre 2,2024-08-26,2024-11-18,completed,60.4,CERT-470,not_placed,,,,,unverified,No suitable openings in area,,,,,,
471,Faridabad,Haryana,Other,SC,2001,1,General Duty Assistant,Healthcare Support,Ghaziabad Skill Centre 2,2024-08-26,2024-11-18,completed,82.0,CERT-471,wage_employment,Healthcare Support Helper (low-relevance role),Healthcare Support,Kale LLC,2024-12-11,confirmed,,active,,11100.0,11900.0,12100.0,12900.0
472,Jaipur,Rajasthan,Male,ST,1996,1,General Duty Assistant,Healthcare Support,Ghaziabad Skill Centre 2,2024-08-26,2024-11-18,completed,54.2,CERT-472,self_employment,Healthcare Support Associate,Healthcare Support,,2025-01-05,confirmed,,active,,13000.0,13300.0,14200.0,14400.0
473,Jaipur,Rajasthan,Female,General,2002,1,General Duty Assistant,Healthcare Support,Ghaziabad Skill Centre 2,2024-08-26,2024-11-18,dropped_out,83.8,,,,,,,,,,,,,,
474,Ghaziabad,Uttar Pradesh,Other,General,1993,1,General Duty Assistant,Healthcare Support,Ghaziabad Skill Centre 2,2024-08-26,2024-11-18,completed,81.0,CERT-474,wage_employment,Healthcare Support Associate,Healthcare Support,Parmer LLC,2024-12-23,confirmed,,active,,12300.0,12700.0,13800.0,
475,Ghaziabad,Uttar Pradesh,Female,OBC,2007,1,General Duty Assistant,Healthcare Support,Ghaziabad Skill Centre 2,2024-08-26,2024-11-18,completed,68.2,CERT-475,wage_employment,Healthcare Support Associate,Healthcare Support,Ahuja-Dutta,2025-01-17,confirmed,,active,,11500.0,,,
476,Faridabad,Haryana,Female,SC,2007,1,General Duty Assistant,Healthcare Support,Ghaziabad Skill Centre 2,2024-08-26,2024-11-18,completed,83.7,CERT-476,not_placed,,,,,unverified,Family responsibilities / not permitted to work,,,,,,
477,Faridabad,Haryana,Female,ST,1996,1,General Duty Assistant,Healthcare Support,Ghaziabad Skill Centre 2,2025-01-24,2025-04-18,completed,63.9,CERT-477,not_placed,,,,,unverified,Felt underprepared / skill mismatch,,,,,,
478,Gautam Buddh Nagar,Uttar Pradesh,Male,ST,2004,1,General Duty Assistant,Healthcare Support,Ghaziabad Skill Centre 2,2025-01-24,2025-04-18,completed,75.2,CERT-478,wage_employment,Healthcare Support Helper (low-relevance role),Healthcare Support,Sen PLC,2025-05-08,confirmed,,active,,12700.0,13400.0,13700.0,
479,Jaipur,Rajasthan,Other,SC,1997,1,General Duty Assistant,Healthcare Support,Ghaziabad Skill Centre 2,2025-01-24,2025-04-18,completed,48.0,CERT-479,not_placed,,,,,unverified,Wage offered too low,,,,,,
480,Faridabad,Haryana,Other,General,1998,1,General Duty Assistant,Healthcare Support,Ghaziabad Skill Centre 2,2025-01-24,2025-04-18,dropped_out,67.3,,,,,,,,,,,,,,
481,Ghaziabad,Uttar Pradesh,Female,OBC,2000,1,General Duty Assistant,Healthcare Support,Ghaziabad Skill Centre 2,2025-01-24,2025-04-18,completed,88.3,CERT-481,self_employment,Healthcare Support Associate,Healthcare Support,,2025-04-30,unverified,,active,,15700.0,16600.0,17300.0,18200.0
482,Gurugram,Haryana,Female,General,1997,1,General Duty Assistant,Healthcare Support,Ghaziabad Skill Centre 2,2025-01-24,2025-04-18,dropped_out,86.4,,,,,,,,,,,,,,
483,Ghaziabad,Uttar Pradesh,Other,ST,2007,1,General Duty Assistant,Healthcare Support,Ghaziabad Skill Centre 2,2025-01-24,2025-04-18,completed,84.1,CERT-483,wage_employment,Healthcare Support Helper (low-relevance role),Healthcare Support,Kale LLC,2025-05-09,confirmed,,active,,15900.0,16800.0,17600.0,
484,Jaipur,Rajasthan,Female,OBC,1991,1,General Duty Assistant,Healthcare Support,Ghaziabad Skill Centre 2,2025-01-24,2025-04-18,completed,49.1,CERT-484,wage_employment,Healthcare Support Associate,Healthcare Support,Sen PLC,2025-06-02,confirmed,,active,,11600.0,11700.0,12400.0,
485,Gurugram,Haryana,Male,OBC,2007,1,General Duty Assistant,Healthcare Support,Ghaziabad Skill Centre 2,2025-01-24,2025-04-18,completed,59.2,CERT-485,not_placed,,,,,unverified,Family responsibilities / not permitted to work,,,,,,
486,Gautam Buddh Nagar,Uttar Pradesh,Male,ST,2001,1,General Duty Assistant,Healthcare Support,Ghaziabad Skill Centre 2,2025-01-24,2025-04-18,completed,55.8,CERT-486,apprenticeship,Healthcare Support Associate,Healthcare Support,Ahuja-Dutta,2025-06-01,confirmed,,active,,14200.0,14600.0,15400.0,
487,Jaipur,Rajasthan,Male,General,2002,1,General Duty Assistant,Healthcare Support,Ghaziabad Skill Centre 2,2025-01-24,2025-04-18,completed,65.4,CERT-487,wage_employment,Healthcare Support Helper (low-relevance role),Healthcare Support,Ahuja-Dutta,2025-06-17,unverified,,active,,12700.0,14000.0,14200.0,
488,Jaipur,Rajasthan,Male,General,2003,1,General Duty Assistant,Healthcare Support,Ghaziabad Skill Centre 2,2025-01-24,2025-04-18,completed,74.3,CERT-488,not_placed,,,,,unverified,No suitable openings in area,,,,,,
489,Gurugram,Haryana,Male,ST,2007,1,General Duty Assistant,Healthcare Support,Ghaziabad Skill Centre 2,2025-01-24,2025-04-18,completed,75.1,CERT-489,wage_employment,Healthcare Support Associate,Healthcare Support,Kale LLC,2025-06-21,confirmed,,active,,11400.0,11100.0,11300.0,12200.0
490,Jaipur,Rajasthan,Male,OBC,2000,1,General Duty Assistant,Healthcare Support,Ghaziabad Skill Centre 2,2025-01-24,2025-04-18,completed,45.9,CERT-490,wage_employment,Healthcare Support Helper (low-relevance role),Healthcare Support,"Sami, Oak and Mall",2025-06-23,confirmed,,ended,Left due to low wage relative to workload,14100.0,,,
491,Faridabad,Haryana,Female,OBC,1994,1,General Duty Assistant,Healthcare Support,Ghaziabad Skill Centre 2,2025-01-24,2025-04-18,completed,77.8,CERT-491,wage_employment,Healthcare Support Helper (low-relevance role),Healthcare Support,Sen PLC,2025-05-16,unverified,,active,,14600.0,15200.0,16500.0,
492,Gurugram,Haryana,Female,ST,1993,1,General Duty Assistant,Healthcare Support,Ghaziabad Skill Centre 2,2025-01-24,2025-04-18,completed,49.1,CERT-492,wage_employment,Healthcare Support Associate,Healthcare Support,Parmer LLC,2025-06-15,confirmed,,ended,Job did not match trained skillset,12700.0,13500.0,14300.0,
493,Gurugram,Haryana,Other,SC,2006,1,General Duty Assistant,Healthcare Support,Ghaziabad Skill Centre 2,2025-01-24,2025-04-18,completed,65.1,CERT-493,self_employment,Healthcare Support Associate,Healthcare Support,,2025-05-12,confirmed,,active,,16000.0,16500.0,17200.0,18200.0
494,Gurugram,Haryana,Male,OBC,1997,1,General Duty Assistant,Healthcare Support,Ghaziabad Skill Centre 2,2025-01-24,2025-04-18,completed,84.7,CERT-494,wage_employment,Healthcare Support Associate,Healthcare Support,Parmer LLC,2025-06-14,confirmed,,active,,13200.0,14000.0,14600.0,
495,Gurugram,Haryana,Male,SC,1999,1,General Duty Assistant,Healthcare Support,Ghaziabad Skill Centre 2,2025-01-24,2025-04-18,completed,66.7,CERT-495,wage_employment,Healthcare Support Associate,Healthcare Support,Kale LLC,2025-05-18,confirmed,,active,,11600.0,11800.0,,
496,Jaipur,Rajasthan,Male,SC,2002,1,General Duty Assistant,Healthcare Support,Ghaziabad Skill Centre 2,2025-01-24,2025-04-18,completed,81.9,CERT-496,wage_employment,Healthcare Support Helper (low-relevance role),Healthcare Support,"Sami, Oak and Mall",2025-06-05,disputed,,active,,12800.0,13000.0,13300.0,13800.0
497,Gautam Buddh Nagar,Uttar Pradesh,Female,SC,1994,1,General Duty Assistant,Healthcare Support,Ghaziabad Skill Centre 2,2025-01-24,2025-04-18,completed,69.0,CERT-497,wage_employment,Healthcare Support Associate,Healthcare Support,Parmer LLC,2025-05-28,confirmed,,active,,13600.0,14200.0,15000.0,15700.0
498,Gurugram,Haryana,Female,SC,2000,1,General Duty Assistant,Healthcare Support,Ghaziabad Skill Centre 2,2025-01-24,2025-04-18,completed,51.3,CERT-498,wage_employment,Healthcare Support Associate,Healthcare Support,Ahuja-Dutta,2025-05-29,unverified,,ended,Moved to a better opportunity,11500.0,12000.0,,
499,Ghaziabad,Uttar Pradesh,Male,General,1990,1,General Duty Assistant,Healthcare Support,Ghaziabad Skill Centre 2,2025-01-24,2025-04-18,completed,59.9,CERT-499,not_placed,,,,,unverified,Job location too far / relocation not feasible,,,,,,
500,Faridabad,Haryana,Female,ST,2006,1,General Duty Assistant,Healthcare Support,Ghaziabad Skill Centre 2,2025-01-24,2025-04-18,completed,50.8,CERT-500,not_placed,,,,,unverified,Felt underprepared / skill mismatch,,,,,,
501,Faridabad,Haryana,Male,SC,2003,1,General Duty Assistant,Healthcare Support,Ghaziabad Skill Centre 2,2025-01-24,2025-04-18,completed,52.3,CERT-501,self_employment,Healthcare Support Associate,Healthcare Support,,2025-06-07,confirmed,,active,,12400.0,12400.0,13400.0,13900.0
502,Gautam Buddh Nagar,Uttar Pradesh,Female,OBC,1990,1,General Duty Assistant,Healthcare Support,Ghaziabad Skill Centre 2,2025-01-24,2025-04-18,completed,91.2,CERT-502,wage_employment,Healthcare Support Helper (low-relevance role),Healthcare Support,Kale LLC,2025-05-12,confirmed,,active,,11400.0,11900.0,12000.0,12100.0
503,Ghaziabad,Uttar Pradesh,Male,OBC,2001,1,General Duty Assistant,Healthcare Support,Ghaziabad Skill Centre 2,2025-01-24,2025-04-18,completed,89.6,CERT-503,not_placed,,,,,unverified,Pursuing further education,,,,,,
504,Faridabad,Haryana,Other,SC,2002,1,General Duty Assistant,Healthcare Support,Ghaziabad Skill Centre 2,2025-01-24,2025-04-18,completed,60.7,CERT-504,apprenticeship,Healthcare Support Associate,Healthcare Support,"Sami, Oak and Mall",2025-06-15,unverified,,active,,14300.0,15000.0,16200.0,
505,Gurugram,Haryana,Female,ST,2006,1,General Duty Assistant,Healthcare Support,Ghaziabad Skill Centre 2,2025-01-24,2025-04-18,dropped_out,85.9,,,,,,,,,,,,,,
506,Gurugram,Haryana,Male,ST,2000,1,General Duty Assistant,Healthcare Support,Ghaziabad Skill Centre 2,2025-01-24,2025-04-18,completed,67.5,CERT-506,wage_employment,Healthcare Support Helper (low-relevance role),Healthcare Support,Kale LLC,2025-05-21,confirmed,,ended,Commute / relocation issues,12100.0,12600.0,12900.0,
507,Gurugram,Haryana,Other,General,2001,1,General Duty Assistant,Healthcare Support,Ghaziabad Skill Centre 2,2025-01-24,2025-04-18,completed,72.5,CERT-507,wage_employment,Healthcare Support Helper (low-relevance role),Healthcare Support,Ahuja-Dutta,2025-06-30,confirmed,,active,,12100.0,12900.0,13000.0,
508,Gurugram,Haryana,Female,OBC,1990,1,General Duty Assistant,Healthcare Support,Ghaziabad Skill Centre 2,2025-01-24,2025-04-18,dropped_out,84.7,,,,,,,,,,,,,,
509,Faridabad,Haryana,Female,SC,2002,1,General Duty Assistant,Healthcare Support,Ghaziabad Skill Centre 2,2025-01-24,2025-04-18,completed,49.1,CERT-509,self_employment,Healthcare Support Associate,Healthcare Support,,2025-06-15,confirmed,,active,,15000.0,15600.0,16800.0,
510,Jaipur,Rajasthan,Male,SC,2005,1,General Duty Assistant,Healthcare Support,Ghaziabad Skill Centre 2,2025-01-24,2025-04-18,completed,56.8,CERT-510,wage_employment,Healthcare Support Helper (low-relevance role),Healthcare Support,"Sami, Oak and Mall",2025-06-30,disputed,,active,,14600.0,15200.0,15600.0,
511,Gautam Buddh Nagar,Uttar Pradesh,Other,OBC,1993,1,General Duty Assistant,Healthcare Support,Ghaziabad Skill Centre 2,2025-01-24,2025-04-18,completed,94.9,CERT-511,wage_employment,Healthcare Support Associate,Healthcare Support,Kale LLC,2025-06-22,unverified,,ended,Family circumstances changed,12300.0,13100.0,,
512,Faridabad,Haryana,Male,SC,2007,1,General Duty Assistant,Healthcare Support,Ghaziabad Skill Centre 2,2025-01-24,2025-04-18,completed,57.5,CERT-512,wage_employment,Healthcare Support Associate,Healthcare Support,Chanda Group,2025-05-03,unverified,,active,,11100.0,11900.0,13200.0,14200.0
513,Gautam Buddh Nagar,Uttar Pradesh,Male,SC,2003,1,General Duty Assistant,Healthcare Support,Ghaziabad Skill Centre 2,2025-01-24,2025-04-18,completed,77.6,CERT-513,self_employment,Healthcare Support Helper (low-relevance role),Healthcare Support,,2025-05-11,confirmed,,active,,12300.0,13300.0,13600.0,
514,Faridabad,Haryana,Female,ST,1995,1,General Duty Assistant,Healthcare Support,Ghaziabad Skill Centre 2,2025-01-24,2025-04-18,dropped_out,96.8,,,,,,,,,,,,,,
515,Gurugram,Haryana,Female,General,1996,1,General Duty Assistant,Healthcare Support,Ghaziabad Skill Centre 2,2025-01-24,2025-04-18,completed,62.5,CERT-515,wage_employment,Healthcare Support Helper (low-relevance role),Healthcare Support,Ahuja-Dutta,2025-05-01,confirmed,,active,,15100.0,16200.0,16900.0,
516,Ghaziabad,Uttar Pradesh,Other,OBC,1993,1,General Duty Assistant,Healthcare Support,Ghaziabad Skill Centre 2,2025-01-24,2025-04-18,completed,58.9,CERT-516,self_employment,Healthcare Support Associate,Healthcare Support,,2025-06-11,confirmed,,ended,Left due to low wage relative to workload,11000.0,12000.0,,
517,Ghaziabad,Uttar Pradesh,Male,ST,2006,1,General Duty Assistant,Healthcare Support,Ghaziabad Skill Centre 2,2025-01-24,2025-04-18,completed,62.3,CERT-517,wage_employment,Healthcare Support Helper (low-relevance role),Healthcare Support,Chanda Group,2025-06-12,confirmed,,ended,Job did not match trained skillset,15200.0,,,
518,Gurugram,Haryana,Male,ST,1994,1,General Duty Assistant,Healthcare Support,Ghaziabad Skill Centre 2,2025-01-24,2025-04-18,completed,86.8,CERT-518,not_placed,,,,,unverified,Family responsibilities / not permitted to work,,,,,,
519,Faridabad,Haryana,Female,General,2001,1,General Duty Assistant,Healthcare Support,Ghaziabad Skill Centre 2,2025-01-24,2025-04-18,completed,90.3,CERT-519,not_placed,,,,,unverified,Job location too far / relocation not feasible,,,,,,
520,Faridabad,Haryana,Other,OBC,1996,1,General Duty Assistant,Healthcare Support,Ghaziabad Skill Centre 2,2025-01-24,2025-04-18,completed,54.5,CERT-520,not_placed,,,,,unverified,Wage offered too low,,,,,,
521,Faridabad,Haryana,Other,OBC,2001,1,General Duty Assistant,Healthcare Support,Ghaziabad Skill Centre 2,2025-01-24,2025-04-18,dropped_out,61.5,,,,,,,,,,,,,,
522,Gautam Buddh Nagar,Uttar Pradesh,Male,General,2001,1,General Duty Assistant,Healthcare Support,Ghaziabad Skill Centre 2,2025-01-24,2025-04-18,completed,46.8,CERT-522,wage_employment,Healthcare Support Associate,Healthcare Support,Sen PLC,2025-05-25,unverified,,ended,Left due to low wage relative to workload,13500.0,14300.0,,
523,Ghaziabad,Uttar Pradesh,Female,General,1995,1,General Duty Assistant,Healthcare Support,Ghaziabad Skill Centre 2,2025-01-24,2025-04-18,completed,89.8,CERT-523,wage_employment,Healthcare Support Associate,Healthcare Support,Sen PLC,2025-06-02,disputed,,active,,11800.0,12700.0,13300.0,
524,Jaipur,Rajasthan,Other,SC,1994,1,General Duty Assistant,Healthcare Support,Ghaziabad Skill Centre 2,2025-01-24,2025-04-18,completed,68.5,CERT-524,wage_employment,Healthcare Support Associate,Healthcare Support,Chanda Group,2025-06-14,confirmed,,active,,11600.0,12800.0,13800.0,14700.0
525,Gurugram,Haryana,Female,OBC,2004,1,General Duty Assistant,Healthcare Support,Ghaziabad Skill Centre 2,2025-01-24,2025-04-18,completed,81.1,CERT-525,not_placed,,,,,unverified,Felt underprepared / skill mismatch,,,,,,
526,Ghaziabad,Uttar Pradesh,Female,ST,1999,1,General Duty Assistant,Healthcare Support,Ghaziabad Skill Centre 2,2025-01-24,2025-04-18,completed,54.4,CERT-526,wage_employment,Healthcare Support Associate,Healthcare Support,Ahuja-Dutta,2025-05-17,confirmed,,active,,13200.0,13900.0,14000.0,
527,Jaipur,Rajasthan,Female,OBC,2002,1,General Duty Assistant,Healthcare Support,Ghaziabad Skill Centre 2,2025-01-24,2025-04-18,completed,68.0,CERT-527,self_employment,Healthcare Support Associate,Healthcare Support,,2025-05-29,unverified,,ended,Left due to low wage relative to workload,12300.0,,,
528,Ghaziabad,Uttar Pradesh,Other,SC,2004,1,General Duty Assistant,Healthcare Support,Ghaziabad Skill Centre 2,2025-01-24,2025-04-18,completed,65.0,CERT-528,wage_employment,Healthcare Support Associate,Healthcare Support,Parmer LLC,2025-05-06,unverified,,active,,14200.0,14700.0,15600.0,
529,Faridabad,Haryana,Male,OBC,2002,1,General Duty Assistant,Healthcare Support,Ghaziabad Skill Centre 2,2025-01-24,2025-04-18,completed,64.8,CERT-529,self_employment,Healthcare Support Associate,Healthcare Support,,2025-05-31,confirmed,,ended,Job did not match trained skillset,15800.0,,,
530,Jaipur,Rajasthan,Other,OBC,1996,1,General Duty Assistant,Healthcare Support,Ghaziabad Skill Centre 2,2025-01-24,2025-04-18,completed,62.7,CERT-530,not_placed,,,,,unverified,Health-related reasons,,,,,,
531,Gurugram,Haryana,Male,ST,1994,1,General Duty Assistant,Healthcare Support,Ghaziabad Skill Centre 2,2025-01-24,2025-04-18,completed,69.4,CERT-531,not_placed,,,,,unverified,Wage offered too low,,,,,,
532,Ghaziabad,Uttar Pradesh,Male,General,1999,1,General Duty Assistant,Healthcare Support,Ghaziabad Skill Centre 2,2025-01-24,2025-04-18,completed,90.5,CERT-532,self_employment,Healthcare Support Associate,Healthcare Support,,2025-05-12,unverified,,active,,11500.0,12200.0,13200.0,14200.0
533,Gurugram,Haryana,Other,ST,2003,1,General Duty Assistant,Healthcare Support,Ghaziabad Skill Centre 2,2025-01-24,2025-04-18,completed,63.4,CERT-533,not_placed,,,,,unverified,Health-related reasons,,,,,,
534,Gautam Buddh Nagar,Uttar Pradesh,Other,OBC,1997,1,General Duty Assistant,Healthcare Support,Ghaziabad Skill Centre 2,2025-01-24,2025-04-18,completed,64.6,CERT-534,self_employment,Healthcare Support Helper (low-relevance role),Healthcare Support,,2025-06-12,unverified,,active,,11200.0,11500.0,12100.0,12800.0
535,Gautam Buddh Nagar,Uttar Pradesh,Female,SC,2004,1,General Duty Assistant,Healthcare Support,Ghaziabad Skill Centre 2,2025-01-24,2025-04-18,completed,50.4,CERT-535,not_placed,,,,,unverified,Felt underprepared / skill mismatch,,,,,,
536,Gautam Buddh Nagar,Uttar Pradesh,Male,OBC,1995,1,General Duty Assistant,Healthcare Support,Ghaziabad Skill Centre 2,2025-01-24,2025-04-18,completed,65.4,CERT-536,wage_employment,Healthcare Support Associate,Healthcare Support,Parmer LLC,2025-06-13,confirmed,,active,,14200.0,14500.0,15400.0,15700.0
537,Ghaziabad,Uttar Pradesh,Male,SC,1990,1,General Duty Assistant,Healthcare Support,Ghaziabad Skill Centre 2,2025-01-24,2025-04-18,completed,88.1,CERT-537,not_placed,,,,,unverified,Job location too far / relocation not feasible,,,,,,
538,Gautam Buddh Nagar,Uttar Pradesh,Male,General,2004,1,General Duty Assistant,Healthcare Support,Ghaziabad Skill Centre 2,2025-01-24,2025-04-18,completed,70.9,CERT-538,self_employment,Healthcare Support Associate,Healthcare Support,,2025-06-09,confirmed,,ended,Commute / relocation issues,11900.0,,,
539,Gurugram,Haryana,Other,ST,1991,1,General Duty Assistant,Healthcare Support,Ghaziabad Skill Centre 2,2025-01-24,2025-04-18,completed,49.5,CERT-539,self_employment,Healthcare Support Helper (low-relevance role),Healthcare Support,,2025-06-25,disputed,,ended,Job did not match trained skillset,15500.0,16300.0,,
540,Gautam Buddh Nagar,Uttar Pradesh,Other,General,2002,1,General Duty Assistant,Healthcare Support,Ghaziabad Skill Centre 2,2025-01-24,2025-04-18,completed,78.7,CERT-540,wage_employment,Healthcare Support Associate,Healthcare Support,Ahuja-Dutta,2025-05-25,confirmed,,ended,Job did not match trained skillset,16000.0,15900.0,,
541,Faridabad,Haryana,Other,OBC,1998,1,General Duty Assistant,Healthcare Support,Ghaziabad Skill Centre 2,2025-01-24,2025-04-18,completed,80.6,CERT-541,apprenticeship,Healthcare Support Associate,Healthcare Support,Parmer LLC,2025-05-29,confirmed,,ended,Left due to low wage relative to workload,14000.0,15100.0,,
542,Jaipur,Rajasthan,Other,ST,2004,1,General Duty Assistant,Healthcare Support,Ghaziabad Skill Centre 2,2025-01-24,2025-04-18,completed,62.4,CERT-542,apprenticeship,Healthcare Support Helper (low-relevance role),Healthcare Support,Sen PLC,2025-06-05,confirmed,,active,,14500.0,15500.0,15800.0,16000.0
543,Gurugram,Haryana,Male,ST,2000,1,General Duty Assistant,Healthcare Support,Ghaziabad Skill Centre 2,2025-01-24,2025-04-18,dropped_out,78.1,,,,,,,,,,,,,,
544,Ghaziabad,Uttar Pradesh,Other,ST,2001,1,General Duty Assistant,Healthcare Support,Ghaziabad Skill Centre 2,2025-01-24,2025-04-18,completed,85.5,CERT-544,not_placed,,,,,unverified,Job location too far / relocation not feasible,,,,,,
545,Faridabad,Haryana,Male,OBC,1997,1,Home Health Aide,Healthcare Support,Jaipur Skill Centre 5,2025-04-09,2025-07-02,completed,95.3,CERT-545,wage_employment,Healthcare Support Helper (low-relevance role),Healthcare Support,Ahuja-Dutta,2025-07-21,confirmed,,active,,12100.0,12500.0,12800.0,12800.0
546,Faridabad,Haryana,Male,SC,2005,1,Home Health Aide,Healthcare Support,Jaipur Skill Centre 5,2025-04-09,2025-07-02,completed,68.8,CERT-546,not_placed,,,,,unverified,Wage offered too low,,,,,,
547,Gurugram,Haryana,Other,SC,1990,1,Home Health Aide,Healthcare Support,Jaipur Skill Centre 5,2025-04-09,2025-07-02,completed,79.8,CERT-547,not_placed,,,,,unverified,Wage offered too low,,,,,,
548,Jaipur,Rajasthan,Male,ST,2003,1,Home Health Aide,Healthcare Support,Jaipur Skill Centre 5,2025-04-09,2025-07-02,completed,46.5,CERT-548,wage_employment,Healthcare Support Helper (low-relevance role),Healthcare Support,Chanda Group,2025-07-17,unverified,,active,,14100.0,14200.0,14300.0,15200.0
549,Ghaziabad,Uttar Pradesh,Male,OBC,1995,1,Home Health Aide,Healthcare Support,Jaipur Skill Centre 5,2025-04-09,2025-07-02,completed,60.5,CERT-549,not_placed,,,,,unverified,Wage offered too low,,,,,,
550,Faridabad,Haryana,Female,ST,2004,1,Home Health Aide,Healthcare Support,Jaipur Skill Centre 5,2025-04-09,2025-07-02,completed,87.2,CERT-550,not_placed,,,,,unverified,Family responsibilities / not permitted to work,,,,,,
551,Gautam Buddh Nagar,Uttar Pradesh,Female,OBC,2000,1,Home Health Aide,Healthcare Support,Jaipur Skill Centre 5,2025-04-09,2025-07-02,completed,96.0,CERT-551,wage_employment,Healthcare Support Associate,Healthcare Support,Parmer LLC,2025-08-28,unverified,,active,,14000.0,13800.0,14900.0,
552,Faridabad,Haryana,Other,ST,2006,1,Home Health Aide,Healthcare Support,Jaipur Skill Centre 5,2025-04-09,2025-07-02,completed,51.6,CERT-552,wage_employment,Healthcare Support Helper (low-relevance role),Healthcare Support,Chanda Group,2025-07-21,unverified,,active,,12700.0,13200.0,13800.0,
553,Gurugram,Haryana,Male,ST,2000,1,Home Health Aide,Healthcare Support,Jaipur Skill Centre 5,2025-04-09,2025-07-02,completed,68.9,CERT-553,wage_employment,Healthcare Support Associate,Healthcare Support,Sen PLC,2025-07-24,confirmed,,active,,15700.0,16800.0,17600.0,17600.0
554,Gautam Buddh Nagar,Uttar Pradesh,Other,SC,1996,1,Home Health Aide,Healthcare Support,Jaipur Skill Centre 5,2025-04-09,2025-07-02,completed,45.6,CERT-554,wage_employment,Healthcare Support Helper (low-relevance role),Healthcare Support,Chanda Group,2025-08-27,disputed,,ended,Left due to low wage relative to workload,13500.0,14100.0,14100.0,
555,Ghaziabad,Uttar Pradesh,Female,SC,1997,1,Home Health Aide,Healthcare Support,Jaipur Skill Centre 5,2025-04-09,2025-07-02,completed,83.6,CERT-555,wage_employment,Healthcare Support Associate,Healthcare Support,Kale LLC,2025-09-03,unverified,,ended,Job did not match trained skillset,14300.0,14900.0,15700.0,
556,Ghaziabad,Uttar Pradesh,Male,OBC,1997,1,Home Health Aide,Healthcare Support,Jaipur Skill Centre 5,2025-04-09,2025-07-02,completed,79.5,CERT-556,self_employment,Healthcare Support Associate,Healthcare Support,,2025-09-03,confirmed,,ended,Moved to a better opportunity,15600.0,17600.0,18600.0,
557,Gautam Buddh Nagar,Uttar Pradesh,Male,General,1996,1,Home Health Aide,Healthcare Support,Jaipur Skill Centre 5,2025-04-09,2025-07-02,completed,70.2,CERT-557,wage_employment,Healthcare Support Helper (low-relevance role),Healthcare Support,Chanda Group,2025-09-07,confirmed,,ended,Family circumstances changed,11600.0,12300.0,,
558,Faridabad,Haryana,Male,ST,1995,1,Home Health Aide,Healthcare Support,Jaipur Skill Centre 5,2025-04-09,2025-07-02,completed,95.4,CERT-558,self_employment,Healthcare Support Associate,Healthcare Support,,2025-08-07,confirmed,,ended,Moved to a better opportunity,14800.0,,,
559,Ghaziabad,Uttar Pradesh,Male,SC,1992,1,Home Health Aide,Healthcare Support,Jaipur Skill Centre 5,2025-04-09,2025-07-02,completed,90.7,CERT-559,self_employment,Healthcare Support Associate,Healthcare Support,,2025-07-30,confirmed,,active,,13400.0,14200.0,15000.0,16100.0
560,Jaipur,Rajasthan,Other,ST,2005,1,Home Health Aide,Healthcare Support,Jaipur Skill Centre 5,2025-04-09,2025-07-02,completed,59.3,CERT-560,not_placed,,,,,unverified,Job location too far / relocation not feasible,,,,,,
561,Gurugram,Haryana,Female,SC,2001,1,Home Health Aide,Healthcare Support,Jaipur Skill Centre 5,2025-04-09,2025-07-02,completed,63.8,CERT-561,not_placed,,,,,unverified,Job location too far / relocation not feasible,,,,,,
562,Faridabad,Haryana,Male,General,2002,1,Home Health Aide,Healthcare Support,Jaipur Skill Centre 5,2025-04-09,2025-07-02,completed,66.4,CERT-562,not_placed,,,,,unverified,Job location too far / relocation not feasible,,,,,,
563,Ghaziabad,Uttar Pradesh,Male,General,2004,1,Home Health Aide,Healthcare Support,Jaipur Skill Centre 5,2025-04-09,2025-07-02,completed,55.7,CERT-563,not_placed,,,,,unverified,Wage offered too low,,,,,,
564,Gurugram,Haryana,Male,ST,1990,1,Home Health Aide,Healthcare Support,Jaipur Skill Centre 5,2025-04-09,2025-07-02,completed,62.3,CERT-564,wage_employment,Healthcare Support Helper (low-relevance role),Healthcare Support,Ahuja-Dutta,2025-09-09,confirmed,,active,,15700.0,16500.0,17900.0,18400.0
565,Gautam Buddh Nagar,Uttar Pradesh,Male,SC,2000,1,Home Health Aide,Healthcare Support,Jaipur Skill Centre 5,2025-04-09,2025-07-02,completed,60.1,CERT-565,self_employment,Healthcare Support Helper (low-relevance role),Healthcare Support,,2025-07-16,confirmed,,active,,13900.0,15100.0,14900.0,
566,Gautam Buddh Nagar,Uttar Pradesh,Male,ST,2000,1,Home Health Aide,Healthcare Support,Jaipur Skill Centre 5,2025-04-09,2025-07-02,completed,56.4,CERT-566,wage_employment,Healthcare Support Helper (low-relevance role),Healthcare Support,"Sami, Oak and Mall",2025-08-18,confirmed,,active,,15700.0,16700.0,,
567,Jaipur,Rajasthan,Female,ST,2001,1,Home Health Aide,Healthcare Support,Jaipur Skill Centre 5,2025-04-09,2025-07-02,completed,95.9,CERT-567,not_placed,,,,,unverified,Job location too far / relocation not feasible,,,,,,
568,Jaipur,Rajasthan,Male,SC,2005,1,Home Health Aide,Healthcare Support,Jaipur Skill Centre 5,2025-04-09,2025-07-02,completed,83.9,CERT-568,apprenticeship,Healthcare Support Helper (low-relevance role),Healthcare Support,Sen PLC,2025-09-13,confirmed,,active,,11400.0,12400.0,12800.0,13200.0
569,Gurugram,Haryana,Other,ST,2004,1,Home Health Aide,Healthcare Support,Jaipur Skill Centre 5,2025-04-09,2025-07-02,completed,66.3,CERT-569,wage_employment,Healthcare Support Associate,Healthcare Support,Kale LLC,2025-07-09,confirmed,,active,,12100.0,12100.0,12800.0,13400.0
570,Gautam Buddh Nagar,Uttar Pradesh,Other,General,2007,1,Home Health Aide,Healthcare Support,Jaipur Skill Centre 5,2025-04-09,2025-07-02,completed,73.6,CERT-570,not_placed,,,,,unverified,Job location too far / relocation not feasible,,,,,,
571,Gurugram,Haryana,Other,OBC,1997,1,Home Health Aide,Healthcare Support,Jaipur Skill Centre 5,2025-04-09,2025-07-02,completed,53.7,CERT-571,not_placed,,,,,unverified,Wage offered too low,,,,,,
572,Ghaziabad,Uttar Pradesh,Female,OBC,2001,1,Home Health Aide,Healthcare Support,Jaipur Skill Centre 5,2025-04-09,2025-07-02,completed,95.1,CERT-572,apprenticeship,Healthcare Support Helper (low-relevance role),Healthcare Support,Sen PLC,2025-09-01,unverified,,active,,13200.0,13600.0,14100.0,15300.0
573,Gurugram,Haryana,Female,OBC,2003,1,Home Health Aide,Healthcare Support,Jaipur Skill Centre 5,2025-04-09,2025-07-02,completed,87.4,CERT-573,wage_employment,Healthcare Support Helper (low-relevance role),Healthcare Support,Sen PLC,2025-09-03,confirmed,,active,,15300.0,16200.0,16400.0,15900.0
574,Gurugram,Haryana,Female,OBC,1991,1,Home Health Aide,Healthcare Support,Jaipur Skill Centre 5,2025-04-09,2025-07-02,completed,45.5,CERT-574,wage_employment,Healthcare Support Associate,Healthcare Support,Kale LLC,2025-07-11,confirmed,,ended,Left due to low wage relative to workload,15100.0,15600.0,16300.0,
575,Faridabad,Haryana,Male,SC,2001,1,Home Health Aide,Healthcare Support,Jaipur Skill Centre 5,2025-04-09,2025-07-02,dropped_out,46.4,,,,,,,,,,,,,,
576,Gautam Buddh Nagar,Uttar Pradesh,Female,OBC,2005,1,Home Health Aide,Healthcare Support,Jaipur Skill Centre 5,2025-04-09,2025-07-02,completed,47.5,CERT-576,wage_employment,Healthcare Support Associate,Healthcare Support,Chanda Group,2025-07-28,unverified,,active,,13400.0,14100.0,14600.0,
577,Ghaziabad,Uttar Pradesh,Other,SC,2000,1,Home Health Aide,Healthcare Support,Jaipur Skill Centre 5,2025-04-09,2025-07-02,completed,80.4,CERT-577,wage_employment,Healthcare Support Associate,Healthcare Support,Chanda Group,2025-08-01,confirmed,,active,,14700.0,15200.0,15800.0,15200.0
578,Ghaziabad,Uttar Pradesh,Male,SC,2000,1,Home Health Aide,Healthcare Support,Jaipur Skill Centre 5,2025-04-09,2025-07-02,completed,75.7,CERT-578,not_placed,,,,,unverified,Wage offered too low,,,,,,
579,Faridabad,Haryana,Female,OBC,1991,1,Home Health Aide,Healthcare Support,Jaipur Skill Centre 5,2025-04-09,2025-07-02,dropped_out,78.6,,,,,,,,,,,,,,
580,Ghaziabad,Uttar Pradesh,Male,SC,1995,1,Home Health Aide,Healthcare Support,Jaipur Skill Centre 5,2025-04-09,2025-07-02,dropped_out,70.5,,,,,,,,,,,,,,
581,Gurugram,Haryana,Other,ST,1996,1,Home Health Aide,Healthcare Support,Jaipur Skill Centre 5,2025-04-09,2025-07-02,completed,56.4,CERT-581,wage_employment,Healthcare Support Associate,Healthcare Support,Sen PLC,2025-08-11,unverified,,active,,11900.0,12500.0,12600.0,13600.0
582,Faridabad,Haryana,Female,SC,1993,1,Home Health Aide,Healthcare Support,Jaipur Skill Centre 5,2025-04-09,2025-07-02,completed,63.4,CERT-582,wage_employment,Healthcare Support Associate,Healthcare Support,Sen PLC,2025-09-09,confirmed,,active,,12100.0,12500.0,13000.0,
583,Ghaziabad,Uttar Pradesh,Female,SC,2006,1,Home Health Aide,Healthcare Support,Jaipur Skill Centre 5,2025-04-09,2025-07-02,completed,81.1,CERT-583,self_employment,Healthcare Support Associate,Healthcare Support,,2025-08-04,confirmed,,active,,15800.0,16000.0,16600.0,
584,Gurugram,Haryana,Other,SC,2007,1,Home Health Aide,Healthcare Support,Jaipur Skill Centre 5,2025-04-09,2025-07-02,completed,83.9,CERT-584,wage_employment,Healthcare Support Associate,Healthcare Support,Kale LLC,2025-07-24,confirmed,,active,,14200.0,14900.0,15400.0,16400.0
585,Gurugram,Haryana,Other,General,1990,1,Home Health Aide,Healthcare Support,Jaipur Skill Centre 5,2025-04-09,2025-07-02,completed,72.8,CERT-585,not_placed,,,,,unverified,Family responsibilities / not permitted to work,,,,,,
586,Ghaziabad,Uttar Pradesh,Male,General,2004,1,Home Health Aide,Healthcare Support,Jaipur Skill Centre 5,2025-04-09,2025-07-02,completed,77.3,CERT-586,self_employment,Healthcare Support Associate,Healthcare Support,,2025-08-19,unverified,,active,,13300.0,13700.0,13700.0,13900.0
587,Faridabad,Haryana,Female,General,2003,1,Home Health Aide,Healthcare Support,Jaipur Skill Centre 5,2025-04-09,2025-07-02,completed,59.9,CERT-587,not_placed,,,,,unverified,Wage offered too low,,,,,,
588,Gurugram,Haryana,Male,ST,2006,1,Home Health Aide,Healthcare Support,Jaipur Skill Centre 5,2025-04-09,2025-07-02,completed,58.3,CERT-588,wage_employment,Healthcare Support Associate,Healthcare Support,Parmer LLC,2025-09-07,confirmed,,active,,11500.0,11500.0,11900.0,12800.0
589,Gautam Buddh Nagar,Uttar Pradesh,Male,ST,1997,1,Home Health Aide,Healthcare Support,Jaipur Skill Centre 5,2025-04-09,2025-07-02,completed,83.1,CERT-589,wage_employment,Healthcare Support Helper (low-relevance role),Healthcare Support,Kale LLC,2025-09-03,unverified,,active,,13000.0,12600.0,13300.0,14200.0
590,Gurugram,Haryana,Male,OBC,2001,1,Home Health Aide,Healthcare Support,Jaipur Skill Centre 5,2025-04-09,2025-07-02,completed,86.5,CERT-590,self_employment,Healthcare Support Associate,Healthcare Support,,2025-08-09,unverified,,active,,13700.0,13900.0,15200.0,16000.0
591,Gautam Buddh Nagar,Uttar Pradesh,Male,ST,2002,1,Home Health Aide,Healthcare Support,Jaipur Skill Centre 5,2025-04-09,2025-07-02,completed,85.1,CERT-591,self_employment,Healthcare Support Associate,Healthcare Support,,2025-09-07,confirmed,,active,,11600.0,12100.0,12300.0,12400.0
592,Gurugram,Haryana,Other,SC,1994,1,Home Health Aide,Healthcare Support,Jaipur Skill Centre 5,2025-04-09,2025-07-02,completed,66.0,CERT-592,not_placed,,,,,unverified,Wage offered too low,,,,,,
593,Gurugram,Haryana,Male,OBC,1992,1,Home Health Aide,Healthcare Support,Jaipur Skill Centre 5,2025-04-09,2025-07-02,completed,47.2,CERT-593,self_employment,Healthcare Support Helper (low-relevance role),Healthcare Support,,2025-08-11,confirmed,,active,,12100.0,12800.0,13300.0,13200.0
594,Jaipur,Rajasthan,Other,SC,2002,1,Home Health Aide,Healthcare Support,Jaipur Skill Centre 5,2025-04-09,2025-07-02,completed,97.0,CERT-594,not_placed,,,,,unverified,Wage offered too low,,,,,,
595,Gurugram,Haryana,Female,SC,2001,1,Home Health Aide,Healthcare Support,Jaipur Skill Centre 5,2025-04-09,2025-07-02,completed,49.1,CERT-595,not_placed,,,,,unverified,Job location too far / relocation not feasible,,,,,,
596,Ghaziabad,Uttar Pradesh,Other,OBC,2007,1,Home Health Aide,Healthcare Support,Jaipur Skill Centre 5,2025-04-09,2025-07-02,completed,93.6,CERT-596,not_placed,,,,,unverified,Pursuing further education,,,,,,
597,Jaipur,Rajasthan,Female,OBC,2000,1,Home Health Aide,Healthcare Support,Jaipur Skill Centre 5,2025-04-09,2025-07-02,completed,83.0,CERT-597,wage_employment,Healthcare Support Associate,Healthcare Support,Ahuja-Dutta,2025-09-04,confirmed,,active,,13200.0,13400.0,13900.0,14500.0
598,Gautam Buddh Nagar,Uttar Pradesh,Male,OBC,2005,1,Home Health Aide,Healthcare Support,Jaipur Skill Centre 5,2025-04-09,2025-07-02,completed,56.4,CERT-598,wage_employment,Healthcare Support Helper (low-relevance role),Healthcare Support,Parmer LLC,2025-08-14,confirmed,,active,,13700.0,14800.0,15400.0,15900.0
599,Jaipur,Rajasthan,Female,General,1995,1,Home Health Aide,Healthcare Support,Jaipur Skill Centre 5,2025-04-09,2025-07-02,completed,71.2,CERT-599,wage_employment,Healthcare Support Helper (low-relevance role),Healthcare Support,Kale LLC,2025-08-25,unverified,,active,,12700.0,13500.0,13700.0,
600,Gautam Buddh Nagar,Uttar Pradesh,Male,General,2000,1,Home Health Aide,Healthcare Support,Jaipur Skill Centre 5,2025-04-09,2025-07-02,completed,46.1,CERT-600,apprenticeship,Healthcare Support Associate,Healthcare Support,Sen PLC,2025-08-23,disputed,,active,,11100.0,11600.0,12000.0,12400.0
601,Jaipur,Rajasthan,Other,OBC,2001,1,Home Health Aide,Healthcare Support,Jaipur Skill Centre 5,2025-04-09,2025-07-02,completed,82.4,CERT-601,not_placed,,,,,unverified,Wage offered too low,,,,,,
602,Ghaziabad,Uttar Pradesh,Female,General,2004,1,Home Health Aide,Healthcare Support,Jaipur Skill Centre 5,2025-04-09,2025-07-02,completed,92.1,CERT-602,not_placed,,,,,unverified,Wage offered too low,,,,,,
603,Gurugram,Haryana,Female,SC,1999,1,Home Health Aide,Healthcare Support,Jaipur Skill Centre 5,2025-04-09,2025-07-02,completed,76.3,CERT-603,wage_employment,Healthcare Support Associate,Healthcare Support,Ahuja-Dutta,2025-07-26,unverified,,active,,11300.0,12000.0,12800.0,13600.0
604,Jaipur,Rajasthan,Other,General,1993,1,Home Health Aide,Healthcare Support,Jaipur Skill Centre 5,2025-04-09,2025-07-02,completed,62.0,CERT-604,wage_employment,Healthcare Support Helper (low-relevance role),Healthcare Support,Chanda Group,2025-09-11,confirmed,,active,,12000.0,12800.0,,
605,Gautam Buddh Nagar,Uttar Pradesh,Other,ST,2000,1,Home Health Aide,Healthcare Support,Jaipur Skill Centre 5,2025-04-09,2025-07-02,completed,61.2,CERT-605,not_placed,,,,,unverified,Felt underprepared / skill mismatch,,,,,,
606,Gautam Buddh Nagar,Uttar Pradesh,Female,OBC,2006,1,Home Health Aide,Healthcare Support,Jaipur Skill Centre 5,2025-04-09,2025-07-02,completed,61.3,CERT-606,apprenticeship,Healthcare Support Helper (low-relevance role),Healthcare Support,Chanda Group,2025-07-29,unverified,,active,,12800.0,12800.0,13600.0,
607,Ghaziabad,Uttar Pradesh,Male,OBC,1993,1,Home Health Aide,Healthcare Support,Jaipur Skill Centre 5,2025-04-09,2025-07-02,completed,82.8,CERT-607,wage_employment,Healthcare Support Helper (low-relevance role),Healthcare Support,Ahuja-Dutta,2025-07-08,confirmed,,active,,11600.0,11700.0,11500.0,12200.0
608,Gurugram,Haryana,Other,SC,2003,1,Home Health Aide,Healthcare Support,Jaipur Skill Centre 5,2025-04-09,2025-07-02,completed,91.6,CERT-608,not_placed,,,,,unverified,Wage offered too low,,,,,,
609,Gautam Buddh Nagar,Uttar Pradesh,Male,ST,2003,1,Home Health Aide,Healthcare Support,Jaipur Skill Centre 5,2025-04-09,2025-07-02,completed,92.8,CERT-609,not_placed,,,,,unverified,Job location too far / relocation not feasible,,,,,,
610,Jaipur,Rajasthan,Other,ST,1990,1,Home Health Aide,Healthcare Support,Jaipur Skill Centre 5,2025-04-09,2025-07-02,dropped_out,85.7,,,,,,,,,,,,,,
611,Ghaziabad,Uttar Pradesh,Female,General,1997,1,Home Health Aide,Healthcare Support,Jaipur Skill Centre 5,2025-04-09,2025-07-02,completed,92.8,CERT-611,wage_employment,Healthcare Support Associate,Healthcare Support,"Sami, Oak and Mall",2025-07-28,unverified,,active,,13900.0,15100.0,,
612,Ghaziabad,Uttar Pradesh,Female,ST,2006,1,Home Health Aide,Healthcare Support,Jaipur Skill Centre 5,2025-04-09,2025-07-02,completed,50.9,CERT-612,wage_employment,Healthcare Support Helper (low-relevance role),Healthcare Support,Sen PLC,2025-07-15,confirmed,,ended,Workplace conditions / employer issues,11700.0,,,
613,Ghaziabad,Uttar Pradesh,Female,General,2000,1,Home Health Aide,Healthcare Support,Gautam Buddh Nagar Skill Centre 6,2024-06-15,2024-09-07,completed,63.1,CERT-613,not_placed,,,,,unverified,No suitable openings in area,,,,,,
614,Gurugram,Haryana,Female,General,2004,1,Home Health Aide,Healthcare Support,Gautam Buddh Nagar Skill Centre 6,2024-06-15,2024-09-07,completed,53.1,CERT-614,wage_employment,Healthcare Support Helper (low-relevance role),Healthcare Support,Ahuja-Dutta,2024-10-06,confirmed,,active,,14000.0,15200.0,16300.0,17200.0
615,Gautam Buddh Nagar,Uttar Pradesh,Female,OBC,1994,1,Home Health Aide,Healthcare Support,Gautam Buddh Nagar Skill Centre 6,2024-06-15,2024-09-07,dropped_out,45.2,,,,,,,,,,,,,,
616,Gautam Buddh Nagar,Uttar Pradesh,Other,General,2002,1,Home Health Aide,Healthcare Support,Gautam Buddh Nagar Skill Centre 6,2024-06-15,2024-09-07,completed,85.4,CERT-616,wage_employment,Healthcare Support Associate,Healthcare Support,Sen PLC,2024-11-11,confirmed,,active,,14100.0,14600.0,15000.0,15700.0
617,Gurugram,Haryana,Male,General,1995,1,Home Health Aide,Healthcare Support,Gautam Buddh Nagar Skill Centre 6,2024-06-15,2024-09-07,completed,60.9,CERT-617,wage_employment,Healthcare Support Associate,Healthcare Support,Chanda Group,2024-10-11,unverified,,active,,13300.0,13900.0,14900.0,16000.0
618,Jaipur,Rajasthan,Male,ST,2001,1,Home Health Aide,Healthcare Support,Gautam Buddh Nagar Skill Centre 6,2024-06-15,2024-09-07,completed,61.3,CERT-618,wage_employment,Healthcare Support Helper (low-relevance role),Healthcare Support,Chanda Group,2024-11-08,unverified,,active,,12100.0,13300.0,13300.0,14100.0
619,Jaipur,Rajasthan,Other,ST,1994,1,Home Health Aide,Healthcare Support,Gautam Buddh Nagar Skill Centre 6,2024-06-15,2024-09-07,completed,87.4,CERT-619,wage_employment,Healthcare Support Associate,Healthcare Support,Ahuja-Dutta,2024-09-28,unverified,,active,,11300.0,11400.0,,
620,Gurugram,Haryana,Other,OBC,1996,1,Home Health Aide,Healthcare Support,Gautam Buddh Nagar Skill Centre 6,2024-06-15,2024-09-07,completed,61.3,CERT-620,wage_employment,Healthcare Support Helper (low-relevance role),Healthcare Support,"Sami, Oak and Mall",2024-11-08,confirmed,,active,,11800.0,12300.0,11700.0,12300.0
621,Ghaziabad,Uttar Pradesh,Female,General,2004,1,Home Health Aide,Healthcare Support,Gautam Buddh Nagar Skill Centre 6,2024-06-15,2024-09-07,completed,65.2,CERT-621,wage_employment,Healthcare Support Associate,Healthcare Support,Sen PLC,2024-10-28,confirmed,,active,,15900.0,16500.0,18300.0,20700.0
622,Gautam Buddh Nagar,Uttar Pradesh,Other,ST,2001,1,Home Health Aide,Healthcare Support,Gautam Buddh Nagar Skill Centre 6,2024-06-15,2024-09-07,dropped_out,92.2,,,,,,,,,,,,,,
623,Faridabad,Haryana,Male,SC,1995,1,Home Health Aide,Healthcare Support,Gautam Buddh Nagar Skill Centre 6,2024-06-15,2024-09-07,completed,59.9,CERT-623,apprenticeship,Healthcare Support Associate,Healthcare Support,Kale LLC,2024-10-22,confirmed,,active,,12700.0,13200.0,14600.0,
624,Jaipur,Rajasthan,Male,ST,1990,1,Home Health Aide,Healthcare Support,Gautam Buddh Nagar Skill Centre 6,2024-06-15,2024-09-07,completed,69.9,CERT-624,self_employment,Healthcare Support Associate,Healthcare Support,,2024-10-16,unverified,,active,,14900.0,16300.0,16800.0,17400.0
625,Gautam Buddh Nagar,Uttar Pradesh,Female,General,1990,1,Home Health Aide,Healthcare Support,Gautam Buddh Nagar Skill Centre 6,2024-06-15,2024-09-07,completed,54.4,CERT-625,wage_employment,Healthcare Support Helper (low-relevance role),Healthcare Support,Ahuja-Dutta,2024-09-23,unverified,,ended,Job did not match trained skillset,12700.0,,,
626,Gurugram,Haryana,Other,General,1993,1,Home Health Aide,Healthcare Support,Gautam Buddh Nagar Skill Centre 6,2024-06-15,2024-09-07,dropped_out,52.4,,,,,,,,,,,,,,
627,Gautam Buddh Nagar,Uttar Pradesh,Female,General,1995,1,Home Health Aide,Healthcare Support,Gautam Buddh Nagar Skill Centre 6,2024-06-15,2024-09-07,dropped_out,87.0,,,,,,,,,,,,,,
628,Ghaziabad,Uttar Pradesh,Female,General,1996,1,Home Health Aide,Healthcare Support,Gautam Buddh Nagar Skill Centre 6,2024-06-15,2024-09-07,completed,78.1,CERT-628,self_employment,Healthcare Support Helper (low-relevance role),Healthcare Support,,2024-11-14,confirmed,,active,,13500.0,13900.0,15000.0,
629,Gurugram,Haryana,Female,ST,1997,1,Home Health Aide,Healthcare Support,Gautam Buddh Nagar Skill Centre 6,2024-06-15,2024-09-07,completed,76.4,CERT-629,wage_employment,Healthcare Support Associate,Healthcare Support,"Sami, Oak and Mall",2024-10-09,confirmed,,active,,15800.0,16800.0,17800.0,
630,Faridabad,Haryana,Other,General,1990,1,Home Health Aide,Healthcare Support,Gautam Buddh Nagar Skill Centre 6,2024-06-15,2024-09-07,completed,85.9,CERT-630,not_placed,,,,,unverified,Pursuing further education,,,,,,
631,Jaipur,Rajasthan,Other,SC,1992,1,Home Health Aide,Healthcare Support,Gautam Buddh Nagar Skill Centre 6,2024-06-15,2024-09-07,completed,61.9,CERT-631,self_employment,Healthcare Support Helper (low-relevance role),Healthcare Support,,2024-10-29,confirmed,,active,,11900.0,12300.0,13100.0,13400.0
632,Faridabad,Haryana,Female,OBC,2003,1,Home Health Aide,Healthcare Support,Gautam Buddh Nagar Skill Centre 6,2024-06-15,2024-09-07,completed,65.2,CERT-632,not_placed,,,,,unverified,Wage offered too low,,,,,,
633,Gurugram,Haryana,Male,OBC,1990,1,Home Health Aide,Healthcare Support,Gautam Buddh Nagar Skill Centre 6,2024-06-15,2024-09-07,completed,95.1,CERT-633,wage_employment,Healthcare Support Associate,Healthcare Support,Kale LLC,2024-10-01,confirmed,,active,,11900.0,12700.0,13100.0,13400.0
634,Ghaziabad,Uttar Pradesh,Other,ST,1997,1,Home Health Aide,Healthcare Support,Gautam Buddh Nagar Skill Centre 6,2024-06-15,2024-09-07,completed,67.1,CERT-634,wage_employment,Healthcare Support Helper (low-relevance role),Healthcare Support,Ahuja-Dutta,2024-10-25,confirmed,,active,,12700.0,12800.0,13700.0,14300.0
635,Gurugram,Haryana,Male,SC,2005,1,Home Health Aide,Healthcare Support,Gautam Buddh Nagar Skill Centre 6,2024-06-15,2024-09-07,completed,62.5,CERT-635,wage_employment,Healthcare Support Helper (low-relevance role),Healthcare Support,"Sami, Oak and Mall",2024-10-11,unverified,,active,,15500.0,15600.0,15300.0,
636,Gurugram,Haryana,Male,ST,1992,1,Home Health Aide,Healthcare Support,Gautam Buddh Nagar Skill Centre 6,2024-06-15,2024-09-07,completed,86.9,CERT-636,wage_employment,Healthcare Support Associate,Healthcare Support,Sen PLC,2024-11-11,confirmed,,active,,13400.0,14600.0,15300.0,
637,Jaipur,Rajasthan,Male,General,1993,1,Home Health Aide,Healthcare Support,Gautam Buddh Nagar Skill Centre 6,2024-06-15,2024-09-07,completed,55.3,CERT-637,not_placed,,,,,unverified,Job location too far / relocation not feasible,,,,,,
638,Faridabad,Haryana,Other,General,2003,1,Home Health Aide,Healthcare Support,Gautam Buddh Nagar Skill Centre 6,2024-06-15,2024-09-07,completed,55.8,CERT-638,wage_employment,Healthcare Support Associate,Healthcare Support,Parmer LLC,2024-11-04,unverified,,ended,Left due to low wage relative to workload,11800.0,12600.0,13000.0,
639,Gurugram,Haryana,Male,SC,2007,1,Home Health Aide,Healthcare Support,Gautam Buddh Nagar Skill Centre 6,2024-06-15,2024-09-07,completed,89.1,CERT-639,wage_employment,Healthcare Support Helper (low-relevance role),Healthcare Support,Kale LLC,2024-10-23,confirmed,,ended,Job did not match trained skillset,12600.0,,,
640,Faridabad,Haryana,Female,OBC,1992,1,Home Health Aide,Healthcare Support,Gautam Buddh Nagar Skill Centre 6,2024-06-15,2024-09-07,completed,72.7,CERT-640,not_placed,,,,,unverified,Wage offered too low,,,,,,
641,Gurugram,Haryana,Male,General,2001,1,Home Health Aide,Healthcare Support,Gautam Buddh Nagar Skill Centre 6,2024-06-15,2024-09-07,completed,84.8,CERT-641,wage_employment,Healthcare Support Helper (low-relevance role),Healthcare Support,Chanda Group,2024-11-04,confirmed,,active,,11600.0,11800.0,12900.0,
642,Ghaziabad,Uttar Pradesh,Female,OBC,1997,1,Home Health Aide,Healthcare Support,Gautam Buddh Nagar Skill Centre 6,2024-06-15,2024-09-07,completed,62.1,CERT-642,not_placed,,,,,unverified,Pursuing further education,,,,,,
643,Gautam Buddh Nagar,Uttar Pradesh,Male,ST,2006,1,Home Health Aide,Healthcare Support,Gautam Buddh Nagar Skill Centre 6,2024-06-15,2024-09-07,dropped_out,82.9,,,,,,,,,,,,,,
644,Faridabad,Haryana,Female,General,2007,1,Home Health Aide,Healthcare Support,Gautam Buddh Nagar Skill Centre 6,2024-06-15,2024-09-07,completed,46.9,CERT-644,wage_employment,Healthcare Support Associate,Healthcare Support,"Sami, Oak and Mall",2024-09-22,unverified,,active,,13700.0,14300.0,15500.0,16300.0
645,Gautam Buddh Nagar,Uttar Pradesh,Other,ST,2004,1,Home Health Aide,Healthcare Support,Gautam Buddh Nagar Skill Centre 6,2024-06-15,2024-09-07,completed,51.0,CERT-645,wage_employment,Healthcare Support Associate,Healthcare Support,Ahuja-Dutta,2024-10-07,unverified,,active,,12800.0,13600.0,14100.0,
646,Gurugram,Haryana,Male,ST,1996,1,Home Health Aide,Healthcare Support,Gautam Buddh Nagar Skill Centre 6,2024-06-15,2024-09-07,completed,69.3,CERT-646,self_employment,Healthcare Support Helper (low-relevance role),Healthcare Support,,2024-11-13,unverified,,ended,Left due to low wage relative to workload,15400.0,16100.0,16600.0,
647,Ghaziabad,Uttar Pradesh,Other,SC,2003,1,Home Health Aide,Healthcare Support,Gautam Buddh Nagar Skill Centre 6,2024-06-15,2024-09-07,dropped_out,67.1,,,,,,,,,,,,,,
648,Gautam Buddh Nagar,Uttar Pradesh,Female,General,1999,1,Home Health Aide,Healthcare Support,Gautam Buddh Nagar Skill Centre 6,2024-06-15,2024-09-07,completed,58.9,CERT-648,not_placed,,,,,unverified,No suitable openings in area,,,,,,
649,Ghaziabad,Uttar Pradesh,Other,General,1993,1,Home Health Aide,Healthcare Support,Gautam Buddh Nagar Skill Centre 6,2024-06-15,2024-09-07,completed,94.4,CERT-649,wage_employment,Healthcare Support Associate,Healthcare Support,Parmer LLC,2024-10-12,confirmed,,active,,13800.0,14200.0,15200.0,
650,Gautam Buddh Nagar,Uttar Pradesh,Other,General,1991,1,Home Health Aide,Healthcare Support,Gautam Buddh Nagar Skill Centre 6,2024-06-15,2024-09-07,completed,91.4,CERT-650,not_placed,,,,,unverified,Pursuing further education,,,,,,
651,Ghaziabad,Uttar Pradesh,Female,SC,1998,1,Home Health Aide,Healthcare Support,Gautam Buddh Nagar Skill Centre 6,2024-06-15,2024-09-07,completed,55.0,CERT-651,not_placed,,,,,unverified,Felt underprepared / skill mismatch,,,,,,
652,Gautam Buddh Nagar,Uttar Pradesh,Other,ST,2003,1,Home Health Aide,Healthcare Support,Gautam Buddh Nagar Skill Centre 6,2024-06-15,2024-09-07,completed,82.9,CERT-652,not_placed,,,,,unverified,Job location too far / relocation not feasible,,,,,,
653,Gautam Buddh Nagar,Uttar Pradesh,Male,ST,2001,1,Home Health Aide,Healthcare Support,Gautam Buddh Nagar Skill Centre 6,2024-06-15,2024-09-07,completed,64.8,CERT-653,not_placed,,,,,unverified,Pursuing further education,,,,,,
654,Jaipur,Rajasthan,Male,SC,1994,1,Home Health Aide,Healthcare Support,Gautam Buddh Nagar Skill Centre 6,2024-06-15,2024-09-07,completed,75.8,CERT-654,apprenticeship,Healthcare Support Associate,Healthcare Support,"Sami, Oak and Mall",2024-09-30,confirmed,,active,,11400.0,11400.0,11500.0,11900.0
655,Ghaziabad,Uttar Pradesh,Other,OBC,2000,1,Home Health Aide,Healthcare Support,Gautam Buddh Nagar Skill Centre 6,2024-06-15,2024-09-07,completed,75.4,CERT-655,not_placed,,,,,unverified,Felt underprepared / skill mismatch,,,,,,
656,Faridabad,Haryana,Male,General,1992,1,Home Health Aide,Healthcare Support,Gautam Buddh Nagar Skill Centre 6,2024-06-15,2024-09-07,completed,73.8,CERT-656,wage_employment,Healthcare Support Associate,Healthcare Support,"Sami, Oak and Mall",2024-11-21,confirmed,,active,,15200.0,15600.0,16000.0,
657,Faridabad,Haryana,Other,OBC,1994,1,Home Health Aide,Healthcare Support,Gautam Buddh Nagar Skill Centre 6,2024-06-15,2024-09-07,completed,92.3,CERT-657,not_placed,,,,,unverified,Felt underprepared / skill mismatch,,,,,,
658,Faridabad,Haryana,Female,SC,1994,1,Home Health Aide,Healthcare Support,Gautam Buddh Nagar Skill Centre 6,2024-06-15,2024-09-07,completed,66.5,CERT-658,not_placed,,,,,unverified,Family responsibilities / not permitted to work,,,,,,
659,Gautam Buddh Nagar,Uttar Pradesh,Female,General,1996,1,Home Health Aide,Healthcare Support,Gautam Buddh Nagar Skill Centre 6,2024-06-15,2024-09-07,dropped_out,51.4,,,,,,,,,,,,,,
660,Ghaziabad,Uttar Pradesh,Female,SC,1992,1,Home Health Aide,Healthcare Support,Gautam Buddh Nagar Skill Centre 6,2024-06-15,2024-09-07,completed,51.3,CERT-660,not_placed,,,,,unverified,Pursuing further education,,,,,,
661,Gautam Buddh Nagar,Uttar Pradesh,Male,ST,1999,1,Home Health Aide,Healthcare Support,Gautam Buddh Nagar Skill Centre 6,2024-06-15,2024-09-07,completed,61.1,CERT-661,apprenticeship,Healthcare Support Associate,Healthcare Support,Parmer LLC,2024-09-17,unverified,,active,,12300.0,12900.0,12900.0,12800.0
662,Gautam Buddh Nagar,Uttar Pradesh,Male,General,2005,1,Home Health Aide,Healthcare Support,Gautam Buddh Nagar Skill Centre 6,2024-06-15,2024-09-07,completed,83.4,CERT-662,not_placed,,,,,unverified,No suitable openings in area,,,,,,
663,Faridabad,Haryana,Other,SC,2002,1,Home Health Aide,Healthcare Support,Gautam Buddh Nagar Skill Centre 6,2024-06-15,2024-09-07,completed,97.2,CERT-663,wage_employment,Healthcare Support Associate,Healthcare Support,Parmer LLC,2024-11-08,confirmed,,active,,14400.0,15400.0,16600.0,
664,Gurugram,Haryana,Other,ST,1993,1,Home Health Aide,Healthcare Support,Gautam Buddh Nagar Skill Centre 6,2024-06-15,2024-09-07,completed,68.9,CERT-664,not_placed,,,,,unverified,Wage offered too low,,,,,,
665,Jaipur,Rajasthan,Male,General,2000,1,Home Health Aide,Healthcare Support,Gautam Buddh Nagar Skill Centre 6,2024-06-15,2024-09-07,completed,96.3,CERT-665,wage_employment,Healthcare Support Helper (low-relevance role),Healthcare Support,Ahuja-Dutta,2024-09-12,unverified,,active,,11900.0,12700.0,12900.0,
666,Jaipur,Rajasthan,Male,ST,1990,1,Home Health Aide,Healthcare Support,Gautam Buddh Nagar Skill Centre 6,2024-06-15,2024-09-07,completed,82.0,CERT-666,wage_employment,Healthcare Support Helper (low-relevance role),Healthcare Support,Parmer LLC,2024-10-29,unverified,,active,,11200.0,11700.0,12200.0,12700.0
667,Ghaziabad,Uttar Pradesh,Male,SC,1996,1,Home Health Aide,Healthcare Support,Gautam Buddh Nagar Skill Centre 6,2024-06-15,2024-09-07,completed,70.3,CERT-667,not_placed,,,,,unverified,Pursuing further education,,,,,,
668,Jaipur,Rajasthan,Female,General,2003,1,Home Health Aide,Healthcare Support,Gautam Buddh Nagar Skill Centre 6,2024-06-15,2024-09-07,completed,52.8,CERT-668,self_employment,Healthcare Support Associate,Healthcare Support,,2024-09-13,confirmed,,active,,12300.0,13000.0,13300.0,14200.0
669,Gautam Buddh Nagar,Uttar Pradesh,Other,OBC,1994,1,Home Health Aide,Healthcare Support,Gautam Buddh Nagar Skill Centre 6,2024-06-15,2024-09-07,completed,52.7,CERT-669,not_placed,,,,,unverified,Job location too far / relocation not feasible,,,,,,
670,Gautam Buddh Nagar,Uttar Pradesh,Female,ST,1995,1,Home Health Aide,Healthcare Support,Gautam Buddh Nagar Skill Centre 6,2024-06-15,2024-09-07,completed,64.2,CERT-670,wage_employment,Healthcare Support Associate,Healthcare Support,Sen PLC,2024-11-06,confirmed,,active,,15700.0,17100.0,17400.0,18700.0
671,Gautam Buddh Nagar,Uttar Pradesh,Other,General,2003,1,Home Health Aide,Healthcare Support,Gautam Buddh Nagar Skill Centre 6,2024-06-15,2024-09-07,completed,74.8,CERT-671,not_placed,,,,,unverified,Felt underprepared / skill mismatch,,,,,,
672,Gautam Buddh Nagar,Uttar Pradesh,Male,ST,2001,1,Home Health Aide,Healthcare Support,Gautam Buddh Nagar Skill Centre 6,2024-06-15,2024-09-07,completed,79.5,CERT-672,not_placed,,,,,unverified,Job location too far / relocation not feasible,,,,,,
673,Jaipur,Rajasthan,Male,ST,2000,1,Home Health Aide,Healthcare Support,Gautam Buddh Nagar Skill Centre 6,2024-06-15,2024-09-07,completed,65.5,CERT-673,not_placed,,,,,unverified,Pursuing further education,,,,,,
674,Jaipur,Rajasthan,Male,SC,1994,1,Home Health Aide,Healthcare Support,Gautam Buddh Nagar Skill Centre 6,2024-06-15,2024-09-07,completed,71.0,CERT-674,wage_employment,Healthcare Support Associate,Healthcare Support,Parmer LLC,2024-09-20,confirmed,,active,,15500.0,16100.0,17300.0,18300.0
675,Gurugram,Haryana,Other,SC,1996,1,Home Health Aide,Healthcare Support,Gautam Buddh Nagar Skill Centre 6,2024-06-15,2024-09-07,completed,74.3,CERT-675,wage_employment,Healthcare Support Helper (low-relevance role),Healthcare Support,Chanda Group,2024-10-04,confirmed,,active,,12000.0,12600.0,13500.0,14300.0
676,Faridabad,Haryana,Male,General,2007,1,Home Health Aide,Healthcare Support,Gautam Buddh Nagar Skill Centre 6,2024-06-15,2024-09-07,dropped_out,88.0,,,,,,,,,,,,,,
677,Gurugram,Haryana,Male,SC,2005,1,Home Health Aide,Healthcare Support,Gautam Buddh Nagar Skill Centre 6,2024-06-15,2024-09-07,completed,67.3,CERT-677,apprenticeship,Healthcare Support Associate,Healthcare Support,Parmer LLC,2024-11-13,unverified,,active,,11900.0,13200.0,14200.0,15200.0
678,Gautam Buddh Nagar,Uttar Pradesh,Male,SC,1993,1,Home Health Aide,Healthcare Support,Gautam Buddh Nagar Skill Centre 6,2024-06-15,2024-09-07,completed,57.8,CERT-678,wage_employment,Healthcare Support Associate,Healthcare Support,"Sami, Oak and Mall",2024-11-21,confirmed,,active,,11900.0,12500.0,13200.0,14000.0
679,Jaipur,Rajasthan,Female,OBC,1995,1,Home Health Aide,Healthcare Support,Gautam Buddh Nagar Skill Centre 6,2024-06-15,2024-09-07,completed,45.2,CERT-679,not_placed,,,,,unverified,Job location too far / relocation not feasible,,,,,,
680,Jaipur,Rajasthan,Male,OBC,2002,1,Home Health Aide,Healthcare Support,Gautam Buddh Nagar Skill Centre 6,2024-06-15,2024-09-07,completed,89.9,CERT-680,wage_employment,Healthcare Support Associate,Healthcare Support,Ahuja-Dutta,2024-10-31,unverified,,active,,14400.0,15100.0,16000.0,
681,Gautam Buddh Nagar,Uttar Pradesh,Female,ST,2002,1,Retail Sales Associate,Retail,Gautam Buddh Nagar Skill Centre 6,2024-12-29,2025-03-23,completed,61.7,CERT-681,wage_employment,Retail Helper (low-relevance role),Retail,"Memon, Pathak and Handa",2025-04-26,disputed,,ended,Job did not match trained skillset,10300.0,,,
682,Faridabad,Haryana,Male,General,2004,1,Retail Sales Associate,Retail,Gautam Buddh Nagar Skill Centre 6,2024-12-29,2025-03-23,completed,63.5,CERT-682,apprenticeship,Retail Associate,Retail,"Memon, Pathak and Handa",2025-05-28,confirmed,,ended,Left due to low wage relative to workload,13900.0,15400.0,,
683,Faridabad,Haryana,Male,OBC,1994,1,Retail Sales Associate,Retail,Gautam Buddh Nagar Skill Centre 6,2024-12-29,2025-03-23,completed,59.8,CERT-683,not_placed,,,,,unverified,Wage offered too low,,,,,,
684,Gurugram,Haryana,Other,General,1995,1,Retail Sales Associate,Retail,Gautam Buddh Nagar Skill Centre 6,2024-12-29,2025-03-23,completed,49.9,CERT-684,self_employment,Retail Associate,Retail,,2025-04-19,confirmed,,active,,10900.0,11400.0,11800.0,12300.0
685,Ghaziabad,Uttar Pradesh,Male,OBC,1990,1,Retail Sales Associate,Retail,Gautam Buddh Nagar Skill Centre 6,2024-12-29,2025-03-23,completed,72.2,CERT-685,wage_employment,Retail Helper (low-relevance role),Retail,"Lalla, Bassi and Sharaf",2025-05-17,confirmed,,active,,13400.0,13400.0,14400.0,16100.0
686,Gurugram,Haryana,Other,ST,2004,1,Retail Sales Associate,Retail,Gautam Buddh Nagar Skill Centre 6,2024-12-29,2025-03-23,completed,65.9,CERT-686,wage_employment,Retail Associate,Retail,Buch-Kaul,2025-05-26,disputed,,active,,13400.0,14200.0,,
687,Gautam Buddh Nagar,Uttar Pradesh,Male,General,2001,1,Retail Sales Associate,Retail,Gautam Buddh Nagar Skill Centre 6,2024-12-29,2025-03-23,completed,66.9,CERT-687,wage_employment,Retail Helper (low-relevance role),Retail,"Memon, Pathak and Handa",2025-05-29,confirmed,,ended,Left due to low wage relative to workload,12600.0,13100.0,,
688,Faridabad,Haryana,Male,ST,1998,1,Retail Sales Associate,Retail,Gautam Buddh Nagar Skill Centre 6,2024-12-29,2025-03-23,completed,69.7,CERT-688,not_placed,,,,,unverified,Job location too far / relocation not feasible,,,,,,
689,Faridabad,Haryana,Female,OBC,1991,1,Retail Sales Associate,Retail,Gautam Buddh Nagar Skill Centre 6,2024-12-29,2025-03-23,completed,93.9,CERT-689,wage_employment,Retail Helper (low-relevance role),Retail,"Boase, Bath and Kari",2025-05-16,unverified,,active,,11200.0,12500.0,13200.0,
690,Gautam Buddh Nagar,Uttar Pradesh,Female,SC,1993,1,Retail Sales Associate,Retail,Gautam Buddh Nagar Skill Centre 6,2024-12-29,2025-03-23,dropped_out,72.0,,,,,,,,,,,,,,
691,Jaipur,Rajasthan,Female,ST,2001,1,Retail Sales Associate,Retail,Gautam Buddh Nagar Skill Centre 6,2024-12-29,2025-03-23,completed,87.3,CERT-691,wage_employment,Retail Associate,Retail,"Memon, Pathak and Handa",2025-05-14,confirmed,,active,,12100.0,12800.0,13800.0,15100.0
692,Ghaziabad,Uttar Pradesh,Female,General,1994,1,Retail Sales Associate,Retail,Gautam Buddh Nagar Skill Centre 6,2024-12-29,2025-03-23,completed,59.6,CERT-692,wage_employment,Retail Associate,Retail,"Lalla, Bassi and Sharaf",2025-04-14,confirmed,,ended,Left due to low wage relative to workload,11000.0,,,
693,Faridabad,Haryana,Female,ST,1992,1,Retail Sales Associate,Retail,Gautam Buddh Nagar Skill Centre 6,2024-12-29,2025-03-23,completed,53.8,CERT-693,not_placed,,,,,unverified,Wage offered too low,,,,,,
694,Faridabad,Haryana,Other,SC,2000,1,Retail Sales Associate,Retail,Gautam Buddh Nagar Skill Centre 6,2024-12-29,2025-03-23,completed,95.7,CERT-694,wage_employment,Retail Associate,Retail,Rai LLC,2025-05-09,unverified,,ended,Job did not match trained skillset,12700.0,13200.0,,
695,Jaipur,Rajasthan,Male,ST,1999,1,Retail Sales Associate,Retail,Gautam Buddh Nagar Skill Centre 6,2024-12-29,2025-03-23,dropped_out,76.4,,,,,,,,,,,,,,
696,Gurugram,Haryana,Female,OBC,1993,1,Retail Sales Associate,Retail,Gautam Buddh Nagar Skill Centre 6,2024-12-29,2025-03-23,completed,56.6,CERT-696,not_placed,,,,,unverified,Job location too far / relocation not feasible,,,,,,
697,Ghaziabad,Uttar Pradesh,Other,SC,1993,1,Retail Sales Associate,Retail,Gautam Buddh Nagar Skill Centre 6,2024-12-29,2025-03-23,completed,66.2,CERT-697,wage_employment,Retail Associate,Retail,"Dash, Radhakrishnan and Brar",2025-04-17,unverified,,active,,10200.0,10000.0,10900.0,11300.0
698,Ghaziabad,Uttar Pradesh,Female,OBC,1999,1,Retail Sales Associate,Retail,Gautam Buddh Nagar Skill Centre 6,2024-12-29,2025-03-23,completed,76.7,CERT-698,self_employment,Retail Associate,Retail,,2025-04-09,confirmed,,active,,12000.0,11900.0,11500.0,
699,Gurugram,Haryana,Other,General,2001,1,Retail Sales Associate,Retail,Gautam Buddh Nagar Skill Centre 6,2024-12-29,2025-03-23,dropped_out,92.3,,,,,,,,,,,,,,
700,Gurugram,Haryana,Female,General,1993,1,Retail Sales Associate,Retail,Gautam Buddh Nagar Skill Centre 6,2024-12-29,2025-03-23,completed,77.6,CERT-700,not_placed,,,,,unverified,Wage offered too low,,,,,,
701,Ghaziabad,Uttar Pradesh,Male,General,2002,1,Retail Sales Associate,Retail,Gautam Buddh Nagar Skill Centre 6,2024-12-29,2025-03-23,completed,60.4,CERT-701,not_placed,,,,,unverified,Wage offered too low,,,,,,
702,Jaipur,Rajasthan,Female,General,1999,1,Retail Sales Associate,Retail,Gautam Buddh Nagar Skill Centre 6,2024-12-29,2025-03-23,completed,90.2,CERT-702,self_employment,Retail Associate,Retail,,2025-06-01,unverified,,active,,12700.0,13600.0,14100.0,14400.0
703,Gurugram,Haryana,Female,ST,1996,1,Retail Sales Associate,Retail,Gautam Buddh Nagar Skill Centre 6,2024-12-29,2025-03-23,completed,53.2,CERT-703,wage_employment,Retail Associate,Retail,"Lalla, Bassi and Sharaf",2025-04-15,confirmed,,active,,12800.0,13700.0,13800.0,
704,Ghaziabad,Uttar Pradesh,Other,General,2005,1,Retail Sales Associate,Retail,Gautam Buddh Nagar Skill Centre 6,2024-12-29,2025-03-23,completed,65.7,CERT-704,wage_employment,Retail Helper (low-relevance role),Retail,"Memon, Pathak and Handa",2025-05-16,confirmed,,active,,13900.0,13700.0,14500.0,15400.0
705,Gurugram,Haryana,Female,ST,2003,1,Retail Sales Associate,Retail,Gautam Buddh Nagar Skill Centre 6,2024-12-29,2025-03-23,completed,62.7,CERT-705,wage_employment,Retail Associate,Retail,Buch-Kaul,2025-05-30,disputed,,active,,13100.0,13900.0,14300.0,14700.0
706,Jaipur,Rajasthan,Other,OBC,2002,1,Retail Sales Associate,Retail,Gautam Buddh Nagar Skill Centre 6,2024-12-29,2025-03-23,completed,95.3,CERT-706,not_placed,,,,,unverified,Job location too far / relocation not feasible,,,,,,
707,Jaipur,Rajasthan,Male,ST,2007,1,Retail Sales Associate,Retail,Gautam Buddh Nagar Skill Centre 6,2024-12-29,2025-03-23,dropped_out,62.6,,,,,,,,,,,,,,
708,Faridabad,Haryana,Male,ST,1992,1,Retail Sales Associate,Retail,Gautam Buddh Nagar Skill Centre 6,2024-12-29,2025-03-23,completed,93.4,CERT-708,not_placed,,,,,unverified,Wage offered too low,,,,,,
709,Gurugram,Haryana,Male,SC,1997,1,Retail Sales Associate,Retail,Gautam Buddh Nagar Skill Centre 6,2024-12-29,2025-03-23,completed,79.6,CERT-709,wage_employment,Retail Helper (low-relevance role),Retail,Buch-Kaul,2025-04-29,confirmed,,active,,10200.0,10300.0,10800.0,10400.0
710,Gurugram,Haryana,Male,OBC,1991,1,Retail Sales Associate,Retail,Gautam Buddh Nagar Skill Centre 6,2024-12-29,2025-03-23,completed,74.3,CERT-710,not_placed,,,,,unverified,Felt underprepared / skill mismatch,,,,,,
711,Faridabad,Haryana,Other,SC,2007,1,Retail Sales Associate,Retail,Gautam Buddh Nagar Skill Centre 6,2024-12-29,2025-03-23,completed,79.8,CERT-711,wage_employment,Retail Helper (low-relevance role),Retail,"Memon, Pathak and Handa",2025-04-28,unverified,,active,,13000.0,13400.0,13600.0,13700.0
712,Ghaziabad,Uttar Pradesh,Female,OBC,1993,1,Retail Sales Associate,Retail,Gautam Buddh Nagar Skill Centre 6,2024-12-29,2025-03-23,dropped_out,85.8,,,,,,,,,,,,,,
713,Gurugram,Haryana,Female,ST,1995,1,Retail Sales Associate,Retail,Gautam Buddh Nagar Skill Centre 6,2024-12-29,2025-03-23,completed,71.5,CERT-713,not_placed,,,,,unverified,Family responsibilities / not permitted to work,,,,,,
714,Jaipur,Rajasthan,Male,SC,1993,1,Retail Sales Associate,Retail,Gautam Buddh Nagar Skill Centre 6,2024-12-29,2025-03-23,completed,63.9,CERT-714,wage_employment,Retail Helper (low-relevance role),Retail,"Dash, Radhakrishnan and Brar",2025-06-05,unverified,,active,,13200.0,,,
715,Ghaziabad,Uttar Pradesh,Other,OBC,2006,1,Retail Sales Associate,Retail,Gautam Buddh Nagar Skill Centre 6,2024-12-29,2025-03-23,completed,94.0,CERT-715,not_placed,,,,,unverified,Wage offered too low,,,,,,
716,Faridabad,Haryana,Female,ST,2003,1,Retail Sales Associate,Retail,Gautam Buddh Nagar Skill Centre 6,2024-12-29,2025-03-23,completed,55.1,CERT-716,not_placed,,,,,unverified,Felt underprepared / skill mismatch,,,,,,
717,Gautam Buddh Nagar,Uttar Pradesh,Other,ST,1997,1,Retail Sales Associate,Retail,Gautam Buddh Nagar Skill Centre 6,2024-12-29,2025-03-23,completed,69.3,CERT-717,wage_employment,Retail Helper (low-relevance role),Retail,"Lalla, Bassi and Sharaf",2025-04-01,confirmed,,active,,13000.0,13500.0,,
718,Jaipur,Rajasthan,Female,OBC,2007,1,Retail Sales Associate,Retail,Gautam Buddh Nagar Skill Centre 6,2024-12-29,2025-03-23,completed,74.3,CERT-718,self_employment,Retail Helper (low-relevance role),Retail,,2025-04-12,unverified,,active,,13300.0,13800.0,14600.0,15500.0
719,Gautam Buddh Nagar,Uttar Pradesh,Male,General,2006,1,Retail Sales Associate,Retail,Gautam Buddh Nagar Skill Centre 6,2024-12-29,2025-03-23,completed,84.1,CERT-719,wage_employment,Retail Helper (low-relevance role),Retail,"Memon, Pathak and Handa",2025-05-08,confirmed,,active,,13900.0,14700.0,15500.0,16200.0
720,Gautam Buddh Nagar,Uttar Pradesh,Other,SC,2007,1,Retail Sales Associate,Retail,Gautam Buddh Nagar Skill Centre 6,2024-12-29,2025-03-23,completed,79.9,CERT-720,wage_employment,Retail Associate,Retail,"Lalla, Bassi and Sharaf",2025-05-06,unverified,,active,,10300.0,10600.0,10800.0,11600.0
721,Gautam Buddh Nagar,Uttar Pradesh,Female,OBC,2000,1,Retail Sales Associate,Retail,Gautam Buddh Nagar Skill Centre 6,2024-12-29,2025-03-23,completed,75.2,CERT-721,not_placed,,,,,unverified,Family responsibilities / not permitted to work,,,,,,
722,Gautam Buddh Nagar,Uttar Pradesh,Female,OBC,2005,1,Retail Sales Associate,Retail,Gautam Buddh Nagar Skill Centre 6,2024-12-29,2025-03-23,completed,95.7,CERT-722,not_placed,,,,,unverified,Family responsibilities / not permitted to work,,,,,,
723,Faridabad,Haryana,Other,SC,1990,1,Retail Sales Associate,Retail,Gautam Buddh Nagar Skill Centre 6,2024-12-29,2025-03-23,completed,83.7,CERT-723,not_placed,,,,,unverified,Job location too far / relocation not feasible,,,,,,
724,Ghaziabad,Uttar Pradesh,Male,OBC,1991,1,Retail Sales Associate,Retail,Gautam Buddh Nagar Skill Centre 6,2024-12-29,2025-03-23,completed,65.6,CERT-724,not_placed,,,,,unverified,Job location too far / relocation not feasible,,,,,,
725,Ghaziabad,Uttar Pradesh,Other,ST,2002,1,Retail Sales Associate,Retail,Gautam Buddh Nagar Skill Centre 6,2024-12-29,2025-03-23,completed,60.2,CERT-725,self_employment,Retail Helper (low-relevance role),Retail,,2025-04-12,unverified,,active,,10800.0,11000.0,11400.0,11700.0
726,Faridabad,Haryana,Female,SC,1994,1,Retail Sales Associate,Retail,Gautam Buddh Nagar Skill Centre 6,2024-12-29,2025-03-23,completed,75.5,CERT-726,not_placed,,,,,unverified,Pursuing further education,,,,,,
727,Gautam Buddh Nagar,Uttar Pradesh,Female,SC,2003,1,Retail Sales Associate,Retail,Gautam Buddh Nagar Skill Centre 6,2024-12-29,2025-03-23,completed,52.7,CERT-727,not_placed,,,,,unverified,Felt underprepared / skill mismatch,,,,,,
728,Gurugram,Haryana,Male,ST,2000,1,Retail Sales Associate,Retail,Gautam Buddh Nagar Skill Centre 6,2024-12-29,2025-03-23,completed,81.1,CERT-728,wage_employment,Retail Helper (low-relevance role),Retail,Rai LLC,2025-04-15,unverified,,ended,Moved to a better opportunity,11100.0,,,
729,Gautam Buddh Nagar,Uttar Pradesh,Other,SC,2004,1,Retail Sales Associate,Retail,Gautam Buddh Nagar Skill Centre 6,2024-12-29,2025-03-23,completed,50.9,CERT-729,wage_employment,Retail Associate,Retail,"Dash, Radhakrishnan and Brar",2025-05-21,unverified,,active,,11800.0,12600.0,13900.0,14700.0
730,Jaipur,Rajasthan,Other,OBC,2006,1,Retail Sales Associate,Retail,Gautam Buddh Nagar Skill Centre 6,2024-12-29,2025-03-23,completed,83.2,CERT-730,self_employment,Retail Helper (low-relevance role),Retail,,2025-05-01,unverified,,active,,10100.0,10500.0,11100.0,11300.0
731,Jaipur,Rajasthan,Female,General,1990,1,Retail Sales Associate,Retail,Gautam Buddh Nagar Skill Centre 6,2024-12-29,2025-03-23,completed,81.6,CERT-731,wage_employment,Retail Helper (low-relevance role),Retail,"Lalla, Bassi and Sharaf",2025-05-28,confirmed,,active,,13100.0,13200.0,13500.0,14300.0
732,Gurugram,Haryana,Female,SC,2005,1,Retail Sales Associate,Retail,Gautam Buddh Nagar Skill Centre 6,2024-12-29,2025-03-23,completed,67.8,CERT-732,self_employment,Retail Helper (low-relevance role),Retail,,2025-04-10,unverified,,active,,13500.0,14200.0,14700.0,15500.0
733,Faridabad,Haryana,Male,ST,1993,1,Retail Sales Associate,Retail,Gautam Buddh Nagar Skill Centre 6,2024-12-29,2025-03-23,completed,50.0,CERT-733,not_placed,,,,,unverified,Family responsibilities / not permitted to work,,,,,,
734,Gautam Buddh Nagar,Uttar Pradesh,Other,OBC,1998,1,Retail Sales Associate,Retail,Gautam Buddh Nagar Skill Centre 6,2024-12-29,2025-03-23,dropped_out,81.5,,,,,,,,,,,,,,
735,Jaipur,Rajasthan,Other,General,1995,1,Retail Sales Associate,Retail,Gautam Buddh Nagar Skill Centre 6,2024-12-29,2025-03-23,completed,70.9,CERT-735,not_placed,,,,,unverified,Felt underprepared / skill mismatch,,,,,,
736,Gurugram,Haryana,Female,OBC,1993,1,Retail Sales Associate,Retail,Gautam Buddh Nagar Skill Centre 6,2024-12-29,2025-03-23,completed,59.7,CERT-736,wage_employment,Retail Associate,Retail,"Memon, Pathak and Handa",2025-05-24,unverified,,active,,13900.0,14800.0,16200.0,
737,Gurugram,Haryana,Female,ST,2004,1,Retail Sales Associate,Retail,Gautam Buddh Nagar Skill Centre 6,2024-12-29,2025-03-23,completed,52.1,CERT-737,apprenticeship,Retail Helper (low-relevance role),Retail,"Dash, Radhakrishnan and Brar",2025-05-13,confirmed,,active,,10300.0,10200.0,10300.0,10000.0
738,Gautam Buddh Nagar,Uttar Pradesh,Female,OBC,2003,1,Retail Sales Associate,Retail,Gautam Buddh Nagar Skill Centre 6,2024-12-29,2025-03-23,completed,72.6,CERT-738,self_employment,Retail Associate,Retail,,2025-05-09,disputed,,active,,12400.0,12800.0,13400.0,13900.0
739,Jaipur,Rajasthan,Other,OBC,1993,1,Retail Sales Associate,Retail,Gautam Buddh Nagar Skill Centre 6,2024-12-29,2025-03-23,completed,57.2,CERT-739,not_placed,,,,,unverified,No suitable openings in area,,,,,,
740,Gautam Buddh Nagar,Uttar Pradesh,Male,ST,2007,1,Retail Sales Associate,Retail,Gautam Buddh Nagar Skill Centre 6,2024-12-29,2025-03-23,completed,75.8,CERT-740,not_placed,,,,,unverified,Wage offered too low,,,,,,
741,Jaipur,Rajasthan,Other,OBC,1995,1,Retail Sales Associate,Retail,Gautam Buddh Nagar Skill Centre 6,2024-12-29,2025-03-23,completed,57.7,CERT-741,self_employment,Retail Associate,Retail,,2025-06-05,unverified,,active,,11000.0,11300.0,12000.0,13200.0
742,Gautam Buddh Nagar,Uttar Pradesh,Other,General,2003,1,Retail Sales Associate,Retail,Gautam Buddh Nagar Skill Centre 6,2024-12-29,2025-03-23,completed,62.1,CERT-742,wage_employment,Retail Helper (low-relevance role),Retail,"Memon, Pathak and Handa",2025-03-31,confirmed,,active,,11300.0,11800.0,12800.0,
743,Gurugram,Haryana,Other,General,1991,1,Retail Sales Associate,Retail,Gautam Buddh Nagar Skill Centre 6,2024-12-29,2025-03-23,completed,97.4,CERT-743,self_employment,Retail Associate,Retail,,2025-05-31,unverified,,active,,12200.0,12700.0,13800.0,
744,Jaipur,Rajasthan,Male,ST,1991,1,Retail Sales Associate,Retail,Gautam Buddh Nagar Skill Centre 6,2024-12-29,2025-03-23,completed,71.9,CERT-744,wage_employment,Retail Helper (low-relevance role),Retail,"Lalla, Bassi and Sharaf",2025-03-28,confirmed,,active,,12900.0,12700.0,12000.0,
745,Gautam Buddh Nagar,Uttar Pradesh,Male,OBC,2001,1,Retail Sales Associate,Retail,Gautam Buddh Nagar Skill Centre 6,2024-12-29,2025-03-23,completed,64.9,CERT-745,self_employment,Retail Helper (low-relevance role),Retail,,2025-05-27,confirmed,,ended,Left due to low wage relative to workload,13400.0,14000.0,14500.0,
746,Gautam Buddh Nagar,Uttar Pradesh,Male,SC,1993,1,Retail Sales Associate,Retail,Gautam Buddh Nagar Skill Centre 6,2024-12-29,2025-03-23,completed,51.6,CERT-746,wage_employment,Retail Helper (low-relevance role),Retail,"Lalla, Bassi and Sharaf",2025-04-30,unverified,,active,,11900.0,12200.0,12500.0,12700.0
747,Gurugram,Haryana,Other,SC,1995,1,Retail Sales Associate,Retail,Gautam Buddh Nagar Skill Centre 6,2024-12-29,2025-03-23,completed,53.4,CERT-747,wage_employment,Retail Helper (low-relevance role),Retail,Rai LLC,2025-04-13,unverified,,active,,13800.0,14800.0,15100.0,15400.0
748,Ghaziabad,Uttar Pradesh,Female,SC,2002,1,Retail Sales Associate,Retail,Gautam Buddh Nagar Skill Centre 6,2024-12-29,2025-03-23,completed,81.2,CERT-748,apprenticeship,Retail Helper (low-relevance role),Retail,Rai LLC,2025-03-30,confirmed,,active,,12100.0,12200.0,12700.0,
749,Gurugram,Haryana,Other,OBC,2000,1,Retail Sales Associate,Retail,Faridabad Skill Centre 4,2024-09-30,2024-12-23,completed,89.1,CERT-749,self_employment,Retail Associate,Retail,,2025-01-01,confirmed,,active,,10900.0,11600.0,12600.0,13700.0
750,Faridabad,Haryana,Other,General,1993,1,Retail Sales Associate,Retail,Faridabad Skill Centre 4,2024-09-30,2024-12-23,completed,55.5,CERT-750,wage_employment,Retail Associate,Retail,"Dash, Radhakrishnan and Brar",2025-03-01,confirmed,,active,,10900.0,11300.0,11000.0,11100.0
751,Jaipur,Rajasthan,Female,General,2006,1,Retail Sales Associate,Retail,Faridabad Skill Centre 4,2024-09-30,2024-12-23,completed,56.1,CERT-751,self_employment,Retail Helper (low-relevance role),Retail,,2025-01-10,confirmed,,ended,Family circumstances changed,13400.0,,,
752,Faridabad,Haryana,Other,SC,1998,1,Retail Sales Associate,Retail,Faridabad Skill Centre 4,2024-09-30,2024-12-23,completed,76.6,CERT-752,not_placed,,,,,unverified,No suitable openings in area,,,,,,
753,Gautam Buddh Nagar,Uttar Pradesh,Male,SC,1996,1,Retail Sales Associate,Retail,Faridabad Skill Centre 4,2024-09-30,2024-12-23,completed,63.3,CERT-753,not_placed,,,,,unverified,Wage offered too low,,,,,,
754,Jaipur,Rajasthan,Female,SC,1992,1,Retail Sales Associate,Retail,Faridabad Skill Centre 4,2024-09-30,2024-12-23,completed,60.5,CERT-754,wage_employment,Retail Helper (low-relevance role),Retail,"Memon, Pathak and Handa",2024-12-31,confirmed,,active,,10600.0,10700.0,11000.0,
755,Gurugram,Haryana,Other,ST,1994,1,Retail Sales Associate,Retail,Faridabad Skill Centre 4,2024-09-30,2024-12-23,completed,47.3,CERT-755,wage_employment,Retail Associate,Retail,"Memon, Pathak and Handa",2025-01-27,confirmed,,active,,13200.0,14300.0,,
756,Ghaziabad,Uttar Pradesh,Other,OBC,1991,1,Retail Sales Associate,Retail,Faridabad Skill Centre 4,2024-09-30,2024-12-23,completed,66.1,CERT-756,not_placed,,,,,unverified,Felt underprepared / skill mismatch,,,,,,
757,Gautam Buddh Nagar,Uttar Pradesh,Female,ST,2002,1,Retail Sales Associate,Retail,Faridabad Skill Centre 4,2024-09-30,2024-12-23,dropped_out,94.8,,,,,,,,,,,,,,
758,Ghaziabad,Uttar Pradesh,Female,OBC,1993,1,Retail Sales Associate,Retail,Faridabad Skill Centre 4,2024-09-30,2024-12-23,completed,63.0,CERT-758,wage_employment,Retail Associate,Retail,Buch-Kaul,2025-01-20,confirmed,,active,,11900.0,12600.0,13400.0,14600.0
759,Ghaziabad,Uttar Pradesh,Male,OBC,2000,1,Retail Sales Associate,Retail,Faridabad Skill Centre 4,2024-09-30,2024-12-23,completed,80.4,CERT-759,self_employment,Retail Helper (low-relevance role),Retail,,2025-01-14,confirmed,,active,,12500.0,13700.0,,
760,Jaipur,Rajasthan,Male,SC,1992,1,Retail Sales Associate,Retail,Faridabad Skill Centre 4,2024-09-30,2024-12-23,completed,94.6,CERT-760,not_placed,,,,,unverified,Job location too far / relocation not feasible,,,,,,
761,Gurugram,Haryana,Male,ST,1995,1,Retail Sales Associate,Retail,Faridabad Skill Centre 4,2024-09-30,2024-12-23,completed,75.4,CERT-761,self_employment,Retail Helper (low-relevance role),Retail,,2025-02-03,unverified,,active,,11200.0,11100.0,12100.0,11900.0
762,Ghaziabad,Uttar Pradesh,Female,OBC,1996,1,Retail Sales Associate,Retail,Faridabad Skill Centre 4,2024-09-30,2024-12-23,completed,87.8,CERT-762,self_employment,Retail Helper (low-relevance role),Retail,,2025-02-21,confirmed,,ended,Commute / relocation issues,12800.0,13000.0,,
763,Gurugram,Haryana,Other,OBC,2007,1,Retail Sales Associate,Retail,Faridabad Skill Centre 4,2024-09-30,2024-12-23,completed,56.7,CERT-763,not_placed,,,,,unverified,Family responsibilities / not permitted to work,,,,,,
764,Gurugram,Haryana,Other,OBC,1997,1,Retail Sales Associate,Retail,Faridabad Skill Centre 4,2024-09-30,2024-12-23,completed,74.7,CERT-764,self_employment,Retail Helper (low-relevance role),Retail,,2025-02-02,unverified,,active,,10500.0,10700.0,,
765,Jaipur,Rajasthan,Other,OBC,2001,1,Retail Sales Associate,Retail,Faridabad Skill Centre 4,2024-09-30,2024-12-23,completed,59.1,CERT-765,not_placed,,,,,unverified,Job location too far / relocation not feasible,,,,,,
766,Faridabad,Haryana,Male,General,2001,1,Retail Sales Associate,Retail,Faridabad Skill Centre 4,2024-09-30,2024-12-23,completed,56.5,CERT-766,self_employment,Retail Associate,Retail,,2025-01-09,unverified,,active,,11300.0,12300.0,13400.0,13900.0
767,Ghaziabad,Uttar Pradesh,Female,General,2005,1,Retail Sales Associate,Retail,Faridabad Skill Centre 4,2024-09-30,2024-12-23,dropped_out,90.2,,,,,,,,,,,,,,
768,Faridabad,Haryana,Male,General,2002,1,Retail Sales Associate,Retail,Faridabad Skill Centre 4,2024-09-30,2024-12-23,completed,51.2,CERT-768,not_placed,,,,,unverified,Job location too far / relocation not feasible,,,,,,
769,Ghaziabad,Uttar Pradesh,Female,OBC,1992,1,Retail Sales Associate,Retail,Faridabad Skill Centre 4,2024-09-30,2024-12-23,completed,62.7,CERT-769,not_placed,,,,,unverified,Felt underprepared / skill mismatch,,,,,,
770,Gautam Buddh Nagar,Uttar Pradesh,Male,General,1992,1,Retail Sales Associate,Retail,Faridabad Skill Centre 4,2024-09-30,2024-12-23,completed,59.8,CERT-770,wage_employment,Retail Associate,Retail,Rai LLC,2025-02-07,confirmed,,active,,13800.0,14900.0,15800.0,17700.0
771,Faridabad,Haryana,Other,OBC,2003,1,Retail Sales Associate,Retail,Faridabad Skill Centre 4,2024-09-30,2024-12-23,completed,63.3,CERT-771,wage_employment,Retail Associate,Retail,"Boase, Bath and Kari",2025-02-26,unverified,,ended,Workplace conditions / employer issues,13700.0,,,
772,Gurugram,Haryana,Female,OBC,1992,1,Retail Sales Associate,Retail,Faridabad Skill Centre 4,2024-09-30,2024-12-23,completed,57.3,CERT-772,not_placed,,,,,unverified,No suitable openings in area,,,,,,
773,Gurugram,Haryana,Other,OBC,2001,1,Retail Sales Associate,Retail,Faridabad Skill Centre 4,2024-09-30,2024-12-23,completed,93.5,CERT-773,wage_employment,Retail Associate,Retail,"Lalla, Bassi and Sharaf",2025-02-25,unverified,,active,,10700.0,11300.0,11700.0,12700.0
774,Faridabad,Haryana,Other,SC,1992,1,Retail Sales Associate,Retail,Faridabad Skill Centre 4,2024-09-30,2024-12-23,completed,76.4,CERT-774,not_placed,,,,,unverified,Wage offered too low,,,,,,
775,Jaipur,Rajasthan,Female,OBC,2000,1,Retail Sales Associate,Retail,Faridabad Skill Centre 4,2024-09-30,2024-12-23,completed,60.6,CERT-775,self_employment,Retail Helper (low-relevance role),Retail,,2025-02-21,confirmed,,active,,13300.0,15100.0,15100.0,
776,Ghaziabad,Uttar Pradesh,Male,OBC,1992,1,Retail Sales Associate,Retail,Faridabad Skill Centre 4,2024-09-30,2024-12-23,completed,55.2,CERT-776,apprenticeship,Retail Helper (low-relevance role),Retail,"Dash, Radhakrishnan and Brar",2025-03-07,confirmed,,active,,11800.0,12400.0,13600.0,
777,Faridabad,Haryana,Male,OBC,1990,1,Retail Sales Associate,Retail,Faridabad Skill Centre 4,2024-09-30,2024-12-23,completed,68.8,CERT-777,not_placed,,,,,unverified,Job location too far / relocation not feasible,,,,,,
778,Jaipur,Rajasthan,Other,ST,2007,1,Retail Sales Associate,Retail,Faridabad Skill Centre 4,2024-09-30,2024-12-23,completed,94.1,CERT-778,wage_employment,Retail Associate,Retail,"Lalla, Bassi and Sharaf",2025-02-17,unverified,,active,,10000.0,10200.0,10600.0,11300.0
779,Gurugram,Haryana,Male,General,2007,1,Retail Sales Associate,Retail,Faridabad Skill Centre 4,2024-09-30,2024-12-23,completed,66.5,CERT-779,wage_employment,Retail Associate,Retail,Rai LLC,2025-01-19,confirmed,,active,,13800.0,14700.0,14700.0,15200.0
780,Gurugram,Haryana,Other,OBC,1991,1,Retail Sales Associate,Retail,Faridabad Skill Centre 4,2024-09-30,2024-12-23,completed,73.7,CERT-780,not_placed,,,,,unverified,Family responsibilities / not permitted to work,,,,,,
781,Gurugram,Haryana,Male,OBC,2006,1,Retail Sales Associate,Retail,Faridabad Skill Centre 4,2024-09-30,2024-12-23,completed,77.1,CERT-781,not_placed,,,,,unverified,Family responsibilities / not permitted to work,,,,,,
782,Jaipur,Rajasthan,Other,General,1992,1,Retail Sales Associate,Retail,Faridabad Skill Centre 4,2024-09-30,2024-12-23,completed,68.9,CERT-782,wage_employment,Retail Associate,Retail,"Lalla, Bassi and Sharaf",2025-02-22,confirmed,,active,,12200.0,13300.0,14500.0,15600.0
783,Faridabad,Haryana,Other,OBC,2002,1,Retail Sales Associate,Retail,Faridabad Skill Centre 4,2024-09-30,2024-12-23,completed,75.5,CERT-783,wage_employment,Retail Helper (low-relevance role),Retail,"Dash, Radhakrishnan and Brar",2025-01-13,confirmed,,ended,Family circumstances changed,12100.0,,,
784,Gurugram,Haryana,Other,SC,1991,1,Retail Sales Associate,Retail,Faridabad Skill Centre 4,2024-09-30,2024-12-23,completed,80.2,CERT-784,not_placed,,,,,unverified,Felt underprepared / skill mismatch,,,,,,
785,Faridabad,Haryana,Other,SC,2002,1,Retail Sales Associate,Retail,Faridabad Skill Centre 4,2024-09-30,2024-12-23,completed,75.2,CERT-785,wage_employment,Retail Associate,Retail,"Memon, Pathak and Handa",2025-03-07,confirmed,,active,,10700.0,11100.0,11800.0,12300.0
786,Ghaziabad,Uttar Pradesh,Other,General,1996,1,Retail Sales Associate,Retail,Faridabad Skill Centre 4,2024-09-30,2024-12-23,completed,53.7,CERT-786,self_employment,Retail Helper (low-relevance role),Retail,,2025-02-07,confirmed,,active,,13700.0,13300.0,14400.0,14800.0
787,Jaipur,Rajasthan,Other,ST,1993,1,Retail Sales Associate,Retail,Faridabad Skill Centre 4,2024-09-30,2024-12-23,completed,46.4,CERT-787,not_placed,,,,,unverified,Family responsibilities / not permitted to work,,,,,,
788,Faridabad,Haryana,Male,General,2007,1,Retail Sales Associate,Retail,Faridabad Skill Centre 4,2024-09-30,2024-12-23,completed,85.1,CERT-788,not_placed,,,,,unverified,Job location too far / relocation not feasible,,,,,,
789,Gurugram,Haryana,Female,OBC,1997,1,Retail Sales Associate,Retail,Faridabad Skill Centre 4,2024-09-30,2024-12-23,completed,78.0,CERT-789,not_placed,,,,,unverified,No suitable openings in area,,,,,,
790,Jaipur,Rajasthan,Female,ST,1992,1,Retail Sales Associate,Retail,Faridabad Skill Centre 4,2024-09-30,2024-12-23,completed,53.7,CERT-790,self_employment,Retail Helper (low-relevance role),Retail,,2025-02-08,unverified,,active,,10300.0,10900.0,11500.0,12000.0
791,Jaipur,Rajasthan,Female,ST,1993,1,Retail Sales Associate,Retail,Faridabad Skill Centre 4,2024-09-30,2024-12-23,completed,61.8,CERT-791,wage_employment,Retail Associate,Retail,"Dash, Radhakrishnan and Brar",2025-01-10,confirmed,,ended,Commute / relocation issues,10700.0,11700.0,12300.0,
792,Ghaziabad,Uttar Pradesh,Other,SC,2006,1,Retail Sales Associate,Retail,Faridabad Skill Centre 4,2024-09-30,2024-12-23,completed,92.2,CERT-792,not_placed,,,,,unverified,Family responsibilities / not permitted to work,,,,,,
793,Faridabad,Haryana,Female,SC,2003,1,Retail Sales Associate,Retail,Faridabad Skill Centre 4,2024-09-30,2024-12-23,completed,75.9,CERT-793,self_employment,Retail Helper (low-relevance role),Retail,,2025-03-06,confirmed,,active,,12000.0,12600.0,12800.0,13400.0
794,Jaipur,Rajasthan,Male,General,1994,1,Retail Sales Associate,Retail,Faridabad Skill Centre 4,2024-09-30,2024-12-23,completed,88.1,CERT-794,wage_employment,Retail Helper (low-relevance role),Retail,"Dash, Radhakrishnan and Brar",2024-12-28,unverified,,active,,12600.0,13100.0,14000.0,
795,Gautam Buddh Nagar,Uttar Pradesh,Male,ST,2000,1,Retail Sales Associate,Retail,Faridabad Skill Centre 4,2024-09-30,2024-12-23,dropped_out,55.8,,,,,,,,,,,,,,
796,Faridabad,Haryana,Other,OBC,2007,1,Retail Sales Associate,Retail,Faridabad Skill Centre 4,2024-09-30,2024-12-23,completed,60.0,CERT-796,wage_employment,Retail Helper (low-relevance role),Retail,Buch-Kaul,2025-02-15,confirmed,,active,,13900.0,13600.0,14400.0,15600.0
797,Gurugram,Haryana,Female,General,1999,1,Retail Sales Associate,Retail,Faridabad Skill Centre 4,2024-09-30,2024-12-23,completed,87.7,CERT-797,wage_employment,Retail Helper (low-relevance role),Retail,"Lalla, Bassi and Sharaf",2025-01-14,confirmed,,active,,12400.0,12400.0,12400.0,12900.0
798,Jaipur,Rajasthan,Male,ST,1995,1,Retail Sales Associate,Retail,Faridabad Skill Centre 4,2024-09-30,2024-12-23,completed,49.6,CERT-798,self_employment,Retail Associate,Retail,,2025-02-10,confirmed,,active,,11500.0,11600.0,12700.0,12500.0
799,Gautam Buddh Nagar,Uttar Pradesh,Female,OBC,2002,1,Retail Sales Associate,Retail,Faridabad Skill Centre 4,2024-09-30,2024-12-23,completed,95.9,CERT-799,not_placed,,,,,unverified,Wage offered too low,,,,,,
800,Faridabad,Haryana,Female,ST,1996,1,Retail Sales Associate,Retail,Faridabad Skill Centre 4,2024-09-30,2024-12-23,completed,83.6,CERT-800,not_placed,,,,,unverified,Pursuing further education,,,,,,
801,Ghaziabad,Uttar Pradesh,Male,OBC,1990,1,Retail Sales Associate,Retail,Faridabad Skill Centre 4,2024-09-30,2024-12-23,completed,75.6,CERT-801,wage_employment,Retail Associate,Retail,Rai LLC,2025-02-18,unverified,,active,,11300.0,11700.0,12700.0,13600.0
802,Gurugram,Haryana,Male,General,1998,1,Retail Sales Associate,Retail,Faridabad Skill Centre 4,2024-09-30,2024-12-23,completed,79.2,CERT-802,not_placed,,,,,unverified,No suitable openings in area,,,,,,
803,Ghaziabad,Uttar Pradesh,Male,SC,1995,1,Retail Sales Associate,Retail,Faridabad Skill Centre 4,2024-09-30,2024-12-23,completed,46.0,CERT-803,self_employment,Retail Helper (low-relevance role),Retail,,2025-03-01,unverified,,active,,11800.0,12000.0,,
804,Ghaziabad,Uttar Pradesh,Other,ST,2004,1,Retail Sales Associate,Retail,Faridabad Skill Centre 4,2024-09-30,2024-12-23,completed,56.4,CERT-804,not_placed,,,,,unverified,Felt underprepared / skill mismatch,,,,,,
805,Ghaziabad,Uttar Pradesh,Other,OBC,2007,1,Retail Sales Associate,Retail,Faridabad Skill Centre 4,2024-09-30,2024-12-23,completed,46.5,CERT-805,not_placed,,,,,unverified,Health-related reasons,,,,,,
806,Ghaziabad,Uttar Pradesh,Male,General,2001,1,Retail Sales Associate,Retail,Faridabad Skill Centre 4,2024-09-30,2024-12-23,completed,54.2,CERT-806,not_placed,,,,,unverified,Wage offered too low,,,,,,
807,Jaipur,Rajasthan,Other,ST,2005,1,Retail Sales Associate,Retail,Faridabad Skill Centre 4,2024-09-30,2024-12-23,completed,71.8,CERT-807,wage_employment,Retail Helper (low-relevance role),Retail,"Dash, Radhakrishnan and Brar",2025-02-13,unverified,,active,,12100.0,13200.0,,
808,Gurugram,Haryana,Male,General,1997,1,Retail Sales Associate,Retail,Faridabad Skill Centre 4,2024-09-30,2024-12-23,completed,90.3,CERT-808,wage_employment,Retail Helper (low-relevance role),Retail,"Lalla, Bassi and Sharaf",2025-02-10,unverified,,active,,13500.0,14600.0,15600.0,16400.0
809,Jaipur,Rajasthan,Female,OBC,1996,1,Retail Sales Associate,Retail,Faridabad Skill Centre 4,2024-09-30,2024-12-23,completed,75.6,CERT-809,not_placed,,,,,unverified,Wage offered too low,,,,,,
810,Jaipur,Rajasthan,Female,General,2005,1,Retail Sales Associate,Retail,Faridabad Skill Centre 4,2024-09-30,2024-12-23,completed,47.6,CERT-810,wage_employment,Retail Associate,Retail,"Dash, Radhakrishnan and Brar",2025-01-17,confirmed,,active,,12600.0,13300.0,,
811,Ghaziabad,Uttar Pradesh,Female,General,1991,1,Retail Sales Associate,Retail,Faridabad Skill Centre 4,2024-09-30,2024-12-23,completed,83.3,CERT-811,not_placed,,,,,unverified,No suitable openings in area,,,,,,
812,Faridabad,Haryana,Female,OBC,1997,1,Retail Sales Associate,Retail,Faridabad Skill Centre 4,2024-09-30,2024-12-23,dropped_out,75.3,,,,,,,,,,,,,,
813,Faridabad,Haryana,Male,OBC,2002,1,Retail Sales Associate,Retail,Faridabad Skill Centre 4,2024-09-30,2024-12-23,completed,80.0,CERT-813,self_employment,Retail Helper (low-relevance role),Retail,,2025-02-04,unverified,,ended,Family circumstances changed,11100.0,11400.0,,
814,Ghaziabad,Uttar Pradesh,Other,SC,1994,1,Retail Sales Associate,Retail,Faridabad Skill Centre 4,2024-09-30,2024-12-23,completed,45.9,CERT-814,not_placed,,,,,unverified,Wage offered too low,,,,,,
815,Gurugram,Haryana,Other,ST,2001,1,Retail Sales Associate,Retail,Faridabad Skill Centre 4,2024-09-30,2024-12-23,completed,48.5,CERT-815,not_placed,,,,,unverified,Pursuing further education,,,,,,
816,Ghaziabad,Uttar Pradesh,Female,ST,2001,1,Retail Sales Associate,Retail,Faridabad Skill Centre 4,2024-09-30,2024-12-23,completed,86.1,CERT-816,wage_employment,Retail Helper (low-relevance role),Retail,"Dash, Radhakrishnan and Brar",2025-02-01,confirmed,,active,,12200.0,13100.0,14100.0,
817,Faridabad,Haryana,Male,General,1991,1,Inventory & POS Operations,Retail,Ghaziabad Skill Centre 2,2024-06-24,2024-09-16,completed,53.6,CERT-817,wage_employment,Retail Helper (low-relevance role),Retail,"Lalla, Bassi and Sharaf",2024-10-12,unverified,,active,,12400.0,12800.0,13600.0,14400.0
818,Gautam Buddh Nagar,Uttar Pradesh,Other,SC,1997,1,Inventory & POS Operations,Retail,Ghaziabad Skill Centre 2,2024-06-24,2024-09-16,dropped_out,48.1,,,,,,,,,,,,,,
819,Gautam Buddh Nagar,Uttar Pradesh,Male,ST,2001,1,Inventory & POS Operations,Retail,Ghaziabad Skill Centre 2,2024-06-24,2024-09-16,completed,85.7,CERT-819,wage_employment,Retail Helper (low-relevance role),Retail,"Memon, Pathak and Handa",2024-09-29,unverified,,active,,11700.0,12500.0,12800.0,
820,Gautam Buddh Nagar,Uttar Pradesh,Female,General,2006,1,Inventory & POS Operations,Retail,Ghaziabad Skill Centre 2,2024-06-24,2024-09-16,completed,87.7,CERT-820,not_placed,,,,,unverified,Job location too far / relocation not feasible,,,,,,
821,Ghaziabad,Uttar Pradesh,Male,ST,1993,1,Inventory & POS Operations,Retail,Ghaziabad Skill Centre 2,2024-06-24,2024-09-16,completed,95.0,CERT-821,wage_employment,Retail Helper (low-relevance role),Retail,"Lalla, Bassi and Sharaf",2024-11-29,confirmed,,active,,11800.0,12200.0,,
822,Gautam Buddh Nagar,Uttar Pradesh,Male,General,2003,1,Inventory & POS Operations,Retail,Ghaziabad Skill Centre 2,2024-06-24,2024-09-16,completed,69.5,CERT-822,wage_employment,Retail Helper (low-relevance role),Retail,"Lalla, Bassi and Sharaf",2024-10-27,confirmed,,active,,10800.0,11200.0,11700.0,11800.0
823,Jaipur,Rajasthan,Male,OBC,1990,1,Inventory & POS Operations,Retail,Ghaziabad Skill Centre 2,2024-06-24,2024-09-16,completed,87.6,CERT-823,not_placed,,,,,unverified,Family responsibilities / not permitted to work,,,,,,
824,Ghaziabad,Uttar Pradesh,Male,ST,2004,1,Inventory & POS Operations,Retail,Ghaziabad Skill Centre 2,2024-06-24,2024-09-16,completed,68.2,CERT-824,wage_employment,Retail Helper (low-relevance role),Retail,"Lalla, Bassi and Sharaf",2024-11-27,confirmed,,active,,11900.0,12100.0,12700.0,
825,Gautam Buddh Nagar,Uttar Pradesh,Other,ST,2004,1,Inventory & POS Operations,Retail,Ghaziabad Skill Centre 2,2024-06-24,2024-09-16,completed,51.6,CERT-825,wage_employment,Retail Helper (low-relevance role),Retail,Rai LLC,2024-10-24,unverified,,active,,12300.0,12500.0,12700.0,12600.0
826,Gautam Buddh Nagar,Uttar Pradesh,Other,ST,1999,1,Inventory & POS Operations,Retail,Ghaziabad Skill Centre 2,2024-06-24,2024-09-16,completed,65.9,CERT-826,not_placed,,,,,unverified,Health-related reasons,,,,,,
827,Ghaziabad,Uttar Pradesh,Female,ST,1992,1,Inventory & POS Operations,Retail,Ghaziabad Skill Centre 2,2024-06-24,2024-09-16,completed,81.3,CERT-827,not_placed,,,,,unverified,Job location too far / relocation not feasible,,,,,,
828,Jaipur,Rajasthan,Female,ST,1999,1,Inventory & POS Operations,Retail,Ghaziabad Skill Centre 2,2024-06-24,2024-09-16,completed,95.6,CERT-828,wage_employment,Retail Helper (low-relevance role),Retail,"Lalla, Bassi and Sharaf",2024-11-22,confirmed,,ended,Moved to a better opportunity,11700.0,12200.0,12500.0,
829,Gurugram,Haryana,Male,OBC,1995,1,Inventory & POS Operations,Retail,Ghaziabad Skill Centre 2,2024-06-24,2024-09-16,dropped_out,69.8,,,,,,,,,,,,,,
830,Jaipur,Rajasthan,Other,OBC,2004,1,Inventory & POS Operations,Retail,Ghaziabad Skill Centre 2,2024-06-24,2024-09-16,completed,66.8,CERT-830,not_placed,,,,,unverified,Pursuing further education,,,,,,
831,Gautam Buddh Nagar,Uttar Pradesh,Female,General,1998,1,Inventory & POS Operations,Retail,Ghaziabad Skill Centre 2,2024-06-24,2024-09-16,completed,81.3,CERT-831,not_placed,,,,,unverified,Family responsibilities / not permitted to work,,,,,,
832,Jaipur,Rajasthan,Other,ST,2006,1,Inventory & POS Operations,Retail,Ghaziabad Skill Centre 2,2024-06-24,2024-09-16,completed,92.6,CERT-832,wage_employment,Retail Helper (low-relevance role),Retail,"Lalla, Bassi and Sharaf",2024-11-28,unverified,,active,,13300.0,14600.0,14800.0,
833,Gurugram,Haryana,Other,OBC,2006,1,Inventory & POS Operations,Retail,Ghaziabad Skill Centre 2,2024-06-24,2024-09-16,completed,68.3,CERT-833,wage_employment,Retail Associate,Retail,"Lalla, Bassi and Sharaf",2024-11-29,confirmed,,active,,11900.0,13000.0,,
834,Jaipur,Rajasthan,Female,General,2002,1,Inventory & POS Operations,Retail,Ghaziabad Skill Centre 2,2024-06-24,2024-09-16,completed,72.1,CERT-834,self_employment,Retail Associate,Retail,,2024-10-25,confirmed,,ended,Left due to low wage relative to workload,11600.0,11700.0,,
835,Gautam Buddh Nagar,Uttar Pradesh,Female,ST,1998,1,Inventory & POS Operations,Retail,Ghaziabad Skill Centre 2,2024-06-24,2024-09-16,completed,67.6,CERT-835,wage_employment,Retail Helper (low-relevance role),Retail,"Dash, Radhakrishnan and Brar",2024-10-13,unverified,,active,,11500.0,11900.0,12500.0,
836,Faridabad,Haryana,Other,ST,1999,1,Inventory & POS Operations,Retail,Ghaziabad Skill Centre 2,2024-06-24,2024-09-16,completed,58.2,CERT-836,wage_employment,Retail Associate,Retail,"Lalla, Bassi and Sharaf",2024-10-25,confirmed,,active,,10000.0,11000.0,12300.0,12400.0
837,Ghaziabad,Uttar Pradesh,Other,ST,1998,1,Inventory & POS Operations,Retail,Ghaziabad Skill Centre 2,2024-06-24,2024-09-16,completed,71.6,CERT-837,not_placed,,,,,unverified,No suitable openings in area,,,,,,
838,Ghaziabad,Uttar Pradesh,Male,ST,1998,1,Inventory & POS Operations,Retail,Ghaziabad Skill Centre 2,2024-06-24,2024-09-16,completed,97.3,CERT-838,wage_employment,Retail Helper (low-relevance role),Retail,"Lalla, Bassi and Sharaf",2024-11-14,confirmed,,active,,10900.0,11400.0,11300.0,11700.0
839,Faridabad,Haryana,Male,OBC,1990,1,Inventory & POS Operations,Retail,Ghaziabad Skill Centre 2,2024-06-24,2024-09-16,completed,47.3,CERT-839,wage_employment,Retail Helper (low-relevance role),Retail,"Lalla, Bassi and Sharaf",2024-11-11,confirmed,,active,,11400.0,11600.0,12100.0,12700.0
840,Faridabad,Haryana,Other,General,2005,1,Inventory & POS Operations,Retail,Ghaziabad Skill Centre 2,2024-06-24,2024-09-16,completed,51.7,CERT-840,wage_employment,Retail Helper (low-relevance role),Retail,Buch-Kaul,2024-09-26,unverified,,ended,Left due to low wage relative to workload,11800.0,,,
841,Gautam Buddh Nagar,Uttar Pradesh,Male,OBC,1997,1,Inventory & POS Operations,Retail,Ghaziabad Skill Centre 2,2024-06-24,2024-09-16,completed,78.2,CERT-841,not_placed,,,,,unverified,Family responsibilities / not permitted to work,,,,,,
842,Jaipur,Rajasthan,Other,OBC,2007,1,Inventory & POS Operations,Retail,Ghaziabad Skill Centre 2,2024-06-24,2024-09-16,completed,75.8,CERT-842,not_placed,,,,,unverified,Family responsibilities / not permitted to work,,,,,,
843,Gurugram,Haryana,Male,SC,2006,1,Inventory & POS Operations,Retail,Ghaziabad Skill Centre 2,2024-06-24,2024-09-16,completed,90.9,CERT-843,wage_employment,Retail Associate,Retail,"Memon, Pathak and Handa",2024-09-27,unverified,,ended,Left due to low wage relative to workload,13100.0,14100.0,,
844,Faridabad,Haryana,Female,ST,1991,1,Inventory & POS Operations,Retail,Ghaziabad Skill Centre 2,2024-06-24,2024-09-16,completed,61.7,CERT-844,self_employment,Retail Associate,Retail,,2024-10-07,confirmed,,active,,10200.0,10900.0,11500.0,
845,Faridabad,Haryana,Other,ST,1998,1,Inventory & POS Operations,Retail,Ghaziabad Skill Centre 2,2024-06-24,2024-09-16,completed,66.8,CERT-845,wage_employment,Retail Associate,Retail,"Dash, Radhakrishnan and Brar",2024-09-22,unverified,,active,,11500.0,12400.0,12700.0,13500.0
846,Gurugram,Haryana,Male,ST,1998,1,Inventory & POS Operations,Retail,Ghaziabad Skill Centre 2,2024-06-24,2024-09-16,completed,90.3,CERT-846,wage_employment,Retail Helper (low-relevance role),Retail,Rai LLC,2024-10-28,confirmed,,ended,Family circumstances changed,12400.0,,,
847,Ghaziabad,Uttar Pradesh,Female,OBC,1993,1,Inventory & POS Operations,Retail,Ghaziabad Skill Centre 2,2024-06-24,2024-09-16,completed,96.1,CERT-847,not_placed,,,,,unverified,Job location too far / relocation not feasible,,,,,,
848,Faridabad,Haryana,Male,ST,2005,1,Inventory & POS Operations,Retail,Ghaziabad Skill Centre 2,2024-06-24,2024-09-16,completed,61.7,CERT-848,wage_employment,Retail Helper (low-relevance role),Retail,"Lalla, Bassi and Sharaf",2024-10-13,confirmed,,ended,Moved to a better opportunity,12100.0,,,
849,Faridabad,Haryana,Male,ST,2006,1,Inventory & POS Operations,Retail,Ghaziabad Skill Centre 2,2024-06-24,2024-09-16,completed,97.6,CERT-849,self_employment,Retail Associate,Retail,,2024-10-13,unverified,,active,,11100.0,12000.0,,
850,Gautam Buddh Nagar,Uttar Pradesh,Female,OBC,1995,1,Inventory & POS Operations,Retail,Ghaziabad Skill Centre 2,2024-06-24,2024-09-16,completed,57.1,CERT-850,not_placed,,,,,unverified,Job location too far / relocation not feasible,,,,,,
851,Ghaziabad,Uttar Pradesh,Male,ST,2003,1,Inventory & POS Operations,Retail,Ghaziabad Skill Centre 2,2024-06-24,2024-09-16,completed,73.2,CERT-851,wage_employment,Retail Helper (low-relevance role),Retail,Rai LLC,2024-10-12,confirmed,,active,,10700.0,11100.0,11800.0,
852,Gautam Buddh Nagar,Uttar Pradesh,Male,SC,2003,1,Inventory & POS Operations,Retail,Ghaziabad Skill Centre 2,2024-06-24,2024-09-16,completed,60.1,CERT-852,self_employment,Retail Helper (low-relevance role),Retail,,2024-10-16,confirmed,,active,,13900.0,14400.0,15700.0,16100.0
853,Ghaziabad,Uttar Pradesh,Other,SC,1997,1,Inventory & POS Operations,Retail,Ghaziabad Skill Centre 2,2024-06-24,2024-09-16,completed,81.0,CERT-853,wage_employment,Retail Helper (low-relevance role),Retail,"Dash, Radhakrishnan and Brar",2024-11-28,confirmed,,active,,10100.0,10600.0,11100.0,11300.0
854,Ghaziabad,Uttar Pradesh,Other,OBC,2000,1,Inventory & POS Operations,Retail,Ghaziabad Skill Centre 2,2024-06-24,2024-09-16,completed,92.4,CERT-854,wage_employment,Retail Associate,Retail,"Memon, Pathak and Handa",2024-09-22,unverified,,active,,11600.0,12400.0,13200.0,14200.0
855,Jaipur,Rajasthan,Other,SC,1996,1,Inventory & POS Operations,Retail,Ghaziabad Skill Centre 2,2024-06-24,2024-09-16,completed,70.2,CERT-855,not_placed,,,,,unverified,Job location too far / relocation not feasible,,,,,,
856,Jaipur,Rajasthan,Female,SC,1993,1,Inventory & POS Operations,Retail,Ghaziabad Skill Centre 2,2024-06-24,2024-09-16,completed,76.6,CERT-856,wage_employment,Retail Helper (low-relevance role),Retail,Buch-Kaul,2024-11-25,unverified,,ended,Moved to a better opportunity,12100.0,11900.0,12700.0,
857,Ghaziabad,Uttar Pradesh,Male,OBC,1998,1,Inventory & POS Operations,Retail,Ghaziabad Skill Centre 2,2024-06-24,2024-09-16,dropped_out,49.7,,,,,,,,,,,,,,
858,Jaipur,Rajasthan,Other,ST,2007,1,Inventory & POS Operations,Retail,Ghaziabad Skill Centre 2,2024-06-24,2024-09-16,completed,54.3,CERT-858,wage_employment,Retail Helper (low-relevance role),Retail,Buch-Kaul,2024-10-19,unverified,,active,,12300.0,12600.0,12700.0,
859,Ghaziabad,Uttar Pradesh,Other,General,2006,1,Inventory & POS Operations,Retail,Ghaziabad Skill Centre 2,2024-06-24,2024-09-16,completed,74.5,CERT-859,wage_employment,Retail Associate,Retail,"Lalla, Bassi and Sharaf",2024-10-05,unverified,,active,,11500.0,12100.0,12400.0,12600.0
860,Gautam Buddh Nagar,Uttar Pradesh,Female,SC,1999,1,Inventory & POS Operations,Retail,Ghaziabad Skill Centre 2,2024-06-24,2024-09-16,completed,49.9,CERT-860,self_employment,Retail Helper (low-relevance role),Retail,,2024-11-30,confirmed,,active,,10200.0,10900.0,11400.0,12100.0
861,Gautam Buddh Nagar,Uttar Pradesh,Female,General,1990,1,Inventory & POS Operations,Retail,Ghaziabad Skill Centre 2,2024-06-24,2024-09-16,completed,84.8,CERT-861,not_placed,,,,,unverified,Wage offered too low,,,,,,
862,Gurugram,Haryana,Other,ST,2000,1,Inventory & POS Operations,Retail,Ghaziabad Skill Centre 2,2024-06-24,2024-09-16,completed,49.0,CERT-862,self_employment,Retail Helper (low-relevance role),Retail,,2024-11-15,confirmed,,active,,10100.0,10700.0,,
863,Ghaziabad,Uttar Pradesh,Female,ST,1999,1,Inventory & POS Operations,Retail,Ghaziabad Skill Centre 2,2024-06-24,2024-09-16,completed,50.3,CERT-863,not_placed,,,,,unverified,No suitable openings in area,,,,,,
864,Jaipur,Rajasthan,Other,ST,1998,1,Inventory & POS Operations,Retail,Ghaziabad Skill Centre 2,2024-06-24,2024-09-16,dropped_out,77.6,,,,,,,,,,,,,,
865,Gurugram,Haryana,Female,ST,2007,1,Inventory & POS Operations,Retail,Ghaziabad Skill Centre 2,2024-06-24,2024-09-16,completed,55.7,CERT-865,wage_employment,Retail Associate,Retail,Rai LLC,2024-11-11,unverified,,active,,12200.0,13200.0,13300.0,14000.0
866,Faridabad,Haryana,Other,ST,1992,1,Inventory & POS Operations,Retail,Ghaziabad Skill Centre 2,2024-06-24,2024-09-16,completed,46.2,CERT-866,wage_employment,Retail Helper (low-relevance role),Retail,"Lalla, Bassi and Sharaf",2024-10-07,disputed,,active,,12500.0,13200.0,14600.0,
867,Gurugram,Haryana,Female,ST,1994,1,Inventory & POS Operations,Retail,Ghaziabad Skill Centre 2,2024-06-24,2024-09-16,completed,72.1,CERT-867,not_placed,,,,,unverified,Wage offered too low,,,,,,
868,Faridabad,Haryana,Male,General,2004,1,Inventory & POS Operations,Retail,Ghaziabad Skill Centre 2,2024-06-24,2024-09-16,completed,52.3,CERT-868,wage_employment,Retail Helper (low-relevance role),Retail,"Lalla, Bassi and Sharaf",2024-10-03,unverified,,active,,12900.0,13400.0,14200.0,
869,Gurugram,Haryana,Male,OBC,2001,1,Inventory & POS Operations,Retail,Ghaziabad Skill Centre 2,2024-06-24,2024-09-16,completed,74.3,CERT-869,not_placed,,,,,unverified,Job location too far / relocation not feasible,,,,,,
870,Gautam Buddh Nagar,Uttar Pradesh,Male,OBC,2000,1,Inventory & POS Operations,Retail,Ghaziabad Skill Centre 2,2024-06-24,2024-09-16,dropped_out,75.6,,,,,,,,,,,,,,
871,Ghaziabad,Uttar Pradesh,Male,General,2001,1,Inventory & POS Operations,Retail,Ghaziabad Skill Centre 2,2024-06-24,2024-09-16,completed,46.0,CERT-871,not_placed,,,,,unverified,Wage offered too low,,,,,,
872,Faridabad,Haryana,Other,SC,1997,1,Inventory & POS Operations,Retail,Ghaziabad Skill Centre 2,2024-06-24,2024-09-16,completed,95.4,CERT-872,wage_employment,Retail Associate,Retail,"Dash, Radhakrishnan and Brar",2024-10-26,confirmed,,active,,13500.0,13700.0,14800.0,15200.0
873,Faridabad,Haryana,Male,SC,1992,1,Inventory & POS Operations,Retail,Ghaziabad Skill Centre 2,2024-06-24,2024-09-16,dropped_out,48.5,,,,,,,,,,,,,,
874,Gurugram,Haryana,Other,General,2007,1,Inventory & POS Operations,Retail,Ghaziabad Skill Centre 2,2024-06-24,2024-09-16,completed,75.4,CERT-874,not_placed,,,,,unverified,Family responsibilities / not permitted to work,,,,,,
875,Faridabad,Haryana,Other,General,1993,1,Inventory & POS Operations,Retail,Ghaziabad Skill Centre 2,2024-06-24,2024-09-16,completed,67.7,CERT-875,not_placed,,,,,unverified,Wage offered too low,,,,,,
876,Gurugram,Haryana,Male,General,1997,1,Inventory & POS Operations,Retail,Ghaziabad Skill Centre 2,2024-06-24,2024-09-16,completed,52.2,CERT-876,wage_employment,Retail Helper (low-relevance role),Retail,"Boase, Bath and Kari",2024-10-31,confirmed,,active,,11200.0,11600.0,11700.0,12100.0
877,Jaipur,Rajasthan,Male,ST,1998,1,Inventory & POS Operations,Retail,Ghaziabad Skill Centre 2,2024-06-24,2024-09-16,completed,66.9,CERT-877,not_placed,,,,,unverified,No suitable openings in area,,,,,,
878,Jaipur,Rajasthan,Male,OBC,1994,1,Inventory & POS Operations,Retail,Ghaziabad Skill Centre 2,2024-06-24,2024-09-16,completed,88.0,CERT-878,apprenticeship,Retail Associate,Retail,Rai LLC,2024-09-30,confirmed,,active,,10300.0,10800.0,11300.0,12400.0
879,Gautam Buddh Nagar,Uttar Pradesh,Male,ST,2002,1,Inventory & POS Operations,Retail,Ghaziabad Skill Centre 2,2024-06-24,2024-09-16,dropped_out,67.8,,,,,,,,,,,,,,
880,Ghaziabad,Uttar Pradesh,Female,SC,2007,1,Inventory & POS Operations,Retail,Ghaziabad Skill Centre 2,2024-06-24,2024-09-16,completed,94.3,CERT-880,wage_employment,Retail Helper (low-relevance role),Retail,"Dash, Radhakrishnan and Brar",2024-10-31,disputed,,ended,Moved to a better opportunity,12200.0,,,
881,Faridabad,Haryana,Male,SC,2001,1,Inventory & POS Operations,Retail,Ghaziabad Skill Centre 2,2024-06-24,2024-09-16,completed,64.3,CERT-881,wage_employment,Retail Helper (low-relevance role),Retail,"Dash, Radhakrishnan and Brar",2024-09-22,unverified,,active,,11300.0,12700.0,13400.0,
882,Faridabad,Haryana,Male,General,2006,1,Inventory & POS Operations,Retail,Ghaziabad Skill Centre 2,2024-06-24,2024-09-16,completed,81.4,CERT-882,self_employment,Retail Helper (low-relevance role),Retail,,2024-11-16,unverified,,active,,12900.0,13300.0,14100.0,
883,Ghaziabad,Uttar Pradesh,Male,SC,1995,1,Inventory & POS Operations,Retail,Ghaziabad Skill Centre 2,2024-06-24,2024-09-16,completed,92.7,CERT-883,apprenticeship,Retail Helper (low-relevance role),Retail,"Lalla, Bassi and Sharaf",2024-10-11,unverified,,active,,11300.0,12100.0,12400.0,12800.0
884,Gautam Buddh Nagar,Uttar Pradesh,Other,OBC,2004,1,Inventory & POS Operations,Retail,Ghaziabad Skill Centre 2,2024-06-24,2024-09-16,completed,69.6,CERT-884,apprenticeship,Retail Helper (low-relevance role),Retail,Rai LLC,2024-11-06,unverified,,active,,10300.0,10200.0,,
885,Jaipur,Rajasthan,Female,SC,1993,1,Inventory & POS Operations,Retail,Faridabad Skill Centre 9,2024-09-07,2024-11-30,completed,94.7,CERT-885,not_placed,,,,,unverified,Job location too far / relocation not feasible,,,,,,
886,Jaipur,Rajasthan,Female,General,1999,1,Inventory & POS Operations,Retail,Faridabad Skill Centre 9,2024-09-07,2024-11-30,completed,78.2,CERT-886,not_placed,,,,,unverified,No suitable openings in area,,,,,,
887,Gurugram,Haryana,Other,SC,1995,1,Inventory & POS Operations,Retail,Faridabad Skill Centre 9,2024-09-07,2024-11-30,completed,84.8,CERT-887,not_placed,,,,,unverified,Pursuing further education,,,,,,
888,Gurugram,Haryana,Female,SC,1994,1,Inventory & POS Operations,Retail,Faridabad Skill Centre 9,2024-09-07,2024-11-30,completed,46.8,CERT-888,wage_employment,Retail Helper (low-relevance role),Retail,Buch-Kaul,2024-12-06,unverified,,active,,13800.0,14600.0,15200.0,15600.0
889,Ghaziabad,Uttar Pradesh,Other,SC,1996,1,Inventory & POS Operations,Retail,Faridabad Skill Centre 9,2024-09-07,2024-11-30,completed,82.0,CERT-889,not_placed,,,,,unverified,Felt underprepared / skill mismatch,,,,,,
890,Gautam Buddh Nagar,Uttar Pradesh,Male,ST,1990,1,Inventory & POS Operations,Retail,Faridabad Skill Centre 9,2024-09-07,2024-11-30,completed,85.2,CERT-890,not_placed,,,,,unverified,Job location too far / relocation not feasible,,,,,,
891,Gautam Buddh Nagar,Uttar Pradesh,Female,SC,1996,1,Inventory & POS Operations,Retail,Faridabad Skill Centre 9,2024-09-07,2024-11-30,completed,48.9,CERT-891,wage_employment,Retail Helper (low-relevance role),Retail,"Memon, Pathak and Handa",2024-12-21,unverified,,active,,11800.0,11900.0,12000.0,13100.0
892,Faridabad,Haryana,Male,OBC,1991,1,Inventory & POS Operations,Retail,Faridabad Skill Centre 9,2024-09-07,2024-11-30,dropped_out,85.5,,,,,,,,,,,,,,
893,Jaipur,Rajasthan,Male,SC,2007,1,Inventory & POS Operations,Retail,Faridabad Skill Centre 9,2024-09-07,2024-11-30,completed,53.0,CERT-893,not_placed,,,,,unverified,Wage offered too low,,,,,,
894,Faridabad,Haryana,Female,OBC,2004,1,Inventory & POS Operations,Retail,Faridabad Skill Centre 9,2024-09-07,2024-11-30,completed,45.3,CERT-894,not_placed,,,,,unverified,Job location too far / relocation not feasible,,,,,,
895,Faridabad,Haryana,Other,ST,2000,1,Inventory & POS Operations,Retail,Faridabad Skill Centre 9,2024-09-07,2024-11-30,completed,75.0,CERT-895,wage_employment,Retail Helper (low-relevance role),Retail,Rai LLC,2025-01-28,confirmed,,active,,13400.0,14000.0,14700.0,15900.0
896,Faridabad,Haryana,Female,SC,1993,1,Inventory & POS Operations,Retail,Faridabad Skill Centre 9,2024-09-07,2024-11-30,completed,57.0,CERT-896,not_placed,,,,,unverified,Wage offered too low,,,,,,
897,Ghaziabad,Uttar Pradesh,Other,OBC,2003,1,Inventory & POS Operations,Retail,Faridabad Skill Centre 9,2024-09-07,2024-11-30,completed,87.1,CERT-897,not_placed,,,,,unverified,Wage offered too low,,,,,,
898,Gurugram,Haryana,Female,ST,2006,1,Inventory & POS Operations,Retail,Faridabad Skill Centre 9,2024-09-07,2024-11-30,completed,81.4,CERT-898,wage_employment,Retail Helper (low-relevance role),Retail,"Lalla, Bassi and Sharaf",2025-02-07,confirmed,,active,,12200.0,12300.0,12600.0,13100.0
899,Faridabad,Haryana,Other,OBC,2007,1,Inventory & POS Operations,Retail,Faridabad Skill Centre 9,2024-09-07,2024-11-30,dropped_out,96.9,,,,,,,,,,,,,,
900,Jaipur,Rajasthan,Other,ST,1994,1,Inventory & POS Operations,Retail,Faridabad Skill Centre 9,2024-09-07,2024-11-30,completed,87.6,CERT-900,apprenticeship,Retail Helper (low-relevance role),Retail,"Memon, Pathak and Handa",2024-12-11,unverified,,ended,Job did not match trained skillset,13000.0,,,
901,Ghaziabad,Uttar Pradesh,Other,OBC,1994,1,Inventory & POS Operations,Retail,Faridabad Skill Centre 9,2024-09-07,2024-11-30,dropped_out,49.7,,,,,,,,,,,,,,
902,Gurugram,Haryana,Male,OBC,2005,1,Inventory & POS Operations,Retail,Faridabad Skill Centre 9,2024-09-07,2024-11-30,completed,94.0,CERT-902,not_placed,,,,,unverified,Pursuing further education,,,,,,
903,Gautam Buddh Nagar,Uttar Pradesh,Male,OBC,2003,1,Inventory & POS Operations,Retail,Faridabad Skill Centre 9,2024-09-07,2024-11-30,completed,80.7,CERT-903,not_placed,,,,,unverified,Pursuing further education,,,,,,
904,Ghaziabad,Uttar Pradesh,Other,OBC,1991,1,Inventory & POS Operations,Retail,Faridabad Skill Centre 9,2024-09-07,2024-11-30,completed,59.7,CERT-904,not_placed,,,,,unverified,Wage offered too low,,,,,,
905,Ghaziabad,Uttar Pradesh,Other,ST,1994,1,Inventory & POS Operations,Retail,Faridabad Skill Centre 9,2024-09-07,2024-11-30,completed,90.1,CERT-905,self_employment,Retail Helper (low-relevance role),Retail,,2025-01-05,unverified,,ended,Family circumstances changed,11700.0,12300.0,,
906,Jaipur,Rajasthan,Male,ST,1997,1,Inventory & POS Operations,Retail,Faridabad Skill Centre 9,2024-09-07,2024-11-30,completed,66.1,CERT-906,wage_employment,Retail Helper (low-relevance role),Retail,"Dash, Radhakrishnan and Brar",2024-12-21,unverified,,ended,Left due to low wage relative to workload,13300.0,,,
907,Ghaziabad,Uttar Pradesh,Female,General,2006,1,Inventory & POS Operations,Retail,Faridabad Skill Centre 9,2024-09-07,2024-11-30,completed,46.5,CERT-907,apprenticeship,Retail Helper (low-relevance role),Retail,Buch-Kaul,2025-01-09,confirmed,,active,,10600.0,10900.0,11300.0,
908,Faridabad,Haryana,Male,General,2002,1,Inventory & POS Operations,Retail,Faridabad Skill Centre 9,2024-09-07,2024-11-30,completed,82.1,CERT-908,not_placed,,,,,unverified,Wage offered too low,,,,,,
909,Jaipur,Rajasthan,Male,SC,2002,1,Inventory & POS Operations,Retail,Faridabad Skill Centre 9,2024-09-07,2024-11-30,dropped_out,75.8,,,,,,,,,,,,,,
910,Gurugram,Haryana,Other,General,1999,1,Inventory & POS Operations,Retail,Faridabad Skill Centre 9,2024-09-07,2024-11-30,completed,67.9,CERT-910,not_placed,,,,,unverified,Pursuing further education,,,,,,
911,Jaipur,Rajasthan,Other,OBC,1996,1,Inventory & POS Operations,Retail,Faridabad Skill Centre 9,2024-09-07,2024-11-30,completed,63.2,CERT-911,wage_employment,Retail Associate,Retail,"Dash, Radhakrishnan and Brar",2025-02-01,confirmed,,active,,13900.0,15300.0,16600.0,17100.0
912,Jaipur,Rajasthan,Other,ST,1991,1,Inventory & POS Operations,Retail,Faridabad Skill Centre 9,2024-09-07,2024-11-30,completed,76.5,CERT-912,not_placed,,,,,unverified,Wage offered too low,,,,,,
913,Jaipur,Rajasthan,Female,OBC,2003,1,Inventory & POS Operations,Retail,Faridabad Skill Centre 9,2024-09-07,2024-11-30,completed,93.1,CERT-913,not_placed,,,,,unverified,Pursuing further education,,,,,,
914,Jaipur,Rajasthan,Male,OBC,2002,1,Inventory & POS Operations,Retail,Faridabad Skill Centre 9,2024-09-07,2024-11-30,completed,63.0,CERT-914,wage_employment,Retail Associate,Retail,"Memon, Pathak and Handa",2025-02-01,confirmed,,active,,10900.0,11400.0,12500.0,13400.0
915,Gurugram,Haryana,Male,ST,2001,1,Inventory & POS Operations,Retail,Faridabad Skill Centre 9,2024-09-07,2024-11-30,completed,74.9,CERT-915,wage_employment,Retail Helper (low-relevance role),Retail,"Boase, Bath and Kari",2025-01-25,unverified,,active,,13800.0,13800.0,13100.0,13000.0
916,Faridabad,Haryana,Male,OBC,1992,1,Inventory & POS Operations,Retail,Faridabad Skill Centre 9,2024-09-07,2024-11-30,completed,51.7,CERT-916,wage_employment,Retail Helper (low-relevance role),Retail,"Lalla, Bassi and Sharaf",2025-02-11,confirmed,,active,,11400.0,11800.0,11700.0,12600.0
917,Gurugram,Haryana,Female,SC,1994,1,Inventory & POS Operations,Retail,Faridabad Skill Centre 9,2024-09-07,2024-11-30,completed,76.2,CERT-917,wage_employment,Retail Associate,Retail,"Lalla, Bassi and Sharaf",2025-01-10,confirmed,,ended,Job did not match trained skillset,13300.0,14200.0,,
918,Faridabad,Haryana,Female,General,1997,1,Inventory & POS Operations,Retail,Faridabad Skill Centre 9,2024-09-07,2024-11-30,dropped_out,79.2,,,,,,,,,,,,,,
919,Gautam Buddh Nagar,Uttar Pradesh,Other,SC,2005,1,Inventory & POS Operations,Retail,Faridabad Skill Centre 9,2024-09-07,2024-11-30,completed,52.5,CERT-919,wage_employment,Retail Associate,Retail,Buch-Kaul,2025-01-31,confirmed,,active,,12600.0,13800.0,14500.0,15900.0
920,Ghaziabad,Uttar Pradesh,Other,ST,1990,1,Inventory & POS Operations,Retail,Faridabad Skill Centre 9,2024-09-07,2024-11-30,completed,91.4,CERT-920,not_placed,,,,,unverified,Wage offered too low,,,,,,
921,Faridabad,Haryana,Male,OBC,2004,1,Inventory & POS Operations,Retail,Faridabad Skill Centre 9,2024-09-07,2024-11-30,completed,66.2,CERT-921,wage_employment,Retail Associate,Retail,"Boase, Bath and Kari",2024-12-05,unverified,,active,,13300.0,14600.0,15300.0,16000.0
922,Ghaziabad,Uttar Pradesh,Male,OBC,1992,1,Inventory & POS Operations,Retail,Faridabad Skill Centre 9,2024-09-07,2024-11-30,completed,80.1,CERT-922,not_placed,,,,,unverified,Wage offered too low,,,,,,
923,Gautam Buddh Nagar,Uttar Pradesh,Female,General,1999,1,Inventory & POS Operations,Retail,Faridabad Skill Centre 9,2024-09-07,2024-11-30,completed,56.5,CERT-923,self_employment,Retail Helper (low-relevance role),Retail,,2024-12-16,confirmed,,active,,12500.0,13000.0,13300.0,13700.0
924,Gurugram,Haryana,Other,OBC,2001,1,Inventory & POS Operations,Retail,Faridabad Skill Centre 9,2024-09-07,2024-11-30,completed,52.9,CERT-924,self_employment,Retail Helper (low-relevance role),Retail,,2025-01-30,unverified,,ended,Commute / relocation issues,13400.0,14500.0,15400.0,
925,Gautam Buddh Nagar,Uttar Pradesh,Male,General,2007,1,Inventory & POS Operations,Retail,Faridabad Skill Centre 9,2024-09-07,2024-11-30,completed,65.6,CERT-925,apprenticeship,Retail Associate,Retail,Buch-Kaul,2024-12-25,unverified,,active,,10100.0,10900.0,10900.0,
926,Ghaziabad,Uttar Pradesh,Male,ST,1992,1,Inventory & POS Operations,Retail,Faridabad Skill Centre 9,2024-09-07,2024-11-30,completed,85.4,CERT-926,wage_employment,Retail Helper (low-relevance role),Retail,"Boase, Bath and Kari",2025-02-04,confirmed,,active,,13900.0,14900.0,15800.0,16500.0
927,Jaipur,Rajasthan,Other,OBC,1994,1,Inventory & POS Operations,Retail,Faridabad Skill Centre 9,2024-09-07,2024-11-30,completed,95.8,CERT-927,wage_employment,Retail Associate,Retail,Buch-Kaul,2025-01-17,unverified,,ended,Family circumstances changed,11900.0,,,
928,Faridabad,Haryana,Female,OBC,1998,1,Inventory & POS Operations,Retail,Faridabad Skill Centre 9,2024-09-07,2024-11-30,dropped_out,80.5,,,,,,,,,,,,,,
929,Ghaziabad,Uttar Pradesh,Male,General,2007,1,Inventory & POS Operations,Retail,Faridabad Skill Centre 9,2024-09-07,2024-11-30,completed,62.2,CERT-929,self_employment,Retail Associate,Retail,,2025-01-02,unverified,,active,,11100.0,11600.0,11700.0,12500.0
930,Gautam Buddh Nagar,Uttar Pradesh,Female,ST,2001,1,Inventory & POS Operations,Retail,Faridabad Skill Centre 9,2024-09-07,2024-11-30,completed,59.2,CERT-930,self_employment,Retail Helper (low-relevance role),Retail,,2025-01-17,confirmed,,active,,12700.0,13800.0,14300.0,15200.0
931,Gautam Buddh Nagar,Uttar Pradesh,Other,ST,1992,1,Inventory & POS Operations,Retail,Faridabad Skill Centre 9,2024-09-07,2024-11-30,completed,83.6,CERT-931,wage_employment,Retail Helper (low-relevance role),Retail,"Dash, Radhakrishnan and Brar",2025-01-05,unverified,,active,,12100.0,12200.0,12500.0,
932,Jaipur,Rajasthan,Female,ST,1995,1,Inventory & POS Operations,Retail,Faridabad Skill Centre 9,2024-09-07,2024-11-30,completed,80.8,CERT-932,apprenticeship,Retail Helper (low-relevance role),Retail,Rai LLC,2025-02-10,unverified,,active,,12500.0,12800.0,13400.0,14400.0
933,Jaipur,Rajasthan,Female,OBC,2000,1,Inventory & POS Operations,Retail,Faridabad Skill Centre 9,2024-09-07,2024-11-30,completed,47.4,CERT-933,wage_employment,Retail Helper (low-relevance role),Retail,"Lalla, Bassi and Sharaf",2025-01-18,disputed,,active,,11100.0,,,
934,Jaipur,Rajasthan,Male,SC,2004,1,Inventory & POS Operations,Retail,Faridabad Skill Centre 9,2024-09-07,2024-11-30,completed,80.3,CERT-934,wage_employment,Retail Helper (low-relevance role),Retail,Buch-Kaul,2025-01-31,unverified,,active,,10800.0,11500.0,12000.0,
935,Ghaziabad,Uttar Pradesh,Other,ST,1991,1,Inventory & POS Operations,Retail,Faridabad Skill Centre 9,2024-09-07,2024-11-30,completed,74.9,CERT-935,not_placed,,,,,unverified,Health-related reasons,,,,,,
936,Faridabad,Haryana,Female,SC,1992,1,Inventory & POS Operations,Retail,Faridabad Skill Centre 9,2024-09-07,2024-11-30,completed,81.9,CERT-936,wage_employment,Retail Helper (low-relevance role),Retail,Rai LLC,2025-01-21,confirmed,,ended,Commute / relocation issues,12100.0,12200.0,,
937,Jaipur,Rajasthan,Other,SC,2007,1,Inventory & POS Operations,Retail,Faridabad Skill Centre 9,2024-09-07,2024-11-30,completed,63.5,CERT-937,self_employment,Retail Helper (low-relevance role),Retail,,2025-01-05,confirmed,,active,,12800.0,13600.0,14200.0,
938,Gurugram,Haryana,Other,ST,1998,1,Inventory & POS Operations,Retail,Faridabad Skill Centre 9,2024-09-07,2024-11-30,completed,75.5,CERT-938,wage_employment,Retail Associate,Retail,"Lalla, Bassi and Sharaf",2025-02-10,unverified,,active,,11300.0,11100.0,11800.0,12400.0
939,Gautam Buddh Nagar,Uttar Pradesh,Female,General,2004,1,Inventory & POS Operations,Retail,Faridabad Skill Centre 9,2024-09-07,2024-11-30,completed,51.1,CERT-939,wage_employment,Retail Associate,Retail,"Memon, Pathak and Handa",2025-01-12,unverified,,active,,12800.0,13500.0,,
940,Gurugram,Haryana,Other,ST,1998,1,Inventory & POS Operations,Retail,Faridabad Skill Centre 9,2024-09-07,2024-11-30,completed,65.2,CERT-940,self_employment,Retail Helper (low-relevance role),Retail,,2025-01-02,unverified,,active,,12900.0,13900.0,14900.0,14900.0
941,Gautam Buddh Nagar,Uttar Pradesh,Male,General,2007,1,Inventory & POS Operations,Retail,Faridabad Skill Centre 9,2024-09-07,2024-11-30,completed,77.3,CERT-941,not_placed,,,,,unverified,Wage offered too low,,,,,,
942,Gurugram,Haryana,Male,OBC,2007,1,Inventory & POS Operations,Retail,Faridabad Skill Centre 9,2024-09-07,2024-11-30,completed,62.3,CERT-942,wage_employment,Retail Helper (low-relevance role),Retail,"Dash, Radhakrishnan and Brar",2025-02-12,unverified,,active,,11200.0,11900.0,12800.0,13200.0
943,Faridabad,Haryana,Other,ST,2003,1,Inventory & POS Operations,Retail,Faridabad Skill Centre 9,2024-09-07,2024-11-30,completed,73.6,CERT-943,wage_employment,Retail Helper (low-relevance role),Retail,Rai LLC,2025-01-14,unverified,,ended,Moved to a better opportunity,11500.0,,,
944,Faridabad,Haryana,Male,General,2004,1,Inventory & POS Operations,Retail,Faridabad Skill Centre 9,2024-09-07,2024-11-30,completed,55.0,CERT-944,wage_employment,Retail Associate,Retail,"Memon, Pathak and Handa",2024-12-12,unverified,,active,,13300.0,14300.0,14900.0,14800.0
945,Jaipur,Rajasthan,Female,OBC,1997,1,Inventory & POS Operations,Retail,Faridabad Skill Centre 9,2024-09-07,2024-11-30,dropped_out,62.5,,,,,,,,,,,,,,
946,Jaipur,Rajasthan,Female,OBC,1993,1,Inventory & POS Operations,Retail,Faridabad Skill Centre 9,2024-09-07,2024-11-30,completed,57.2,CERT-946,wage_employment,Retail Associate,Retail,"Boase, Bath and Kari",2025-01-30,unverified,,active,,10000.0,10700.0,11000.0,12200.0
947,Ghaziabad,Uttar Pradesh,Other,SC,1997,1,Inventory & POS Operations,Retail,Faridabad Skill Centre 9,2024-09-07,2024-11-30,completed,54.0,CERT-947,wage_employment,Retail Associate,Retail,"Dash, Radhakrishnan and Brar",2024-12-10,confirmed,,ended,Moved to a better opportunity,10700.0,11400.0,,
948,Gurugram,Haryana,Male,General,2007,1,Inventory & POS Operations,Retail,Faridabad Skill Centre 9,2024-09-07,2024-11-30,completed,70.2,CERT-948,not_placed,,,,,unverified,Job location too far / relocation not feasible,,,,,,
949,Gurugram,Haryana,Female,OBC,2003,1,Inventory & POS Operations,Retail,Faridabad Skill Centre 9,2024-09-07,2024-11-30,completed,47.7,CERT-949,wage_employment,Retail Associate,Retail,Buch-Kaul,2025-01-30,unverified,,active,,10300.0,11200.0,11300.0,12200.0
950,Ghaziabad,Uttar Pradesh,Female,OBC,2005,1,Inventory & POS Operations,Retail,Faridabad Skill Centre 9,2024-09-07,2024-11-30,completed,85.8,CERT-950,wage_employment,Retail Helper (low-relevance role),Retail,"Dash, Radhakrishnan and Brar",2024-12-15,unverified,,active,,13900.0,14600.0,16000.0,
951,Faridabad,Haryana,Other,General,1999,1,Inventory & POS Operations,Retail,Faridabad Skill Centre 9,2024-09-07,2024-11-30,completed,94.4,CERT-951,wage_employment,Retail Associate,Retail,Buch-Kaul,2025-01-06,unverified,,active,,13500.0,14200.0,15100.0,15600.0
952,Faridabad,Haryana,Male,SC,1995,1,Inventory & POS Operations,Retail,Faridabad Skill Centre 9,2024-09-07,2024-11-30,completed,58.8,CERT-952,not_placed,,,,,unverified,Job location too far / relocation not feasible,,,,,,
953,Ghaziabad,Uttar Pradesh,Other,General,1996,1,Mason Training,Construction,Gurugram Skill Centre 3,2025-04-18,2025-07-11,completed,88.3,CERT-953,wage_employment,Construction Associate,Construction,"Loke, Bora and Garg",2025-09-10,unverified,,active,,12100.0,12500.0,13400.0,13700.0
954,Ghaziabad,Uttar Pradesh,Male,SC,2004,1,Mason Training,Construction,Gurugram Skill Centre 3,2025-04-18,2025-07-11,completed,92.9,CERT-954,wage_employment,Construction Associate,Construction,Pant-Kadakia,2025-08-05,unverified,,active,,11700.0,12700.0,,
955,Faridabad,Haryana,Other,General,2001,1,Mason Training,Construction,Gurugram Skill Centre 3,2025-04-18,2025-07-11,completed,77.0,CERT-955,wage_employment,Construction Associate,Construction,"Nair, Bhalla and Karnik",2025-08-05,confirmed,,active,,14200.0,15500.0,16500.0,17700.0
956,Jaipur,Rajasthan,Other,OBC,1999,1,Mason Training,Construction,Gurugram Skill Centre 3,2025-04-18,2025-07-11,dropped_out,65.0,,,,,,,,,,,,,,
957,Gurugram,Haryana,Other,General,1998,1,Mason Training,Construction,Gurugram Skill Centre 3,2025-04-18,2025-07-11,completed,74.2,CERT-957,wage_employment,Construction Helper (low-relevance role),Construction,Patla-Gaba,2025-08-13,unverified,,ended,Family circumstances changed,12400.0,12900.0,13300.0,
958,Jaipur,Rajasthan,Other,SC,1993,1,Mason Training,Construction,Gurugram Skill Centre 3,2025-04-18,2025-07-11,completed,91.1,CERT-958,wage_employment,Construction Associate,Construction,"Konda, Gade and Shere",2025-08-23,unverified,,ended,Moved to a better opportunity,9400.0,9800.0,,
959,Jaipur,Rajasthan,Male,ST,2005,1,Mason Training,Construction,Gurugram Skill Centre 3,2025-04-18,2025-07-11,completed,61.6,CERT-959,self_employment,Construction Helper (low-relevance role),Construction,,2025-09-03,unverified,,active,,11600.0,11900.0,12500.0,
960,Gurugram,Haryana,Female,SC,1992,1,Mason Training,Construction,Gurugram Skill Centre 3,2025-04-18,2025-07-11,completed,58.4,CERT-960,apprenticeship,Construction Associate,Construction,"Loke, Bora and Garg",2025-09-16,unverified,,active,,12700.0,12800.0,13100.0,13700.0
961,Faridabad,Haryana,Male,General,2003,1,Mason Training,Construction,Gurugram Skill Centre 3,2025-04-18,2025-07-11,completed,84.5,CERT-961,not_placed,,,,,unverified,Wage offered too low,,,,,,
962,Gurugram,Haryana,Other,OBC,1996,1,Mason Training,Construction,Gurugram Skill Centre 3,2025-04-18,2025-07-11,completed,55.2,CERT-962,self_employment,Construction Helper (low-relevance role),Construction,,2025-07-16,confirmed,,active,,10600.0,11000.0,11500.0,11600.0
963,Faridabad,Haryana,Other,ST,2007,1,Mason Training,Construction,Gurugram Skill Centre 3,2025-04-18,2025-07-11,completed,69.2,CERT-963,wage_employment,Construction Helper (low-relevance role),Construction,Pant-Kadakia,2025-08-07,unverified,,active,,11300.0,11800.0,12700.0,
964,Jaipur,Rajasthan,Female,ST,2002,1,Mason Training,Construction,Gurugram Skill Centre 3,2025-04-18,2025-07-11,completed,58.1,CERT-964,not_placed,,,,,unverified,Health-related reasons,,,,,,
965,Gautam Buddh Nagar,Uttar Pradesh,Female,OBC,1990,1,Mason Training,Construction,Gurugram Skill Centre 3,2025-04-18,2025-07-11,completed,71.8,CERT-965,apprenticeship,Construction Associate,Construction,"Nair, Bhalla and Karnik",2025-08-04,unverified,,active,,12600.0,13500.0,14000.0,14300.0
966,Gurugram,Haryana,Female,General,1995,1,Mason Training,Construction,Gurugram Skill Centre 3,2025-04-18,2025-07-11,completed,88.1,CERT-966,wage_employment,Construction Helper (low-relevance role),Construction,Pant-Kadakia,2025-09-13,confirmed,,active,,12600.0,12400.0,12200.0,12600.0
967,Faridabad,Haryana,Other,ST,2001,1,Mason Training,Construction,Gurugram Skill Centre 3,2025-04-18,2025-07-11,completed,85.5,CERT-967,not_placed,,,,,unverified,Job location too far / relocation not feasible,,,,,,
968,Gautam Buddh Nagar,Uttar Pradesh,Male,ST,1994,1,Mason Training,Construction,Gurugram Skill Centre 3,2025-04-18,2025-07-11,completed,77.7,CERT-968,not_placed,,,,,unverified,No suitable openings in area,,,,,,
969,Ghaziabad,Uttar Pradesh,Male,OBC,2000,1,Mason Training,Construction,Gurugram Skill Centre 3,2025-04-18,2025-07-11,completed,80.6,CERT-969,not_placed,,,,,unverified,Wage offered too low,,,,,,
970,Faridabad,Haryana,Female,General,1999,1,Mason Training,Construction,Gurugram Skill Centre 3,2025-04-18,2025-07-11,completed,78.3,CERT-970,wage_employment,Construction Associate,Construction,"Konda, Gade and Shere",2025-08-23,unverified,,active,,12300.0,13100.0,13400.0,
971,Jaipur,Rajasthan,Other,SC,1996,1,Mason Training,Construction,Gurugram Skill Centre 3,2025-04-18,2025-07-11,completed,69.5,CERT-971,wage_employment,Construction Helper (low-relevance role),Construction,"Nair, Bhalla and Karnik",2025-08-28,confirmed,,ended,Left due to low wage relative to workload,10800.0,,,
972,Jaipur,Rajasthan,Female,SC,2002,1,Mason Training,Construction,Gurugram Skill Centre 3,2025-04-18,2025-07-11,completed,51.3,CERT-972,not_placed,,,,,unverified,Wage offered too low,,,,,,
973,Faridabad,Haryana,Male,General,1994,1,Mason Training,Construction,Gurugram Skill Centre 3,2025-04-18,2025-07-11,completed,60.4,CERT-973,not_placed,,,,,unverified,Wage offered too low,,,,,,
974,Jaipur,Rajasthan,Male,SC,1995,1,Mason Training,Construction,Gurugram Skill Centre 3,2025-04-18,2025-07-11,completed,50.5,CERT-974,wage_employment,Construction Associate,Construction,Madan-Kanda,2025-08-09,confirmed,,active,,13400.0,13600.0,14300.0,15000.0
975,Gautam Buddh Nagar,Uttar Pradesh,Female,SC,1996,1,Mason Training,Construction,Gurugram Skill Centre 3,2025-04-18,2025-07-11,completed,85.3,CERT-975,wage_employment,Construction Helper (low-relevance role),Construction,Madan-Kanda,2025-08-30,disputed,,active,,12300.0,12800.0,13800.0,14400.0
976,Gautam Buddh Nagar,Uttar Pradesh,Other,ST,1993,1,Mason Training,Construction,Gurugram Skill Centre 3,2025-04-18,2025-07-11,completed,91.5,CERT-976,not_placed,,,,,unverified,Wage offered too low,,,,,,
977,Ghaziabad,Uttar Pradesh,Male,General,2003,1,Mason Training,Construction,Gurugram Skill Centre 3,2025-04-18,2025-07-11,dropped_out,59.4,,,,,,,,,,,,,,
978,Gurugram,Haryana,Male,OBC,1999,1,Mason Training,Construction,Gurugram Skill Centre 3,2025-04-18,2025-07-11,completed,94.7,CERT-978,wage_employment,Construction Helper (low-relevance role),Construction,"Loke, Bora and Garg",2025-09-08,unverified,,active,,14600.0,14700.0,14400.0,14300.0
979,Ghaziabad,Uttar Pradesh,Other,General,1993,1,Mason Training,Construction,Gurugram Skill Centre 3,2025-04-18,2025-07-11,completed,56.4,CERT-979,not_placed,,,,,unverified,Pursuing further education,,,,,,
980,Faridabad,Haryana,Male,ST,1990,1,Mason Training,Construction,Gurugram Skill Centre 3,2025-04-18,2025-07-11,completed,92.7,CERT-980,wage_employment,Construction Helper (low-relevance role),Construction,"Loke, Bora and Garg",2025-09-01,confirmed,,active,,13900.0,14100.0,,
981,Gurugram,Haryana,Female,General,2001,1,Mason Training,Construction,Gurugram Skill Centre 3,2025-04-18,2025-07-11,completed,88.9,CERT-981,not_placed,,,,,unverified,Wage offered too low,,,,,,
982,Ghaziabad,Uttar Pradesh,Female,OBC,2002,1,Mason Training,Construction,Gurugram Skill Centre 3,2025-04-18,2025-07-11,completed,94.3,CERT-982,self_employment,Construction Associate,Construction,,2025-09-14,confirmed,,active,,13600.0,14900.0,15300.0,15500.0
983,Gurugram,Haryana,Other,SC,1994,1,Mason Training,Construction,Gurugram Skill Centre 3,2025-04-18,2025-07-11,completed,51.1,CERT-983,wage_employment,Construction Helper (low-relevance role),Construction,Madan-Kanda,2025-07-26,unverified,,active,,9600.0,10000.0,10300.0,10900.0
984,Gautam Buddh Nagar,Uttar Pradesh,Female,SC,2004,1,Mason Training,Construction,Gurugram Skill Centre 3,2025-04-18,2025-07-11,completed,82.2,CERT-984,not_placed,,,,,unverified,Job location too far / relocation not feasible,,,,,,
985,Gurugram,Haryana,Other,OBC,1999,1,Mason Training,Construction,Gurugram Skill Centre 3,2025-04-18,2025-07-11,dropped_out,57.3,,,,,,,,,,,,,,
986,Jaipur,Rajasthan,Female,OBC,2007,1,Mason Training,Construction,Gurugram Skill Centre 3,2025-04-18,2025-07-11,completed,73.1,CERT-986,self_employment,Construction Helper (low-relevance role),Construction,,2025-07-24,unverified,,active,,12100.0,12400.0,13100.0,14100.0
987,Gautam Buddh Nagar,Uttar Pradesh,Female,General,2000,1,Mason Training,Construction,Gurugram Skill Centre 3,2025-04-18,2025-07-11,completed,61.2,CERT-987,self_employment,Construction Helper (low-relevance role),Construction,,2025-08-26,unverified,,active,,14200.0,14300.0,15300.0,16200.0
988,Gautam Buddh Nagar,Uttar Pradesh,Female,OBC,1999,1,Mason Training,Construction,Gurugram Skill Centre 3,2025-04-18,2025-07-11,completed,52.2,CERT-988,not_placed,,,,,unverified,Wage offered too low,,,,,,
989,Faridabad,Haryana,Male,SC,2003,1,Mason Training,Construction,Gurugram Skill Centre 3,2025-04-18,2025-07-11,dropped_out,76.1,,,,,,,,,,,,,,
990,Jaipur,Rajasthan,Other,General,1990,1,Mason Training,Construction,Gurugram Skill Centre 3,2025-04-18,2025-07-11,completed,73.2,CERT-990,not_placed,,,,,unverified,Job location too far / relocation not feasible,,,,,,
991,Jaipur,Rajasthan,Other,OBC,1990,1,Mason Training,Construction,Gurugram Skill Centre 3,2025-04-18,2025-07-11,completed,81.2,CERT-991,wage_employment,Construction Helper (low-relevance role),Construction,Patla-Gaba,2025-09-23,confirmed,,active,,10800.0,10900.0,11700.0,11800.0
992,Gurugram,Haryana,Male,SC,2005,1,Mason Training,Construction,Gurugram Skill Centre 3,2025-04-18,2025-07-11,completed,51.7,CERT-992,wage_employment,Construction Associate,Construction,Madan-Kanda,2025-07-22,unverified,,active,,13000.0,13700.0,13700.0,
993,Faridabad,Haryana,Male,SC,1990,1,Mason Training,Construction,Gurugram Skill Centre 3,2025-04-18,2025-07-11,completed,58.9,CERT-993,wage_employment,Construction Helper (low-relevance role),Construction,"Loke, Bora and Garg",2025-08-11,confirmed,,ended,Family circumstances changed,11300.0,,,
994,Jaipur,Rajasthan,Male,General,2000,1,Mason Training,Construction,Gurugram Skill Centre 3,2025-04-18,2025-07-11,completed,75.6,CERT-994,not_placed,,,,,unverified,Health-related reasons,,,,,,
995,Jaipur,Rajasthan,Male,SC,1992,1,Mason Training,Construction,Gurugram Skill Centre 3,2025-04-18,2025-07-11,completed,92.0,CERT-995,self_employment,Construction Associate,Construction,,2025-08-06,unverified,,active,,14200.0,14500.0,15400.0,15800.0
996,Gautam Buddh Nagar,Uttar Pradesh,Female,OBC,2000,1,Mason Training,Construction,Gurugram Skill Centre 3,2025-04-18,2025-07-11,completed,46.1,CERT-996,not_placed,,,,,unverified,Wage offered too low,,,,,,
997,Ghaziabad,Uttar Pradesh,Female,OBC,1992,1,Mason Training,Construction,Gurugram Skill Centre 3,2025-04-18,2025-07-11,completed,73.2,CERT-997,not_placed,,,,,unverified,Health-related reasons,,,,,,
998,Gurugram,Haryana,Other,SC,1994,1,Mason Training,Construction,Gurugram Skill Centre 3,2025-04-18,2025-07-11,completed,57.9,CERT-998,wage_employment,Construction Helper (low-relevance role),Construction,"Nair, Bhalla and Karnik",2025-09-21,confirmed,,active,,9400.0,10100.0,10600.0,
999,Faridabad,Haryana,Male,General,1994,1,Mason Training,Construction,Gurugram Skill Centre 3,2025-04-18,2025-07-11,completed,63.5,CERT-999,not_placed,,,,,unverified,Job location too far / relocation not feasible,,,,,,
1000,Ghaziabad,Uttar Pradesh,Male,OBC,1996,1,Mason Training,Construction,Gurugram Skill Centre 3,2025-04-18,2025-07-11,completed,48.2,CERT-1000,wage_employment,Construction Helper (low-relevance role),Construction,"Loke, Bora and Garg",2025-09-09,confirmed,,active,,10500.0,11000.0,11200.0,
1001,Gurugram,Haryana,Male,General,1997,1,Mason Training,Construction,Gurugram Skill Centre 3,2025-04-18,2025-07-11,completed,89.4,CERT-1001,not_placed,,,,,unverified,Job location too far / relocation not feasible,,,,,,
1002,Ghaziabad,Uttar Pradesh,Female,OBC,2004,1,Mason Training,Construction,Gurugram Skill Centre 3,2025-04-18,2025-07-11,completed,67.4,CERT-1002,not_placed,,,,,unverified,Job location too far / relocation not feasible,,,,,,
1003,Gautam Buddh Nagar,Uttar Pradesh,Female,SC,2000,1,Mason Training,Construction,Gurugram Skill Centre 3,2025-04-18,2025-07-11,completed,49.4,CERT-1003,not_placed,,,,,unverified,Wage offered too low,,,,,,
1004,Faridabad,Haryana,Female,General,1992,1,Mason Training,Construction,Gurugram Skill Centre 3,2025-04-18,2025-07-11,completed,81.9,CERT-1004,not_placed,,,,,unverified,Job location too far / relocation not feasible,,,,,,
1005,Ghaziabad,Uttar Pradesh,Other,SC,2000,1,Mason Training,Construction,Gurugram Skill Centre 3,2025-04-18,2025-07-11,completed,59.1,CERT-1005,not_placed,,,,,unverified,Health-related reasons,,,,,,
1006,Gautam Buddh Nagar,Uttar Pradesh,Other,General,1996,1,Mason Training,Construction,Gurugram Skill Centre 3,2025-04-18,2025-07-11,completed,96.9,CERT-1006,wage_employment,Construction Helper (low-relevance role),Construction,"Konda, Gade and Shere",2025-08-11,unverified,,active,,10600.0,11300.0,11700.0,12100.0
1007,Jaipur,Rajasthan,Other,OBC,1990,1,Mason Training,Construction,Gurugram Skill Centre 3,2025-04-18,2025-07-11,completed,73.4,CERT-1007,not_placed,,,,,unverified,No suitable openings in area,,,,,,
1008,Jaipur,Rajasthan,Male,SC,2004,1,Mason Training,Construction,Gurugram Skill Centre 3,2025-04-18,2025-07-11,completed,63.6,CERT-1008,not_placed,,,,,unverified,Wage offered too low,,,,,,
1009,Gurugram,Haryana,Other,ST,2007,1,Mason Training,Construction,Gurugram Skill Centre 3,2025-04-18,2025-07-11,completed,71.0,CERT-1009,self_employment,Construction Helper (low-relevance role),Construction,,2025-07-18,unverified,,active,,14000.0,14200.0,14300.0,
1010,Faridabad,Haryana,Other,ST,1996,1,Mason Training,Construction,Gurugram Skill Centre 3,2025-04-18,2025-07-11,completed,84.6,CERT-1010,not_placed,,,,,unverified,Wage offered too low,,,,,,
1011,Ghaziabad,Uttar Pradesh,Male,SC,1996,1,Mason Training,Construction,Gurugram Skill Centre 3,2025-04-18,2025-07-11,completed,68.8,CERT-1011,not_placed,,,,,unverified,Wage offered too low,,,,,,
1012,Gautam Buddh Nagar,Uttar Pradesh,Other,General,1990,1,Mason Training,Construction,Gurugram Skill Centre 3,2025-04-18,2025-07-11,completed,63.5,CERT-1012,wage_employment,Construction Helper (low-relevance role),Construction,"Konda, Gade and Shere",2025-07-18,confirmed,,ended,Left due to low wage relative to workload,10600.0,,,
1013,Ghaziabad,Uttar Pradesh,Other,General,1992,1,Mason Training,Construction,Gurugram Skill Centre 3,2025-04-18,2025-07-11,completed,63.9,CERT-1013,wage_employment,Construction Associate,Construction,"Loke, Bora and Garg",2025-07-24,confirmed,,active,,11200.0,11900.0,12900.0,
1014,Gurugram,Haryana,Male,General,2007,1,Mason Training,Construction,Gurugram Skill Centre 3,2025-04-18,2025-07-11,completed,84.0,CERT-1014,self_employment,Construction Associate,Construction,,2025-08-17,unverified,,active,,11200.0,11800.0,12200.0,12300.0
1015,Gurugram,Haryana,Other,ST,2002,1,Mason Training,Construction,Gurugram Skill Centre 3,2025-04-18,2025-07-11,completed,65.2,CERT-1015,wage_employment,Construction Helper (low-relevance role),Construction,Madan-Kanda,2025-09-05,confirmed,,active,,9900.0,10400.0,,
1016,Jaipur,Rajasthan,Female,ST,2001,1,Mason Training,Construction,Gurugram Skill Centre 3,2025-04-18,2025-07-11,completed,75.9,CERT-1016,wage_employment,Construction Associate,Construction,Madan-Kanda,2025-08-25,confirmed,,ended,Moved to a better opportunity,14700.0,,,
1017,Ghaziabad,Uttar Pradesh,Other,ST,1991,1,Mason Training,Construction,Gurugram Skill Centre 3,2025-04-18,2025-07-11,completed,50.0,CERT-1017,self_employment,Construction Helper (low-relevance role),Construction,,2025-07-21,confirmed,,active,,9700.0,9800.0,10100.0,10600.0
1018,Gautam Buddh Nagar,Uttar Pradesh,Female,ST,2005,1,Mason Training,Construction,Gurugram Skill Centre 3,2025-04-18,2025-07-11,completed,58.0,CERT-1018,apprenticeship,Construction Helper (low-relevance role),Construction,Pant-Kadakia,2025-08-23,unverified,,active,,12900.0,14100.0,14600.0,
1019,Jaipur,Rajasthan,Male,ST,1998,1,Mason Training,Construction,Gurugram Skill Centre 3,2025-04-18,2025-07-11,completed,70.1,CERT-1019,wage_employment,Construction Helper (low-relevance role),Construction,Pant-Kadakia,2025-08-08,confirmed,,active,,10300.0,10400.0,10600.0,
1020,Gurugram,Haryana,Other,SC,2001,1,Mason Training,Construction,Gurugram Skill Centre 3,2025-04-18,2025-07-11,completed,47.0,CERT-1020,wage_employment,Construction Associate,Construction,Patla-Gaba,2025-08-25,unverified,,active,,11400.0,11900.0,12100.0,12800.0
1021,Faridabad,Haryana,Female,General,2002,1,Mason Training,Construction,Ghaziabad Skill Centre 7,2024-10-03,2024-12-26,completed,59.3,CERT-1021,wage_employment,Construction Helper (low-relevance role),Construction,"Nair, Bhalla and Karnik",2025-01-29,disputed,,ended,Job did not match trained skillset,11900.0,12500.0,,
1022,Jaipur,Rajasthan,Male,OBC,1996,1,Mason Training,Construction,Ghaziabad Skill Centre 7,2024-10-03,2024-12-26,completed,86.6,CERT-1022,not_placed,,,,,unverified,Wage offered too low,,,,,,
1023,Gurugram,Haryana,Male,SC,2006,1,Mason Training,Construction,Ghaziabad Skill Centre 7,2024-10-03,2024-12-26,completed,95.4,CERT-1023,wage_employment,Construction Helper (low-relevance role),Construction,Madan-Kanda,2025-03-08,confirmed,,ended,Left due to low wage relative to workload,15000.0,15800.0,16200.0,
1024,Jaipur,Rajasthan,Male,OBC,2006,1,Mason Training,Construction,Ghaziabad Skill Centre 7,2024-10-03,2024-12-26,completed,84.4,CERT-1024,not_placed,,,,,unverified,Job location too far / relocation not feasible,,,,,,
1025,Jaipur,Rajasthan,Other,General,1993,1,Mason Training,Construction,Ghaziabad Skill Centre 7,2024-10-03,2024-12-26,dropped_out,72.6,,,,,,,,,,,,,,
1026,Jaipur,Rajasthan,Female,SC,1992,1,Mason Training,Construction,Ghaziabad Skill Centre 7,2024-10-03,2024-12-26,completed,87.3,CERT-1026,apprenticeship,Construction Associate,Construction,Patla-Gaba,2025-02-18,unverified,,active,,12000.0,12200.0,12600.0,13200.0
1027,Gautam Buddh Nagar,Uttar Pradesh,Male,ST,2007,1,Mason Training,Construction,Ghaziabad Skill Centre 7,2024-10-03,2024-12-26,completed,65.6,CERT-1027,wage_employment,Construction Helper (low-relevance role),Construction,Madan-Kanda,2025-03-06,confirmed,,active,,9700.0,10200.0,10700.0,
1028,Gurugram,Haryana,Male,OBC,1998,1,Mason Training,Construction,Ghaziabad Skill Centre 7,2024-10-03,2024-12-26,completed,96.0,CERT-1028,apprenticeship,Construction Associate,Construction,Pant-Kadakia,2025-02-02,confirmed,,active,,10700.0,10800.0,11200.0,12400.0
1029,Gautam Buddh Nagar,Uttar Pradesh,Other,OBC,1991,1,Mason Training,Construction,Ghaziabad Skill Centre 7,2024-10-03,2024-12-26,completed,79.1,CERT-1029,wage_employment,Construction Helper (low-relevance role),Construction,Madan-Kanda,2025-01-11,confirmed,,ended,Health-related reasons,14500.0,,,
1030,Gurugram,Haryana,Female,ST,2006,1,Mason Training,Construction,Ghaziabad Skill Centre 7,2024-10-03,2024-12-26,completed,62.2,CERT-1030,wage_employment,Construction Helper (low-relevance role),Construction,"Loke, Bora and Garg",2025-01-24,confirmed,,active,,11700.0,12000.0,,
1031,Gautam Buddh Nagar,Uttar Pradesh,Female,ST,2007,1,Mason Training,Construction,Ghaziabad Skill Centre 7,2024-10-03,2024-12-26,completed,78.3,CERT-1031,not_placed,,,,,unverified,Health-related reasons,,,,,,
1032,Gurugram,Haryana,Male,ST,1990,1,Mason Training,Construction,Ghaziabad Skill Centre 7,2024-10-03,2024-12-26,completed,46.7,CERT-1032,wage_employment,Construction Helper (low-relevance role),Construction,Patla-Gaba,2025-02-02,confirmed,,active,,12400.0,13500.0,14200.0,14500.0
1033,Gurugram,Haryana,Other,SC,2007,1,Mason Training,Construction,Ghaziabad Skill Centre 7,2024-10-03,2024-12-26,dropped_out,84.0,,,,,,,,,,,,,,
1034,Faridabad,Haryana,Female,SC,2000,1,Mason Training,Construction,Ghaziabad Skill Centre 7,2024-10-03,2024-12-26,completed,83.4,CERT-1034,not_placed,,,,,unverified,Job location too far / relocation not feasible,,,,,,
1035,Ghaziabad,Uttar Pradesh,Male,ST,1994,1,Mason Training,Construction,Ghaziabad Skill Centre 7,2024-10-03,2024-12-26,completed,90.2,CERT-1035,self_employment,Construction Associate,Construction,,2025-01-03,confirmed,,active,,11200.0,12600.0,13100.0,14200.0
1036,Gurugram,Haryana,Other,OBC,1993,1,Mason Training,Construction,Ghaziabad Skill Centre 7,2024-10-03,2024-12-26,completed,80.4,CERT-1036,wage_employment,Construction Helper (low-relevance role),Construction,Patla-Gaba,2025-03-06,confirmed,,active,,14600.0,16100.0,16500.0,
1037,Faridabad,Haryana,Male,SC,2007,1,Mason Training,Construction,Ghaziabad Skill Centre 7,2024-10-03,2024-12-26,completed,60.6,CERT-1037,wage_employment,Construction Helper (low-relevance role),Construction,Pant-Kadakia,2025-01-07,confirmed,,active,,12400.0,12600.0,13100.0,13800.0
1038,Gautam Buddh Nagar,Uttar Pradesh,Female,SC,1994,1,Mason Training,Construction,Ghaziabad Skill Centre 7,2024-10-03,2024-12-26,completed,67.9,CERT-1038,self_employment,Construction Associate,Construction,,2025-02-14,unverified,,active,,10700.0,11400.0,12100.0,
1039,Faridabad,Haryana,Female,ST,1997,1,Mason Training,Construction,Ghaziabad Skill Centre 7,2024-10-03,2024-12-26,completed,56.9,CERT-1039,not_placed,,,,,unverified,Felt underprepared / skill mismatch,,,,,,
1040,Jaipur,Rajasthan,Female,General,2006,1,Mason Training,Construction,Ghaziabad Skill Centre 7,2024-10-03,2024-12-26,completed,59.7,CERT-1040,not_placed,,,,,unverified,Family responsibilities / not permitted to work,,,,,,
1041,Faridabad,Haryana,Male,General,2002,1,Mason Training,Construction,Ghaziabad Skill Centre 7,2024-10-03,2024-12-26,completed,50.2,CERT-1041,wage_employment,Construction Associate,Construction,Patla-Gaba,2025-01-20,unverified,,active,,10700.0,11400.0,11900.0,
1042,Ghaziabad,Uttar Pradesh,Female,General,2005,1,Mason Training,Construction,Ghaziabad Skill Centre 7,2024-10-03,2024-12-26,completed,79.0,CERT-1042,wage_employment,Construction Associate,Construction,Patla-Gaba,2025-01-25,confirmed,,active,,13800.0,16000.0,,
1043,Ghaziabad,Uttar Pradesh,Other,ST,1993,1,Mason Training,Construction,Ghaziabad Skill Centre 7,2024-10-03,2024-12-26,completed,76.3,CERT-1043,self_employment,Construction Associate,Construction,,2025-02-22,unverified,,ended,Job did not match trained skillset,12700.0,,,
1044,Faridabad,Haryana,Male,SC,2006,1,Mason Training,Construction,Ghaziabad Skill Centre 7,2024-10-03,2024-12-26,completed,78.3,CERT-1044,apprenticeship,Construction Associate,Construction,"Loke, Bora and Garg",2025-01-28,confirmed,,active,,11800.0,12600.0,12900.0,
1045,Ghaziabad,Uttar Pradesh,Female,ST,2004,1,Mason Training,Construction,Ghaziabad Skill Centre 7,2024-10-03,2024-12-26,completed,46.5,CERT-1045,not_placed,,,,,unverified,Wage offered too low,,,,,,
1046,Jaipur,Rajasthan,Female,OBC,2005,1,Mason Training,Construction,Ghaziabad Skill Centre 7,2024-10-03,2024-12-26,completed,80.9,CERT-1046,not_placed,,,,,unverified,Family responsibilities / not permitted to work,,,,,,
1047,Faridabad,Haryana,Male,ST,1998,1,Mason Training,Construction,Ghaziabad Skill Centre 7,2024-10-03,2024-12-26,completed,73.4,CERT-1047,self_employment,Construction Helper (low-relevance role),Construction,,2025-01-05,unverified,,active,,10700.0,11200.0,11800.0,
1048,Gurugram,Haryana,Female,OBC,1996,1,Mason Training,Construction,Ghaziabad Skill Centre 7,2024-10-03,2024-12-26,completed,96.1,CERT-1048,self_employment,Construction Associate,Construction,,2025-02-19,unverified,,active,,11300.0,11500.0,12200.0,11800.0
1049,Ghaziabad,Uttar Pradesh,Male,General,1992,1,Mason Training,Construction,Ghaziabad Skill Centre 7,2024-10-03,2024-12-26,completed,89.5,CERT-1049,not_placed,,,,,unverified,Felt underprepared / skill mismatch,,,,,,
1050,Faridabad,Haryana,Female,ST,1992,1,Mason Training,Construction,Ghaziabad Skill Centre 7,2024-10-03,2024-12-26,completed,56.5,CERT-1050,apprenticeship,Construction Helper (low-relevance role),Construction,"Nair, Bhalla and Karnik",2025-03-07,unverified,,active,,10300.0,10500.0,10800.0,
1051,Gurugram,Haryana,Other,ST,1993,1,Mason Training,Construction,Ghaziabad Skill Centre 7,2024-10-03,2024-12-26,completed,87.9,CERT-1051,not_placed,,,,,unverified,Job location too far / relocation not feasible,,,,,,
1052,Ghaziabad,Uttar Pradesh,Female,General,1991,1,Mason Training,Construction,Ghaziabad Skill Centre 7,2024-10-03,2024-12-26,completed,48.8,CERT-1052,wage_employment,Construction Associate,Construction,"Nair, Bhalla and Karnik",2025-03-11,confirmed,,active,,12300.0,12900.0,13500.0,
1053,Jaipur,Rajasthan,Female,SC,2003,1,Mason Training,Construction,Ghaziabad Skill Centre 7,2024-10-03,2024-12-26,completed,74.2,CERT-1053,self_employment,Construction Associate,Construction,,2025-01-14,confirmed,,active,,9800.0,10300.0,10900.0,11300.0
1054,Ghaziabad,Uttar Pradesh,Male,ST,1999,1,Mason Training,Construction,Ghaziabad Skill Centre 7,2024-10-03,2024-12-26,completed,89.7,CERT-1054,wage_employment,Construction Associate,Construction,"Konda, Gade and Shere",2025-02-28,confirmed,,active,,9200.0,9400.0,9900.0,10300.0
1055,Gurugram,Haryana,Other,General,1997,1,Mason Training,Construction,Ghaziabad Skill Centre 7,2024-10-03,2024-12-26,completed,92.1,CERT-1055,wage_employment,Construction Helper (low-relevance role),Construction,"Loke, Bora and Garg",2025-03-05,unverified,,active,,11300.0,11700.0,12800.0,13700.0
1056,Ghaziabad,Uttar Pradesh,Male,ST,1990,1,Mason Training,Construction,Ghaziabad Skill Centre 7,2024-10-03,2024-12-26,completed,52.6,CERT-1056,not_placed,,,,,unverified,Felt underprepared / skill mismatch,,,,,,
1057,Ghaziabad,Uttar Pradesh,Female,ST,2000,1,Mason Training,Construction,Ghaziabad Skill Centre 7,2024-10-03,2024-12-26,completed,81.7,CERT-1057,wage_employment,Construction Helper (low-relevance role),Construction,Madan-Kanda,2025-02-24,unverified,,active,,14400.0,14000.0,14500.0,15100.0
1058,Jaipur,Rajasthan,Male,OBC,1994,1,Mason Training,Construction,Ghaziabad Skill Centre 7,2024-10-03,2024-12-26,completed,84.3,CERT-1058,not_placed,,,,,unverified,Job location too far / relocation not feasible,,,,,,
1059,Faridabad,Haryana,Male,General,2003,1,Mason Training,Construction,Ghaziabad Skill Centre 7,2024-10-03,2024-12-26,completed,81.1,CERT-1059,not_placed,,,,,unverified,Job location too far / relocation not feasible,,,,,,
1060,Gautam Buddh Nagar,Uttar Pradesh,Other,ST,2005,1,Mason Training,Construction,Ghaziabad Skill Centre 7,2024-10-03,2024-12-26,completed,63.0,CERT-1060,wage_employment,Construction Associate,Construction,Patla-Gaba,2025-01-03,confirmed,,active,,11900.0,12800.0,13800.0,14800.0
1061,Faridabad,Haryana,Other,General,2003,1,Mason Training,Construction,Ghaziabad Skill Centre 7,2024-10-03,2024-12-26,completed,50.7,CERT-1061,self_employment,Construction Associate,Construction,,2025-01-20,unverified,,active,,14000.0,14900.0,15700.0,16700.0
1062,Jaipur,Rajasthan,Female,General,2007,1,Mason Training,Construction,Ghaziabad Skill Centre 7,2024-10-03,2024-12-26,completed,92.2,CERT-1062,wage_employment,Construction Associate,Construction,"Konda, Gade and Shere",2025-01-09,confirmed,,active,,14300.0,15000.0,15500.0,16100.0
1063,Faridabad,Haryana,Male,SC,1995,1,Mason Training,Construction,Ghaziabad Skill Centre 7,2024-10-03,2024-12-26,completed,56.9,CERT-1063,self_employment,Construction Associate,Construction,,2025-01-20,unverified,,active,,14500.0,15200.0,,
1064,Gurugram,Haryana,Male,General,2007,1,Mason Training,Construction,Ghaziabad Skill Centre 7,2024-10-03,2024-12-26,completed,56.6,CERT-1064,not_placed,,,,,unverified,Wage offered too low,,,,,,
1065,Ghaziabad,Uttar Pradesh,Female,General,2005,1,Mason Training,Construction,Ghaziabad Skill Centre 7,2024-10-03,2024-12-26,completed,75.3,CERT-1065,not_placed,,,,,unverified,Wage offered too low,,,,,,
1066,Gautam Buddh Nagar,Uttar Pradesh,Other,ST,1999,1,Mason Training,Construction,Ghaziabad Skill Centre 7,2024-10-03,2024-12-26,dropped_out,89.0,,,,,,,,,,,,,,
1067,Faridabad,Haryana,Male,SC,2004,1,Mason Training,Construction,Ghaziabad Skill Centre 7,2024-10-03,2024-12-26,completed,69.0,CERT-1067,wage_employment,Construction Helper (low-relevance role),Construction,"Loke, Bora and Garg",2025-01-26,unverified,,active,,12800.0,14000.0,14500.0,15200.0
1068,Gautam Buddh Nagar,Uttar Pradesh,Other,General,1995,1,Mason Training,Construction,Ghaziabad Skill Centre 7,2024-10-03,2024-12-26,completed,85.9,CERT-1068,not_placed,,,,,unverified,Felt underprepared / skill mismatch,,,,,,
1069,Gurugram,Haryana,Other,General,1997,1,Mason Training,Construction,Ghaziabad Skill Centre 7,2024-10-03,2024-12-26,completed,73.7,CERT-1069,not_placed,,,,,unverified,Family responsibilities / not permitted to work,,,,,,
1070,Ghaziabad,Uttar Pradesh,Male,OBC,1995,1,Mason Training,Construction,Ghaziabad Skill Centre 7,2024-10-03,2024-12-26,completed,54.2,CERT-1070,not_placed,,,,,unverified,Wage offered too low,,,,,,
1071,Gautam Buddh Nagar,Uttar Pradesh,Female,SC,1991,1,Mason Training,Construction,Ghaziabad Skill Centre 7,2024-10-03,2024-12-26,completed,87.7,CERT-1071,apprenticeship,Construction Helper (low-relevance role),Construction,Patla-Gaba,2025-01-28,disputed,,active,,13100.0,13900.0,13800.0,
1072,Ghaziabad,Uttar Pradesh,Female,SC,1996,1,Mason Training,Construction,Ghaziabad Skill Centre 7,2024-10-03,2024-12-26,completed,65.9,CERT-1072,wage_employment,Construction Associate,Construction,Patla-Gaba,2025-03-09,unverified,,active,,13700.0,14500.0,14500.0,
1073,Jaipur,Rajasthan,Female,General,1994,1,Mason Training,Construction,Ghaziabad Skill Centre 7,2024-10-03,2024-12-26,completed,96.2,CERT-1073,wage_employment,Construction Associate,Construction,"Konda, Gade and Shere",2025-02-08,unverified,,active,,11300.0,11600.0,11900.0,
1074,Faridabad,Haryana,Female,OBC,2004,1,Mason Training,Construction,Ghaziabad Skill Centre 7,2024-10-03,2024-12-26,completed,64.7,CERT-1074,not_placed,,,,,unverified,Wage offered too low,,,,,,
1075,Faridabad,Haryana,Male,SC,1998,1,Mason Training,Construction,Ghaziabad Skill Centre 7,2024-10-03,2024-12-26,completed,90.2,CERT-1075,not_placed,,,,,unverified,Job location too far / relocation not feasible,,,,,,
1076,Faridabad,Haryana,Female,General,1993,1,Mason Training,Construction,Ghaziabad Skill Centre 7,2024-10-03,2024-12-26,completed,67.6,CERT-1076,self_employment,Construction Associate,Construction,,2025-01-03,unverified,,active,,10100.0,10600.0,11000.0,
1077,Jaipur,Rajasthan,Male,OBC,1993,1,Mason Training,Construction,Ghaziabad Skill Centre 7,2024-10-03,2024-12-26,completed,47.6,CERT-1077,not_placed,,,,,unverified,Job location too far / relocation not feasible,,,,,,
1078,Jaipur,Rajasthan,Other,OBC,2004,1,Mason Training,Construction,Ghaziabad Skill Centre 7,2024-10-03,2024-12-26,completed,77.1,CERT-1078,self_employment,Construction Associate,Construction,,2025-02-01,unverified,,active,,10400.0,10700.0,10800.0,
1079,Jaipur,Rajasthan,Male,General,2005,1,Mason Training,Construction,Ghaziabad Skill Centre 7,2024-10-03,2024-12-26,completed,78.6,CERT-1079,not_placed,,,,,unverified,Wage offered too low,,,,,,
1080,Ghaziabad,Uttar Pradesh,Female,ST,1997,1,Mason Training,Construction,Ghaziabad Skill Centre 7,2024-10-03,2024-12-26,completed,64.0,CERT-1080,not_placed,,,,,unverified,Wage offered too low,,,,,,
1081,Gurugram,Haryana,Other,SC,2004,1,Mason Training,Construction,Ghaziabad Skill Centre 7,2024-10-03,2024-12-26,completed,59.6,CERT-1081,not_placed,,,,,unverified,Job location too far / relocation not feasible,,,,,,
1082,Jaipur,Rajasthan,Other,OBC,2001,1,Mason Training,Construction,Ghaziabad Skill Centre 7,2024-10-03,2024-12-26,completed,73.7,CERT-1082,not_placed,,,,,unverified,Job location too far / relocation not feasible,,,,,,
1083,Faridabad,Haryana,Female,ST,2005,1,Mason Training,Construction,Ghaziabad Skill Centre 7,2024-10-03,2024-12-26,completed,46.0,CERT-1083,wage_employment,Construction Helper (low-relevance role),Construction,Pant-Kadakia,2025-01-21,unverified,,active,,9500.0,10300.0,10700.0,10700.0
1084,Gurugram,Haryana,Female,ST,2004,1,Mason Training,Construction,Ghaziabad Skill Centre 7,2024-10-03,2024-12-26,completed,85.3,CERT-1084,not_placed,,,,,unverified,Family responsibilities / not permitted to work,,,,,,
1085,Gautam Buddh Nagar,Uttar Pradesh,Female,OBC,1995,1,Mason Training,Construction,Ghaziabad Skill Centre 7,2024-10-03,2024-12-26,completed,49.6,CERT-1085,not_placed,,,,,unverified,Wage offered too low,,,,,,
1086,Gautam Buddh Nagar,Uttar Pradesh,Other,ST,1990,1,Mason Training,Construction,Ghaziabad Skill Centre 7,2024-10-03,2024-12-26,completed,89.1,CERT-1086,wage_employment,Construction Helper (low-relevance role),Construction,"Konda, Gade and Shere",2024-12-31,confirmed,,ended,Family circumstances changed,10200.0,11200.0,,
1087,Gautam Buddh Nagar,Uttar Pradesh,Female,SC,1997,1,Mason Training,Construction,Ghaziabad Skill Centre 7,2024-10-03,2024-12-26,completed,73.6,CERT-1087,wage_employment,Construction Associate,Construction,"Konda, Gade and Shere",2025-01-11,confirmed,,active,,9100.0,9800.0,10600.0,11400.0
1088,Ghaziabad,Uttar Pradesh,Male,OBC,2002,1,Mason Training,Construction,Ghaziabad Skill Centre 7,2024-10-03,2024-12-26,completed,82.8,CERT-1088,wage_employment,Construction Helper (low-relevance role),Construction,"Loke, Bora and Garg",2025-01-29,confirmed,,active,,14100.0,14700.0,16300.0,17000.0
1089,Ghaziabad,Uttar Pradesh,Other,General,1996,1,Electrician Assistant,Construction,Faridabad Skill Centre 9,2024-08-12,2024-11-04,completed,59.6,CERT-1089,not_placed,,,,,unverified,Wage offered too low,,,,,,
1090,Ghaziabad,Uttar Pradesh,Female,ST,2004,1,Electrician Assistant,Construction,Faridabad Skill Centre 9,2024-08-12,2024-11-04,completed,92.4,CERT-1090,wage_employment,Construction Helper (low-relevance role),Construction,"Konda, Gade and Shere",2024-11-13,unverified,,active,,14800.0,15700.0,16700.0,
1091,Faridabad,Haryana,Female,SC,1996,1,Electrician Assistant,Construction,Faridabad Skill Centre 9,2024-08-12,2024-11-04,completed,47.2,CERT-1091,wage_employment,Construction Associate,Construction,"Konda, Gade and Shere",2024-12-18,confirmed,,active,,10000.0,10400.0,11100.0,
1092,Gurugram,Haryana,Other,SC,1999,1,Electrician Assistant,Construction,Faridabad Skill Centre 9,2024-08-12,2024-11-04,completed,65.1,CERT-1092,not_placed,,,,,unverified,Job location too far / relocation not feasible,,,,,,
1093,Jaipur,Rajasthan,Male,ST,1991,1,Electrician Assistant,Construction,Faridabad Skill Centre 9,2024-08-12,2024-11-04,completed,72.3,CERT-1093,not_placed,,,,,unverified,Wage offered too low,,,,,,
1094,Gautam Buddh Nagar,Uttar Pradesh,Other,SC,1990,1,Electrician Assistant,Construction,Faridabad Skill Centre 9,2024-08-12,2024-11-04,completed,91.3,CERT-1094,not_placed,,,,,unverified,Job location too far / relocation not feasible,,,,,,
1095,Gurugram,Haryana,Female,ST,1995,1,Electrician Assistant,Construction,Faridabad Skill Centre 9,2024-08-12,2024-11-04,completed,57.4,CERT-1095,not_placed,,,,,unverified,Family responsibilities / not permitted to work,,,,,,
1096,Gautam Buddh Nagar,Uttar Pradesh,Male,General,1997,1,Electrician Assistant,Construction,Faridabad Skill Centre 9,2024-08-12,2024-11-04,completed,67.6,CERT-1096,self_employment,Construction Helper (low-relevance role),Construction,,2024-12-31,confirmed,,active,,9300.0,9500.0,9700.0,10400.0
1097,Ghaziabad,Uttar Pradesh,Other,General,2002,1,Electrician Assistant,Construction,Faridabad Skill Centre 9,2024-08-12,2024-11-04,completed,60.7,CERT-1097,not_placed,,,,,unverified,Family responsibilities / not permitted to work,,,,,,
1098,Jaipur,Rajasthan,Female,OBC,1991,1,Electrician Assistant,Construction,Faridabad Skill Centre 9,2024-08-12,2024-11-04,completed,94.0,CERT-1098,self_employment,Construction Associate,Construction,,2024-11-10,confirmed,,active,,12400.0,12600.0,13700.0,
1099,Faridabad,Haryana,Female,OBC,2006,1,Electrician Assistant,Construction,Faridabad Skill Centre 9,2024-08-12,2024-11-04,dropped_out,70.6,,,,,,,,,,,,,,
1100,Faridabad,Haryana,Female,ST,1996,1,Electrician Assistant,Construction,Faridabad Skill Centre 9,2024-08-12,2024-11-04,completed,86.9,CERT-1100,not_placed,,,,,unverified,Family responsibilities / not permitted to work,,,,,,
1101,Ghaziabad,Uttar Pradesh,Other,OBC,1995,1,Electrician Assistant,Construction,Faridabad Skill Centre 9,2024-08-12,2024-11-04,completed,92.1,CERT-1101,wage_employment,Construction Associate,Construction,"Loke, Bora and Garg",2024-11-19,unverified,,active,,11600.0,11900.0,11900.0,12300.0
1102,Jaipur,Rajasthan,Male,General,2005,1,Electrician Assistant,Construction,Faridabad Skill Centre 9,2024-08-12,2024-11-04,completed,61.7,CERT-1102,not_placed,,,,,unverified,Job location too far / relocation not feasible,,,,,,
1103,Gautam Buddh Nagar,Uttar Pradesh,Other,OBC,1999,1,Electrician Assistant,Construction,Faridabad Skill Centre 9,2024-08-12,2024-11-04,completed,51.3,CERT-1103,wage_employment,Construction Helper (low-relevance role),Construction,Madan-Kanda,2025-01-02,unverified,,ended,Commute / relocation issues,11400.0,,,
1104,Gautam Buddh Nagar,Uttar Pradesh,Female,General,2002,1,Electrician Assistant,Construction,Faridabad Skill Centre 9,2024-08-12,2024-11-04,completed,95.0,CERT-1104,not_placed,,,,,unverified,Wage offered too low,,,,,,
1105,Jaipur,Rajasthan,Other,OBC,1992,1,Electrician Assistant,Construction,Faridabad Skill Centre 9,2024-08-12,2024-11-04,completed,74.8,CERT-1105,wage_employment,Construction Helper (low-relevance role),Construction,Pant-Kadakia,2024-12-08,unverified,,ended,Family circumstances changed,13900.0,14500.0,,
1106,Ghaziabad,Uttar Pradesh,Other,OBC,1992,1,Electrician Assistant,Construction,Faridabad Skill Centre 9,2024-08-12,2024-11-04,completed,61.0,CERT-1106,not_placed,,,,,unverified,Family responsibilities / not permitted to work,,,,,,
1107,Gautam Buddh Nagar,Uttar Pradesh,Male,SC,1993,1,Electrician Assistant,Construction,Faridabad Skill Centre 9,2024-08-12,2024-11-04,completed,77.4,CERT-1107,wage_employment,Construction Associate,Construction,"Konda, Gade and Shere",2024-12-01,unverified,,active,,15000.0,15900.0,16800.0,
1108,Ghaziabad,Uttar Pradesh,Male,General,1992,1,Electrician Assistant,Construction,Faridabad Skill Centre 9,2024-08-12,2024-11-04,completed,71.6,CERT-1108,not_placed,,,,,unverified,Job location too far / relocation not feasible,,,,,,
1109,Faridabad,Haryana,Other,OBC,1998,1,Electrician Assistant,Construction,Faridabad Skill Centre 9,2024-08-12,2024-11-04,completed,63.2,CERT-1109,not_placed,,,,,unverified,Family responsibilities / not permitted to work,,,,,,
1110,Gautam Buddh Nagar,Uttar Pradesh,Male,SC,1993,1,Electrician Assistant,Construction,Faridabad Skill Centre 9,2024-08-12,2024-11-04,completed,75.8,CERT-1110,not_placed,,,,,unverified,Wage offered too low,,,,,,
1111,Jaipur,Rajasthan,Male,General,1992,1,Electrician Assistant,Construction,Faridabad Skill Centre 9,2024-08-12,2024-11-04,completed,68.8,CERT-1111,wage_employment,Construction Helper (low-relevance role),Construction,Madan-Kanda,2024-11-28,confirmed,,ended,Left due to low wage relative to workload,14300.0,14300.0,,
1112,Ghaziabad,Uttar Pradesh,Other,OBC,2003,1,Electrician Assistant,Construction,Faridabad Skill Centre 9,2024-08-12,2024-11-04,completed,85.8,CERT-1112,not_placed,,,,,unverified,Felt underprepared / skill mismatch,,,,,,
1113,Gurugram,Haryana,Other,General,1990,1,Electrician Assistant,Construction,Faridabad Skill Centre 9,2024-08-12,2024-11-04,completed,72.4,CERT-1113,not_placed,,,,,unverified,Health-related reasons,,,,,,
1114,Jaipur,Rajasthan,Other,ST,1995,1,Electrician Assistant,Construction,Faridabad Skill Centre 9,2024-08-12,2024-11-04,completed,49.7,CERT-1114,wage_employment,Construction Helper (low-relevance role),Construction,Madan-Kanda,2024-11-23,unverified,,ended,Left due to low wage relative to workload,11800.0,,,
1115,Jaipur,Rajasthan,Male,General,1993,1,Electrician Assistant,Construction,Faridabad Skill Centre 9,2024-08-12,2024-11-04,completed,87.6,CERT-1115,not_placed,,,,,unverified,Job location too far / relocation not feasible,,,,,,
1116,Gurugram,Haryana,Male,OBC,1998,1,Electrician Assistant,Construction,Faridabad Skill Centre 9,2024-08-12,2024-11-04,completed,76.5,CERT-1116,not_placed,,,,,unverified,Wage offered too low,,,,,,
1117,Gurugram,Haryana,Other,ST,2000,1,Electrician Assistant,Construction,Faridabad Skill Centre 9,2024-08-12,2024-11-04,completed,49.3,CERT-1117,self_employment,Construction Helper (low-relevance role),Construction,,2024-11-27,confirmed,,active,,9500.0,10300.0,11100.0,11300.0
1118,Faridabad,Haryana,Female,OBC,2004,1,Electrician Assistant,Construction,Faridabad Skill Centre 9,2024-08-12,2024-11-04,completed,60.6,CERT-1118,wage_employment,Construction Associate,Construction,"Nair, Bhalla and Karnik",2024-12-18,unverified,,active,,9500.0,10000.0,11100.0,11500.0
1119,Ghaziabad,Uttar Pradesh,Male,ST,1993,1,Electrician Assistant,Construction,Faridabad Skill Centre 9,2024-08-12,2024-11-04,completed,58.2,CERT-1119,apprenticeship,Construction Associate,Construction,"Konda, Gade and Shere",2024-12-31,confirmed,,active,,13800.0,14700.0,15100.0,16100.0
1120,Ghaziabad,Uttar Pradesh,Other,General,1994,1,Electrician Assistant,Construction,Faridabad Skill Centre 9,2024-08-12,2024-11-04,completed,54.9,CERT-1120,wage_employment,Construction Associate,Construction,"Konda, Gade and Shere",2024-11-25,confirmed,,active,,14400.0,15200.0,16500.0,18200.0
1121,Jaipur,Rajasthan,Male,ST,2005,1,Electrician Assistant,Construction,Faridabad Skill Centre 9,2024-08-12,2024-11-04,completed,68.9,CERT-1121,apprenticeship,Construction Helper (low-relevance role),Construction,"Konda, Gade and Shere",2024-11-10,unverified,,active,,13800.0,14700.0,15600.0,17000.0
1122,Gautam Buddh Nagar,Uttar Pradesh,Male,General,1999,1,Electrician Assistant,Construction,Faridabad Skill Centre 9,2024-08-12,2024-11-04,completed,79.9,CERT-1122,wage_employment,Construction Associate,Construction,Madan-Kanda,2024-11-17,unverified,,active,,13400.0,14000.0,14400.0,15100.0
1123,Jaipur,Rajasthan,Other,SC,2003,1,Electrician Assistant,Construction,Faridabad Skill Centre 9,2024-08-12,2024-11-04,completed,65.3,CERT-1123,self_employment,Construction Helper (low-relevance role),Construction,,2024-11-26,unverified,,ended,Workplace conditions / employer issues,10400.0,,,
1124,Gautam Buddh Nagar,Uttar Pradesh,Other,ST,1998,1,Electrician Assistant,Construction,Faridabad Skill Centre 9,2024-08-12,2024-11-04,completed,94.7,CERT-1124,not_placed,,,,,unverified,Felt underprepared / skill mismatch,,,,,,
1125,Jaipur,Rajasthan,Other,SC,1991,1,Electrician Assistant,Construction,Faridabad Skill Centre 9,2024-08-12,2024-11-04,completed,52.0,CERT-1125,wage_employment,Construction Associate,Construction,"Loke, Bora and Garg",2024-12-10,unverified,,active,,11500.0,11800.0,12700.0,13000.0
1126,Gurugram,Haryana,Other,OBC,1993,1,Electrician Assistant,Construction,Faridabad Skill Centre 9,2024-08-12,2024-11-04,completed,96.1,CERT-1126,not_placed,,,,,unverified,Job location too far / relocation not feasible,,,,,,
1127,Jaipur,Rajasthan,Male,General,2000,1,Electrician Assistant,Construction,Faridabad Skill Centre 9,2024-08-12,2024-11-04,dropped_out,71.3,,,,,,,,,,,,,,
1128,Faridabad,Haryana,Other,OBC,1996,1,Electrician Assistant,Construction,Faridabad Skill Centre 9,2024-08-12,2024-11-04,dropped_out,97.5,,,,,,,,,,,,,,
1129,Gurugram,Haryana,Female,ST,1991,1,Electrician Assistant,Construction,Faridabad Skill Centre 9,2024-08-12,2024-11-04,completed,75.5,CERT-1129,not_placed,,,,,unverified,Health-related reasons,,,,,,
1130,Ghaziabad,Uttar Pradesh,Other,General,2000,1,Electrician Assistant,Construction,Faridabad Skill Centre 9,2024-08-12,2024-11-04,completed,72.3,CERT-1130,wage_employment,Construction Associate,Construction,Pant-Kadakia,2024-12-17,unverified,,active,,10700.0,11200.0,11800.0,12500.0
1131,Faridabad,Haryana,Female,General,2000,1,Electrician Assistant,Construction,Faridabad Skill Centre 9,2024-08-12,2024-11-04,completed,78.4,CERT-1131,not_placed,,,,,unverified,Pursuing further education,,,,,,
1132,Gurugram,Haryana,Male,OBC,1992,1,Electrician Assistant,Construction,Faridabad Skill Centre 9,2024-08-12,2024-11-04,completed,53.8,CERT-1132,wage_employment,Construction Helper (low-relevance role),Construction,"Loke, Bora and Garg",2024-12-24,confirmed,,active,,9400.0,9600.0,10300.0,10800.0
1133,Jaipur,Rajasthan,Male,General,1993,1,Electrician Assistant,Construction,Faridabad Skill Centre 9,2024-08-12,2024-11-04,completed,88.5,CERT-1133,wage_employment,Construction Helper (low-relevance role),Construction,Madan-Kanda,2024-12-10,unverified,,active,,10900.0,12400.0,12800.0,
1134,Jaipur,Rajasthan,Other,OBC,1990,1,Electrician Assistant,Construction,Faridabad Skill Centre 9,2024-08-12,2024-11-04,completed,65.9,CERT-1134,apprenticeship,Construction Associate,Construction,"Nair, Bhalla and Karnik",2024-11-14,unverified,,ended,Commute / relocation issues,12800.0,,,
1135,Gurugram,Haryana,Other,SC,1995,1,Electrician Assistant,Construction,Faridabad Skill Centre 9,2024-08-12,2024-11-04,completed,92.8,CERT-1135,wage_employment,Construction Associate,Construction,Madan-Kanda,2024-12-05,unverified,,ended,Moved to a better opportunity,9800.0,10100.0,,
1136,Faridabad,Haryana,Female,ST,2005,1,Electrician Assistant,Construction,Faridabad Skill Centre 9,2024-08-12,2024-11-04,completed,47.3,CERT-1136,apprenticeship,Construction Associate,Construction,"Nair, Bhalla and Karnik",2024-11-24,unverified,,active,,9500.0,10200.0,11000.0,
1137,Ghaziabad,Uttar Pradesh,Female,OBC,2002,1,Electrician Assistant,Construction,Faridabad Skill Centre 9,2024-08-12,2024-11-04,completed,50.9,CERT-1137,not_placed,,,,,unverified,Wage offered too low,,,,,,
1138,Faridabad,Haryana,Female,General,1995,1,Electrician Assistant,Construction,Faridabad Skill Centre 9,2024-08-12,2024-11-04,completed,76.8,CERT-1138,wage_employment,Construction Helper (low-relevance role),Construction,"Konda, Gade and Shere",2024-12-13,confirmed,,active,,13100.0,13900.0,,
1139,Faridabad,Haryana,Other,SC,1992,1,Electrician Assistant,Construction,Faridabad Skill Centre 9,2024-08-12,2024-11-04,completed,75.6,CERT-1139,self_employment,Construction Associate,Construction,,2024-12-28,confirmed,,active,,12500.0,13100.0,13700.0,
1140,Jaipur,Rajasthan,Female,OBC,2004,1,Electrician Assistant,Construction,Faridabad Skill Centre 9,2024-08-12,2024-11-04,completed,72.4,CERT-1140,apprenticeship,Construction Associate,Construction,Patla-Gaba,2024-12-29,confirmed,,ended,Left due to low wage relative to workload,14000.0,14100.0,14600.0,
1141,Gautam Buddh Nagar,Uttar Pradesh,Female,General,1993,1,Electrician Assistant,Construction,Faridabad Skill Centre 9,2024-08-12,2024-11-04,completed,57.6,CERT-1141,wage_employment,Construction Helper (low-relevance role),Construction,Patla-Gaba,2024-12-12,unverified,,ended,Moved to a better opportunity,12400.0,13400.0,14000.0,
1142,Faridabad,Haryana,Male,SC,2001,1,Electrician Assistant,Construction,Faridabad Skill Centre 9,2024-08-12,2024-11-04,completed,58.7,CERT-1142,wage_employment,Construction Helper (low-relevance role),Construction,Pant-Kadakia,2024-11-14,confirmed,,active,,11000.0,11900.0,12500.0,13400.0
1143,Faridabad,Haryana,Female,SC,1995,1,Electrician Assistant,Construction,Faridabad Skill Centre 9,2024-08-12,2024-11-04,completed,71.1,CERT-1143,wage_employment,Construction Helper (low-relevance role),Construction,"Konda, Gade and Shere",2024-12-27,confirmed,,ended,Left due to low wage relative to workload,11500.0,,,
1144,Ghaziabad,Uttar Pradesh,Male,General,2003,1,Electrician Assistant,Construction,Faridabad Skill Centre 9,2024-08-12,2024-11-04,completed,63.7,CERT-1144,not_placed,,,,,unverified,Job location too far / relocation not feasible,,,,,,
1145,Gurugram,Haryana,Female,SC,1990,1,Electrician Assistant,Construction,Faridabad Skill Centre 9,2024-08-12,2024-11-04,completed,81.1,CERT-1145,wage_employment,Construction Helper (low-relevance role),Construction,"Nair, Bhalla and Karnik",2024-11-20,confirmed,,ended,Left due to low wage relative to workload,11600.0,,,
1146,Gurugram,Haryana,Male,SC,1999,1,Electrician Assistant,Construction,Faridabad Skill Centre 9,2024-08-12,2024-11-04,dropped_out,64.9,,,,,,,,,,,,,,
1147,Gurugram,Haryana,Female,General,2001,1,Electrician Assistant,Construction,Faridabad Skill Centre 9,2024-08-12,2024-11-04,completed,62.0,CERT-1147,not_placed,,,,,unverified,No suitable openings in area,,,,,,
1148,Jaipur,Rajasthan,Male,ST,1991,1,Electrician Assistant,Construction,Faridabad Skill Centre 9,2024-08-12,2024-11-04,completed,94.5,CERT-1148,wage_employment,Construction Associate,Construction,Madan-Kanda,2025-01-16,confirmed,,active,,10300.0,10600.0,11100.0,12200.0
1149,Ghaziabad,Uttar Pradesh,Other,ST,1997,1,Electrician Assistant,Construction,Faridabad Skill Centre 9,2024-08-12,2024-11-04,completed,87.5,CERT-1149,wage_employment,Construction Associate,Construction,Patla-Gaba,2024-11-21,unverified,,active,,11600.0,12300.0,12300.0,12800.0
1150,Ghaziabad,Uttar Pradesh,Female,OBC,2000,1,Electrician Assistant,Construction,Faridabad Skill Centre 9,2024-08-12,2024-11-04,completed,94.5,CERT-1150,not_placed,,,,,unverified,Job location too far / relocation not feasible,,,,,,
1151,Jaipur,Rajasthan,Male,OBC,1995,1,Electrician Assistant,Construction,Faridabad Skill Centre 9,2024-08-12,2024-11-04,completed,93.7,CERT-1151,not_placed,,,,,unverified,Pursuing further education,,,,,,
1152,Ghaziabad,Uttar Pradesh,Male,OBC,2007,1,Electrician Assistant,Construction,Faridabad Skill Centre 9,2024-08-12,2024-11-04,dropped_out,57.6,,,,,,,,,,,,,,
1153,Ghaziabad,Uttar Pradesh,Other,General,1990,1,Electrician Assistant,Construction,Faridabad Skill Centre 9,2024-08-12,2024-11-04,completed,97.6,CERT-1153,wage_employment,Construction Associate,Construction,Pant-Kadakia,2024-12-01,unverified,,active,,10800.0,10600.0,11000.0,
1154,Gurugram,Haryana,Female,ST,2000,1,Electrician Assistant,Construction,Faridabad Skill Centre 9,2024-08-12,2024-11-04,dropped_out,94.1,,,,,,,,,,,,,,
1155,Gurugram,Haryana,Other,General,2003,1,Electrician Assistant,Construction,Faridabad Skill Centre 9,2024-08-12,2024-11-04,completed,95.8,CERT-1155,wage_employment,Construction Associate,Construction,"Konda, Gade and Shere",2024-12-15,confirmed,,active,,9900.0,10400.0,,
1156,Jaipur,Rajasthan,Male,ST,1991,1,Electrician Assistant,Construction,Faridabad Skill Centre 9,2024-08-12,2024-11-04,completed,83.7,CERT-1156,self_employment,Construction Associate,Construction,,2024-11-09,confirmed,,active,,10000.0,10700.0,11300.0,
1157,Faridabad,Haryana,Female,ST,1998,1,Electrician Assistant,Construction,Gautam Buddh Nagar Skill Centre 6,2024-02-27,2024-05-21,completed,85.2,CERT-1157,wage_employment,Construction Helper (low-relevance role),Construction,"Konda, Gade and Shere",2024-06-12,confirmed,,active,,11600.0,12100.0,12900.0,13700.0
1158,Gautam Buddh Nagar,Uttar Pradesh,Other,ST,1999,1,Electrician Assistant,Construction,Gautam Buddh Nagar Skill Centre 6,2024-02-27,2024-05-21,completed,76.5,CERT-1158,not_placed,,,,,unverified,Wage offered too low,,,,,,
1159,Jaipur,Rajasthan,Other,ST,1996,1,Electrician Assistant,Construction,Gautam Buddh Nagar Skill Centre 6,2024-02-27,2024-05-21,completed,89.4,CERT-1159,not_placed,,,,,unverified,Felt underprepared / skill mismatch,,,,,,
1160,Jaipur,Rajasthan,Male,ST,1992,1,Electrician Assistant,Construction,Gautam Buddh Nagar Skill Centre 6,2024-02-27,2024-05-21,dropped_out,84.2,,,,,,,,,,,,,,
1161,Gurugram,Haryana,Female,SC,2000,1,Electrician Assistant,Construction,Gautam Buddh Nagar Skill Centre 6,2024-02-27,2024-05-21,completed,87.4,CERT-1161,self_employment,Construction Helper (low-relevance role),Construction,,2024-07-20,confirmed,,active,,14900.0,15700.0,16600.0,
1162,Gautam Buddh Nagar,Uttar Pradesh,Other,SC,2000,1,Electrician Assistant,Construction,Gautam Buddh Nagar Skill Centre 6,2024-02-27,2024-05-21,completed,63.0,CERT-1162,wage_employment,Construction Helper (low-relevance role),Construction,Patla-Gaba,2024-06-18,unverified,,active,,13900.0,14100.0,15100.0,15300.0
1163,Gautam Buddh Nagar,Uttar Pradesh,Other,OBC,2006,1,Electrician Assistant,Construction,Gautam Buddh Nagar Skill Centre 6,2024-02-27,2024-05-21,completed,51.8,CERT-1163,wage_employment,Construction Associate,Construction,"Nair, Bhalla and Karnik",2024-07-26,disputed,,active,,11300.0,12100.0,11700.0,
1164,Gurugram,Haryana,Female,SC,2002,1,Electrician Assistant,Construction,Gautam Buddh Nagar Skill Centre 6,2024-02-27,2024-05-21,completed,81.4,CERT-1164,not_placed,,,,,unverified,Family responsibilities / not permitted to work,,,,,,
1165,Faridabad,Haryana,Other,OBC,1996,1,Electrician Assistant,Construction,Gautam Buddh Nagar Skill Centre 6,2024-02-27,2024-05-21,completed,90.4,CERT-1165,not_placed,,,,,unverified,Job location too far / relocation not feasible,,,,,,
1166,Ghaziabad,Uttar Pradesh,Female,General,2002,1,Electrician Assistant,Construction,Gautam Buddh Nagar Skill Centre 6,2024-02-27,2024-05-21,completed,48.1,CERT-1166,not_placed,,,,,unverified,Job location too far / relocation not feasible,,,,,,
1167,Faridabad,Haryana,Female,General,2002,1,Electrician Assistant,Construction,Gautam Buddh Nagar Skill Centre 6,2024-02-27,2024-05-21,completed,62.1,CERT-1167,not_placed,,,,,unverified,Pursuing further education,,,,,,
1168,Jaipur,Rajasthan,Male,SC,2003,1,Electrician Assistant,Construction,Gautam Buddh Nagar Skill Centre 6,2024-02-27,2024-05-21,completed,94.1,CERT-1168,not_placed,,,,,unverified,Job location too far / relocation not feasible,,,,,,
1169,Gurugram,Haryana,Male,General,2005,1,Electrician Assistant,Construction,Gautam Buddh Nagar Skill Centre 6,2024-02-27,2024-05-21,completed,54.1,CERT-1169,wage_employment,Construction Associate,Construction,Patla-Gaba,2024-06-01,confirmed,,active,,13900.0,14500.0,15300.0,16000.0
1170,Jaipur,Rajasthan,Male,General,2005,1,Electrician Assistant,Construction,Gautam Buddh Nagar Skill Centre 6,2024-02-27,2024-05-21,completed,89.9,CERT-1170,wage_employment,Construction Associate,Construction,Madan-Kanda,2024-07-19,confirmed,,active,,14200.0,15300.0,15900.0,16400.0
1171,Gurugram,Haryana,Other,OBC,1991,1,Electrician Assistant,Construction,Gautam Buddh Nagar Skill Centre 6,2024-02-27,2024-05-21,dropped_out,77.3,,,,,,,,,,,,,,
1172,Gurugram,Haryana,Female,SC,1992,1,Electrician Assistant,Construction,Gautam Buddh Nagar Skill Centre 6,2024-02-27,2024-05-21,completed,45.6,CERT-1172,not_placed,,,,,unverified,Family responsibilities / not permitted to work,,,,,,
1173,Jaipur,Rajasthan,Other,ST,2005,1,Electrician Assistant,Construction,Gautam Buddh Nagar Skill Centre 6,2024-02-27,2024-05-21,completed,93.7,CERT-1173,not_placed,,,,,unverified,Felt underprepared / skill mismatch,,,,,,
1174,Ghaziabad,Uttar Pradesh,Male,OBC,1998,1,Electrician Assistant,Construction,Gautam Buddh Nagar Skill Centre 6,2024-02-27,2024-05-21,completed,50.8,CERT-1174,wage_employment,Construction Associate,Construction,Madan-Kanda,2024-05-27,confirmed,,active,,13500.0,14000.0,15100.0,16200.0
1175,Jaipur,Rajasthan,Female,ST,1991,1,Electrician Assistant,Construction,Gautam Buddh Nagar Skill Centre 6,2024-02-27,2024-05-21,dropped_out,83.0,,,,,,,,,,,,,,
1176,Gurugram,Haryana,Female,General,1998,1,Electrician Assistant,Construction,Gautam Buddh Nagar Skill Centre 6,2024-02-27,2024-05-21,completed,96.4,CERT-1176,wage_employment,Construction Associate,Construction,Pant-Kadakia,2024-07-07,unverified,,active,,10900.0,11000.0,,
1177,Jaipur,Rajasthan,Female,SC,2001,1,Electrician Assistant,Construction,Gautam Buddh Nagar Skill Centre 6,2024-02-27,2024-05-21,dropped_out,92.7,,,,,,,,,,,,,,
1178,Gurugram,Haryana,Other,OBC,2006,1,Electrician Assistant,Construction,Gautam Buddh Nagar Skill Centre 6,2024-02-27,2024-05-21,completed,71.5,CERT-1178,not_placed,,,,,unverified,Wage offered too low,,,,,,
1179,Jaipur,Rajasthan,Other,ST,2000,1,Electrician Assistant,Construction,Gautam Buddh Nagar Skill Centre 6,2024-02-27,2024-05-21,completed,87.7,CERT-1179,wage_employment,Construction Associate,Construction,Pant-Kadakia,2024-06-26,unverified,,active,,11600.0,11600.0,12000.0,12800.0
1180,Faridabad,Haryana,Female,OBC,2002,1,Electrician Assistant,Construction,Gautam Buddh Nagar Skill Centre 6,2024-02-27,2024-05-21,completed,79.0,CERT-1180,not_placed,,,,,unverified,Job location too far / relocation not feasible,,,,,,
1181,Jaipur,Rajasthan,Male,OBC,1992,1,Electrician Assistant,Construction,Gautam Buddh Nagar Skill Centre 6,2024-02-27,2024-05-21,completed,52.8,CERT-1181,wage_employment,Construction Helper (low-relevance role),Construction,"Loke, Bora and Garg",2024-07-04,confirmed,,active,,14600.0,15600.0,16700.0,16400.0
1182,Faridabad,Haryana,Male,ST,2000,1,Electrician Assistant,Construction,Gautam Buddh Nagar Skill Centre 6,2024-02-27,2024-05-21,dropped_out,92.1,,,,,,,,,,,,,,
1183,Gurugram,Haryana,Male,SC,2004,1,Electrician Assistant,Construction,Gautam Buddh Nagar Skill Centre 6,2024-02-27,2024-05-21,completed,48.7,CERT-1183,not_placed,,,,,unverified,Job location too far / relocation not feasible,,,,,,
1184,Gurugram,Haryana,Female,General,2000,1,Electrician Assistant,Construction,Gautam Buddh Nagar Skill Centre 6,2024-02-27,2024-05-21,completed,91.6,CERT-1184,wage_employment,Construction Associate,Construction,Patla-Gaba,2024-07-22,unverified,,active,,12500.0,12800.0,13300.0,13400.0
1185,Ghaziabad,Uttar Pradesh,Female,OBC,2006,1,Electrician Assistant,Construction,Gautam Buddh Nagar Skill Centre 6,2024-02-27,2024-05-21,completed,81.3,CERT-1185,wage_employment,Construction Helper (low-relevance role),Construction,Madan-Kanda,2024-07-16,unverified,,active,,13700.0,14200.0,15000.0,15200.0
1186,Jaipur,Rajasthan,Female,ST,1994,1,Electrician Assistant,Construction,Gautam Buddh Nagar Skill Centre 6,2024-02-27,2024-05-21,dropped_out,66.3,,,,,,,,,,,,,,
1187,Jaipur,Rajasthan,Female,General,1991,1,Electrician Assistant,Construction,Gautam Buddh Nagar Skill Centre 6,2024-02-27,2024-05-21,completed,52.0,CERT-1187,wage_employment,Construction Associate,Construction,Madan-Kanda,2024-06-13,confirmed,,ended,Job did not match trained skillset,13200.0,13600.0,,
1188,Faridabad,Haryana,Other,ST,2006,1,Electrician Assistant,Construction,Gautam Buddh Nagar Skill Centre 6,2024-02-27,2024-05-21,completed,86.5,CERT-1188,not_placed,,,,,unverified,Health-related reasons,,,,,,
1189,Ghaziabad,Uttar Pradesh,Male,ST,2000,1,Electrician Assistant,Construction,Gautam Buddh Nagar Skill Centre 6,2024-02-27,2024-05-21,dropped_out,70.8,,,,,,,,,,,,,,
1190,Ghaziabad,Uttar Pradesh,Female,OBC,1993,1,Electrician Assistant,Construction,Gautam Buddh Nagar Skill Centre 6,2024-02-27,2024-05-21,completed,62.5,CERT-1190,not_placed,,,,,unverified,Pursuing further education,,,,,,
1191,Gurugram,Haryana,Other,General,2004,1,Electrician Assistant,Construction,Gautam Buddh Nagar Skill Centre 6,2024-02-27,2024-05-21,completed,79.1,CERT-1191,wage_employment,Construction Helper (low-relevance role),Construction,"Nair, Bhalla and Karnik",2024-06-23,unverified,,active,,10900.0,11400.0,11900.0,13200.0
1192,Gautam Buddh Nagar,Uttar Pradesh,Male,ST,1996,1,Electrician Assistant,Construction,Gautam Buddh Nagar Skill Centre 6,2024-02-27,2024-05-21,completed,78.3,CERT-1192,apprenticeship,Construction Helper (low-relevance role),Construction,Madan-Kanda,2024-06-04,unverified,,ended,Moved to a better opportunity,11700.0,,,
1193,Gurugram,Haryana,Male,SC,2001,1,Electrician Assistant,Construction,Gautam Buddh Nagar Skill Centre 6,2024-02-27,2024-05-21,completed,96.7,CERT-1193,not_placed,,,,,unverified,Job location too far / relocation not feasible,,,,,,
1194,Ghaziabad,Uttar Pradesh,Other,ST,2003,1,Electrician Assistant,Construction,Gautam Buddh Nagar Skill Centre 6,2024-02-27,2024-05-21,completed,88.2,CERT-1194,wage_employment,Construction Helper (low-relevance role),Construction,Pant-Kadakia,2024-07-05,unverified,,active,,11100.0,11500.0,11600.0,11500.0
1195,Ghaziabad,Uttar Pradesh,Female,General,1991,1,Electrician Assistant,Construction,Gautam Buddh Nagar Skill Centre 6,2024-02-27,2024-05-21,completed,64.5,CERT-1195,not_placed,,,,,unverified,Job location too far / relocation not feasible,,,,,,
1196,Ghaziabad,Uttar Pradesh,Female,OBC,1997,1,Electrician Assistant,Construction,Gautam Buddh Nagar Skill Centre 6,2024-02-27,2024-05-21,completed,64.9,CERT-1196,not_placed,,,,,unverified,Job location too far / relocation not feasible,,,,,,
1197,Jaipur,Rajasthan,Other,SC,2001,1,Electrician Assistant,Construction,Gautam Buddh Nagar Skill Centre 6,2024-02-27,2024-05-21,completed,75.9,CERT-1197,not_placed,,,,,unverified,Wage offered too low,,,,,,
1198,Faridabad,Haryana,Male,SC,1996,1,Electrician Assistant,Construction,Gautam Buddh Nagar Skill Centre 6,2024-02-27,2024-05-21,completed,89.9,CERT-1198,not_placed,,,,,unverified,Job location too far / relocation not feasible,,,,,,
1199,Gautam Buddh Nagar,Uttar Pradesh,Other,SC,2001,1,Electrician Assistant,Construction,Gautam Buddh Nagar Skill Centre 6,2024-02-27,2024-05-21,completed,79.5,CERT-1199,not_placed,,,,,unverified,Job location too far / relocation not feasible,,,,,,
1200,Jaipur,Rajasthan,Male,General,1993,1,Electrician Assistant,Construction,Gautam Buddh Nagar Skill Centre 6,2024-02-27,2024-05-21,completed,62.8,CERT-1200,not_placed,,,,,unverified,No suitable openings in area,,,,,,
1201,Gautam Buddh Nagar,Uttar Pradesh,Other,General,2006,1,Electrician Assistant,Construction,Gautam Buddh Nagar Skill Centre 6,2024-02-27,2024-05-21,completed,74.2,CERT-1201,not_placed,,,,,unverified,No suitable openings in area,,,,,,
1202,Gautam Buddh Nagar,Uttar Pradesh,Male,SC,1997,1,Electrician Assistant,Construction,Gautam Buddh Nagar Skill Centre 6,2024-02-27,2024-05-21,completed,65.5,CERT-1202,not_placed,,,,,unverified,Pursuing further education,,,,,,
1203,Gurugram,Haryana,Female,ST,2007,1,Electrician Assistant,Construction,Gautam Buddh Nagar Skill Centre 6,2024-02-27,2024-05-21,completed,60.3,CERT-1203,not_placed,,,,,unverified,Wage offered too low,,,,,,
1204,Ghaziabad,Uttar Pradesh,Male,SC,2007,1,Electrician Assistant,Construction,Gautam Buddh Nagar Skill Centre 6,2024-02-27,2024-05-21,completed,97.8,CERT-1204,not_placed,,,,,unverified,Felt underprepared / skill mismatch,,,,,,
1205,Gautam Buddh Nagar,Uttar Pradesh,Male,SC,1994,1,Electrician Assistant,Construction,Gautam Buddh Nagar Skill Centre 6,2024-02-27,2024-05-21,completed,84.7,CERT-1205,not_placed,,,,,unverified,Family responsibilities / not permitted to work,,,,,,
1206,Faridabad,Haryana,Female,OBC,1995,1,Electrician Assistant,Construction,Gautam Buddh Nagar Skill Centre 6,2024-02-27,2024-05-21,completed,69.0,CERT-1206,self_employment,Construction Helper (low-relevance role),Construction,,2024-07-18,confirmed,,active,,14500.0,15500.0,15400.0,
1207,Jaipur,Rajasthan,Female,General,2007,1,Electrician Assistant,Construction,Gautam Buddh Nagar Skill Centre 6,2024-02-27,2024-05-21,completed,56.1,CERT-1207,wage_employment,Construction Helper (low-relevance role),Construction,Pant-Kadakia,2024-07-18,confirmed,,ended,Left due to low wage relative to workload,14200.0,14400.0,,
1208,Gurugram,Haryana,Male,SC,1992,1,Electrician Assistant,Construction,Gautam Buddh Nagar Skill Centre 6,2024-02-27,2024-05-21,completed,93.1,CERT-1208,wage_employment,Construction Helper (low-relevance role),Construction,"Konda, Gade and Shere",2024-06-01,confirmed,,active,,9800.0,10300.0,10400.0,11000.0
1209,Gurugram,Haryana,Male,General,1992,1,Electrician Assistant,Construction,Gautam Buddh Nagar Skill Centre 6,2024-02-27,2024-05-21,dropped_out,94.1,,,,,,,,,,,,,,
1210,Jaipur,Rajasthan,Female,OBC,2000,1,Electrician Assistant,Construction,Gautam Buddh Nagar Skill Centre 6,2024-02-27,2024-05-21,completed,62.7,CERT-1210,self_employment,Construction Associate,Construction,,2024-06-21,unverified,,active,,11400.0,11700.0,12200.0,
1211,Gurugram,Haryana,Other,General,2002,1,Electrician Assistant,Construction,Gautam Buddh Nagar Skill Centre 6,2024-02-27,2024-05-21,completed,70.6,CERT-1211,not_placed,,,,,unverified,Wage offered too low,,,,,,
1212,Gurugram,Haryana,Female,SC,1992,1,Electrician Assistant,Construction,Gautam Buddh Nagar Skill Centre 6,2024-02-27,2024-05-21,completed,76.2,CERT-1212,wage_employment,Construction Associate,Construction,"Loke, Bora and Garg",2024-06-22,confirmed,,active,,11600.0,12500.0,13400.0,
1213,Faridabad,Haryana,Female,SC,1997,1,Electrician Assistant,Construction,Gautam Buddh Nagar Skill Centre 6,2024-02-27,2024-05-21,completed,49.5,CERT-1213,wage_employment,Construction Associate,Construction,Pant-Kadakia,2024-07-20,confirmed,,active,,14700.0,15200.0,15900.0,
1214,Gurugram,Haryana,Female,ST,2004,1,Electrician Assistant,Construction,Gautam Buddh Nagar Skill Centre 6,2024-02-27,2024-05-21,completed,79.5,CERT-1214,self_employment,Construction Associate,Construction,,2024-06-20,confirmed,,ended,Left due to low wage relative to workload,10200.0,,,
1215,Gurugram,Haryana,Other,General,2000,1,Electrician Assistant,Construction,Gautam Buddh Nagar Skill Centre 6,2024-02-27,2024-05-21,completed,93.5,CERT-1215,wage_employment,Construction Associate,Construction,Patla-Gaba,2024-06-07,confirmed,,active,,9200.0,9700.0,9900.0,10500.0
1216,Gautam Buddh Nagar,Uttar Pradesh,Male,OBC,1991,1,Electrician Assistant,Construction,Gautam Buddh Nagar Skill Centre 6,2024-02-27,2024-05-21,completed,76.1,CERT-1216,wage_employment,Construction Associate,Construction,"Loke, Bora and Garg",2024-07-13,confirmed,,active,,13400.0,14200.0,15100.0,14700.0
1217,Ghaziabad,Uttar Pradesh,Female,SC,1995,1,Electrician Assistant,Construction,Gautam Buddh Nagar Skill Centre 6,2024-02-27,2024-05-21,completed,90.6,CERT-1217,not_placed,,,,,unverified,Job location too far / relocation not feasible,,,,,,
1218,Ghaziabad,Uttar Pradesh,Female,ST,1999,1,Electrician Assistant,Construction,Gautam Buddh Nagar Skill Centre 6,2024-02-27,2024-05-21,completed,87.6,CERT-1218,not_placed,,,,,unverified,Job location too far / relocation not feasible,,,,,,
1219,Gautam Buddh Nagar,Uttar Pradesh,Male,ST,1995,1,Electrician Assistant,Construction,Gautam Buddh Nagar Skill Centre 6,2024-02-27,2024-05-21,completed,59.2,CERT-1219,not_placed,,,,,unverified,Pursuing further education,,,,,,
1220,Jaipur,Rajasthan,Female,ST,2001,1,Electrician Assistant,Construction,Gautam Buddh Nagar Skill Centre 6,2024-02-27,2024-05-21,completed,78.7,CERT-1220,apprenticeship,Construction Helper (low-relevance role),Construction,Pant-Kadakia,2024-06-30,unverified,,ended,Job did not match trained skillset,14000.0,15100.0,16100.0,
1221,Faridabad,Haryana,Male,OBC,1995,1,Electrician Assistant,Construction,Gautam Buddh Nagar Skill Centre 6,2024-02-27,2024-05-21,completed,72.1,CERT-1221,not_placed,,,,,unverified,Job location too far / relocation not feasible,,,,,,
1222,Gurugram,Haryana,Male,ST,1993,1,Electrician Assistant,Construction,Gautam Buddh Nagar Skill Centre 6,2024-02-27,2024-05-21,completed,64.6,CERT-1222,self_employment,Construction Associate,Construction,,2024-07-12,unverified,,active,,13000.0,14300.0,15100.0,14900.0
1223,Ghaziabad,Uttar Pradesh,Male,OBC,2002,1,Electrician Assistant,Construction,Gautam Buddh Nagar Skill Centre 6,2024-02-27,2024-05-21,completed,63.0,CERT-1223,wage_employment,Construction Associate,Construction,"Nair, Bhalla and Karnik",2024-07-18,unverified,,active,,13000.0,13500.0,14100.0,
1224,Jaipur,Rajasthan,Other,OBC,2005,1,Electrician Assistant,Construction,Gautam Buddh Nagar Skill Centre 6,2024-02-27,2024-05-21,completed,84.9,CERT-1224,not_placed,,,,,unverified,Felt underprepared / skill mismatch,,,,,,
1225,Gautam Buddh Nagar,Uttar Pradesh,Female,SC,2003,1,Housekeeping Operations,Hospitality,Faridabad Skill Centre 4,2024-02-02,2024-04-26,completed,80.7,CERT-1225,not_placed,,,,,unverified,Wage offered too low,,,,,,
1226,Jaipur,Rajasthan,Other,ST,1996,1,Housekeeping Operations,Hospitality,Faridabad Skill Centre 4,2024-02-02,2024-04-26,completed,58.0,CERT-1226,wage_employment,Hospitality Helper (low-relevance role),Hospitality,Bhatti-Kakar,2024-06-18,confirmed,,active,,10100.0,11200.0,11500.0,12200.0
1227,Jaipur,Rajasthan,Male,ST,1999,1,Housekeeping Operations,Hospitality,Faridabad Skill Centre 4,2024-02-02,2024-04-26,completed,79.0,CERT-1227,not_placed,,,,,unverified,Pursuing further education,,,,,,
1228,Ghaziabad,Uttar Pradesh,Other,SC,2002,1,Housekeeping Operations,Hospitality,Faridabad Skill Centre 4,2024-02-02,2024-04-26,completed,66.5,CERT-1228,not_placed,,,,,unverified,Wage offered too low,,,,,,
1229,Gautam Buddh Nagar,Uttar Pradesh,Female,SC,2004,1,Housekeeping Operations,Hospitality,Faridabad Skill Centre 4,2024-02-02,2024-04-26,dropped_out,66.0,,,,,,,,,,,,,,
1230,Jaipur,Rajasthan,Other,General,1998,1,Housekeeping Operations,Hospitality,Faridabad Skill Centre 4,2024-02-02,2024-04-26,completed,50.8,CERT-1230,not_placed,,,,,unverified,Pursuing further education,,,,,,
1231,Faridabad,Haryana,Other,ST,1999,1,Housekeeping Operations,Hospitality,Faridabad Skill Centre 4,2024-02-02,2024-04-26,completed,66.7,CERT-1231,not_placed,,,,,unverified,Wage offered too low,,,,,,
1232,Jaipur,Rajasthan,Female,SC,1997,1,Housekeeping Operations,Hospitality,Faridabad Skill Centre 4,2024-02-02,2024-04-26,completed,50.9,CERT-1232,wage_employment,Hospitality Helper (low-relevance role),Hospitality,Bhatti-Kakar,2024-06-14,unverified,,active,,11900.0,11900.0,12100.0,12900.0
1233,Gurugram,Haryana,Female,SC,2007,1,Housekeeping Operations,Hospitality,Faridabad Skill Centre 4,2024-02-02,2024-04-26,dropped_out,74.9,,,,,,,,,,,,,,
1234,Gurugram,Haryana,Other,General,1992,1,Housekeeping Operations,Hospitality,Faridabad Skill Centre 4,2024-02-02,2024-04-26,completed,90.8,CERT-1234,wage_employment,Hospitality Helper (low-relevance role),Hospitality,Mutti Group,2024-06-02,unverified,,active,,9000.0,9000.0,9100.0,
1235,Gautam Buddh Nagar,Uttar Pradesh,Other,ST,1994,1,Housekeeping Operations,Hospitality,Faridabad Skill Centre 4,2024-02-02,2024-04-26,completed,94.1,CERT-1235,wage_employment,Hospitality Associate,Hospitality,Mutti Group,2024-05-10,confirmed,,active,,12100.0,12300.0,12900.0,
1236,Gautam Buddh Nagar,Uttar Pradesh,Other,General,2005,1,Housekeeping Operations,Hospitality,Faridabad Skill Centre 4,2024-02-02,2024-04-26,completed,94.8,CERT-1236,not_placed,,,,,unverified,Wage offered too low,,,,,,
1237,Jaipur,Rajasthan,Female,General,2002,1,Housekeeping Operations,Hospitality,Faridabad Skill Centre 4,2024-02-02,2024-04-26,completed,70.5,CERT-1237,not_placed,,,,,unverified,No suitable openings in area,,,,,,
1238,Faridabad,Haryana,Female,OBC,1993,1,Housekeeping Operations,Hospitality,Faridabad Skill Centre 4,2024-02-02,2024-04-26,completed,50.2,CERT-1238,not_placed,,,,,unverified,No suitable openings in area,,,,,,
1239,Gautam Buddh Nagar,Uttar Pradesh,Male,ST,1994,1,Housekeeping Operations,Hospitality,Faridabad Skill Centre 4,2024-02-02,2024-04-26,completed,45.2,CERT-1239,not_placed,,,,,unverified,Family responsibilities / not permitted to work,,,,,,
1240,Gautam Buddh Nagar,Uttar Pradesh,Female,General,1999,1,Housekeeping Operations,Hospitality,Faridabad Skill Centre 4,2024-02-02,2024-04-26,completed,73.3,CERT-1240,not_placed,,,,,unverified,Job location too far / relocation not feasible,,,,,,
1241,Ghaziabad,Uttar Pradesh,Other,General,2005,1,Housekeeping Operations,Hospitality,Faridabad Skill Centre 4,2024-02-02,2024-04-26,completed,77.2,CERT-1241,not_placed,,,,,unverified,Job location too far / relocation not feasible,,,,,,
1242,Jaipur,Rajasthan,Male,ST,2001,1,Housekeeping Operations,Hospitality,Faridabad Skill Centre 4,2024-02-02,2024-04-26,completed,67.7,CERT-1242,not_placed,,,,,unverified,Wage offered too low,,,,,,
1243,Gautam Buddh Nagar,Uttar Pradesh,Other,ST,1991,1,Housekeeping Operations,Hospitality,Faridabad Skill Centre 4,2024-02-02,2024-04-26,completed,96.4,CERT-1243,not_placed,,,,,unverified,Job location too far / relocation not feasible,,,,,,
1244,Jaipur,Rajasthan,Female,OBC,1999,1,Housekeeping Operations,Hospitality,Faridabad Skill Centre 4,2024-02-02,2024-04-26,completed,51.3,CERT-1244,wage_employment,Hospitality Helper (low-relevance role),Hospitality,"Yohannan, Lall and Sangha",2024-05-31,confirmed,,active,,10600.0,11100.0,11700.0,12100.0
1245,Gurugram,Haryana,Male,General,1999,1,Housekeeping Operations,Hospitality,Faridabad Skill Centre 4,2024-02-02,2024-04-26,completed,69.7,CERT-1245,not_placed,,,,,unverified,Pursuing further education,,,,,,
1246,Gurugram,Haryana,Other,SC,2006,1,Housekeeping Operations,Hospitality,Faridabad Skill Centre 4,2024-02-02,2024-04-26,completed,77.0,CERT-1246,not_placed,,,,,unverified,Health-related reasons,,,,,,
1247,Jaipur,Rajasthan,Female,General,1997,1,Housekeeping Operations,Hospitality,Faridabad Skill Centre 4,2024-02-02,2024-04-26,completed,76.3,CERT-1247,not_placed,,,,,unverified,Pursuing further education,,,,,,
1248,Faridabad,Haryana,Male,ST,2004,1,Housekeeping Operations,Hospitality,Faridabad Skill Centre 4,2024-02-02,2024-04-26,completed,64.3,CERT-1248,not_placed,,,,,unverified,No suitable openings in area,,,,,,
1249,Ghaziabad,Uttar Pradesh,Other,General,2004,1,Housekeeping Operations,Hospitality,Faridabad Skill Centre 4,2024-02-02,2024-04-26,completed,65.7,CERT-1249,self_employment,Hospitality Helper (low-relevance role),Hospitality,,2024-06-21,confirmed,,active,,9000.0,9400.0,,
1250,Faridabad,Haryana,Other,ST,2006,1,Housekeeping Operations,Hospitality,Faridabad Skill Centre 4,2024-02-02,2024-04-26,completed,58.8,CERT-1250,not_placed,,,,,unverified,Family responsibilities / not permitted to work,,,,,,
1251,Gautam Buddh Nagar,Uttar Pradesh,Female,ST,1990,1,Housekeeping Operations,Hospitality,Faridabad Skill Centre 4,2024-02-02,2024-04-26,completed,76.8,CERT-1251,not_placed,,,,,unverified,Health-related reasons,,,,,,
1252,Gautam Buddh Nagar,Uttar Pradesh,Female,OBC,2005,1,Housekeeping Operations,Hospitality,Faridabad Skill Centre 4,2024-02-02,2024-04-26,dropped_out,66.6,,,,,,,,,,,,,,
1253,Ghaziabad,Uttar Pradesh,Other,General,2006,1,Housekeeping Operations,Hospitality,Faridabad Skill Centre 4,2024-02-02,2024-04-26,completed,91.1,CERT-1253,not_placed,,,,,unverified,Wage offered too low,,,,,,
1254,Ghaziabad,Uttar Pradesh,Female,OBC,2007,1,Housekeeping Operations,Hospitality,Faridabad Skill Centre 4,2024-02-02,2024-04-26,completed,53.2,CERT-1254,wage_employment,Hospitality Helper (low-relevance role),Hospitality,"Murty, Kala and Tata",2024-05-20,unverified,,ended,Left due to low wage relative to workload,11400.0,,,
1255,Faridabad,Haryana,Female,SC,1993,1,Housekeeping Operations,Hospitality,Faridabad Skill Centre 4,2024-02-02,2024-04-26,completed,50.4,CERT-1255,wage_employment,Hospitality Associate,Hospitality,"Yohannan, Lall and Sangha",2024-05-04,confirmed,,active,,9700.0,9500.0,9500.0,
1256,Faridabad,Haryana,Female,ST,2007,1,Housekeeping Operations,Hospitality,Faridabad Skill Centre 4,2024-02-02,2024-04-26,completed,46.5,CERT-1256,not_placed,,,,,unverified,Wage offered too low,,,,,,
1257,Gautam Buddh Nagar,Uttar Pradesh,Male,General,1990,1,Housekeeping Operations,Hospitality,Faridabad Skill Centre 4,2024-02-02,2024-04-26,completed,93.2,CERT-1257,not_placed,,,,,unverified,Job location too far / relocation not feasible,,,,,,
1258,Gurugram,Haryana,Other,SC,1992,1,Housekeeping Operations,Hospitality,Faridabad Skill Centre 4,2024-02-02,2024-04-26,completed,51.7,CERT-1258,not_placed,,,,,unverified,Felt underprepared / skill mismatch,,,,,,
1259,Gautam Buddh Nagar,Uttar Pradesh,Male,ST,1998,1,Housekeeping Operations,Hospitality,Faridabad Skill Centre 4,2024-02-02,2024-04-26,completed,87.4,CERT-1259,self_employment,Hospitality Helper (low-relevance role),Hospitality,,2024-05-17,unverified,,active,,11000.0,11600.0,12000.0,
1260,Ghaziabad,Uttar Pradesh,Other,General,2004,1,Housekeeping Operations,Hospitality,Faridabad Skill Centre 4,2024-02-02,2024-04-26,completed,50.2,CERT-1260,not_placed,,,,,unverified,Family responsibilities / not permitted to work,,,,,,
1261,Faridabad,Haryana,Female,ST,1998,1,Housekeeping Operations,Hospitality,Faridabad Skill Centre 4,2024-02-02,2024-04-26,completed,45.7,CERT-1261,not_placed,,,,,unverified,Family responsibilities / not permitted to work,,,,,,
1262,Gurugram,Haryana,Male,SC,2005,1,Housekeeping Operations,Hospitality,Faridabad Skill Centre 4,2024-02-02,2024-04-26,completed,46.1,CERT-1262,not_placed,,,,,unverified,Wage offered too low,,,,,,
1263,Gautam Buddh Nagar,Uttar Pradesh,Other,ST,2003,1,Housekeeping Operations,Hospitality,Faridabad Skill Centre 4,2024-02-02,2024-04-26,completed,47.6,CERT-1263,self_employment,Hospitality Helper (low-relevance role),Hospitality,,2024-07-06,confirmed,,active,,10600.0,10700.0,11400.0,11900.0
1264,Jaipur,Rajasthan,Male,General,1992,1,Housekeeping Operations,Hospitality,Faridabad Skill Centre 4,2024-02-02,2024-04-26,completed,56.7,CERT-1264,wage_employment,Hospitality Helper (low-relevance role),Hospitality,Shanker-Dhar,2024-06-21,unverified,,active,,10200.0,10500.0,11100.0,11500.0
1265,Gurugram,Haryana,Female,General,2006,1,Housekeeping Operations,Hospitality,Faridabad Skill Centre 4,2024-02-02,2024-04-26,completed,69.1,CERT-1265,wage_employment,Hospitality Helper (low-relevance role),Hospitality,"Murty, Kala and Tata",2024-06-13,unverified,,ended,Health-related reasons,10800.0,11900.0,12400.0,
1266,Ghaziabad,Uttar Pradesh,Other,OBC,1997,1,Housekeeping Operations,Hospitality,Faridabad Skill Centre 4,2024-02-02,2024-04-26,completed,62.9,CERT-1266,not_placed,,,,,unverified,Job location too far / relocation not feasible,,,,,,
1267,Ghaziabad,Uttar Pradesh,Male,OBC,1992,1,Housekeeping Operations,Hospitality,Faridabad Skill Centre 4,2024-02-02,2024-04-26,completed,57.0,CERT-1267,apprenticeship,Hospitality Helper (low-relevance role),Hospitality,Bhatti-Kakar,2024-06-25,confirmed,,active,,9400.0,9900.0,10400.0,10800.0
1268,Jaipur,Rajasthan,Male,General,1996,1,Housekeeping Operations,Hospitality,Faridabad Skill Centre 4,2024-02-02,2024-04-26,completed,97.3,CERT-1268,not_placed,,,,,unverified,Felt underprepared / skill mismatch,,,,,,
1269,Ghaziabad,Uttar Pradesh,Female,OBC,1993,1,Housekeeping Operations,Hospitality,Faridabad Skill Centre 4,2024-02-02,2024-04-26,completed,61.0,CERT-1269,not_placed,,,,,unverified,Felt underprepared / skill mismatch,,,,,,
1270,Gautam Buddh Nagar,Uttar Pradesh,Female,General,1995,1,Housekeeping Operations,Hospitality,Faridabad Skill Centre 4,2024-02-02,2024-04-26,completed,80.6,CERT-1270,wage_employment,Hospitality Helper (low-relevance role),Hospitality,"Yohannan, Lall and Sangha",2024-06-01,confirmed,,active,,9300.0,,,
1271,Jaipur,Rajasthan,Male,General,2000,1,Housekeeping Operations,Hospitality,Faridabad Skill Centre 4,2024-02-02,2024-04-26,completed,54.8,CERT-1271,self_employment,Hospitality Helper (low-relevance role),Hospitality,,2024-06-05,unverified,,active,,10200.0,10500.0,10800.0,11800.0
1272,Faridabad,Haryana,Male,General,2004,1,Housekeeping Operations,Hospitality,Faridabad Skill Centre 4,2024-02-02,2024-04-26,completed,65.0,CERT-1272,wage_employment,Hospitality Associate,Hospitality,Bhatti-Kakar,2024-06-26,unverified,,active,,11800.0,12400.0,,
1273,Faridabad,Haryana,Female,SC,2000,1,Housekeeping Operations,Hospitality,Faridabad Skill Centre 4,2024-02-02,2024-04-26,completed,70.0,CERT-1273,not_placed,,,,,unverified,Job location too far / relocation not feasible,,,,,,
1274,Ghaziabad,Uttar Pradesh,Other,OBC,1990,1,Housekeeping Operations,Hospitality,Faridabad Skill Centre 4,2024-02-02,2024-04-26,completed,88.5,CERT-1274,not_placed,,,,,unverified,Job location too far / relocation not feasible,,,,,,
1275,Gautam Buddh Nagar,Uttar Pradesh,Other,General,2003,1,Housekeeping Operations,Hospitality,Faridabad Skill Centre 4,2024-02-02,2024-04-26,completed,78.1,CERT-1275,wage_employment,Hospitality Helper (low-relevance role),Hospitality,"Yohannan, Lall and Sangha",2024-05-15,unverified,,active,,11500.0,12200.0,12100.0,
1276,Ghaziabad,Uttar Pradesh,Other,SC,2002,1,Housekeeping Operations,Hospitality,Faridabad Skill Centre 4,2024-02-02,2024-04-26,completed,64.5,CERT-1276,wage_employment,Hospitality Helper (low-relevance role),Hospitality,Mutti Group,2024-06-06,unverified,,active,,9200.0,9800.0,9700.0,10200.0
1277,Jaipur,Rajasthan,Male,ST,2006,1,Housekeeping Operations,Hospitality,Faridabad Skill Centre 4,2024-02-02,2024-04-26,completed,51.7,CERT-1277,apprenticeship,Hospitality Helper (low-relevance role),Hospitality,"Yohannan, Lall and Sangha",2024-06-03,confirmed,,active,,10400.0,11000.0,11400.0,
1278,Faridabad,Haryana,Female,ST,2001,1,Housekeeping Operations,Hospitality,Faridabad Skill Centre 4,2024-02-02,2024-04-26,completed,54.8,CERT-1278,self_employment,Hospitality Helper (low-relevance role),Hospitality,,2024-05-29,unverified,,active,,10300.0,10500.0,10800.0,11000.0
1279,Faridabad,Haryana,Male,ST,2006,1,Housekeeping Operations,Hospitality,Faridabad Skill Centre 4,2024-02-02,2024-04-26,completed,59.8,CERT-1279,not_placed,,,,,unverified,Job location too far / relocation not feasible,,,,,,
1280,Gurugram,Haryana,Female,SC,1993,1,Housekeeping Operations,Hospitality,Faridabad Skill Centre 4,2024-02-02,2024-04-26,completed,52.3,CERT-1280,wage_employment,Hospitality Helper (low-relevance role),Hospitality,Bhatti-Kakar,2024-06-23,confirmed,,active,,11700.0,12500.0,13300.0,14700.0
1281,Ghaziabad,Uttar Pradesh,Other,SC,1998,1,Housekeeping Operations,Hospitality,Faridabad Skill Centre 4,2024-02-02,2024-04-26,completed,48.9,CERT-1281,not_placed,,,,,unverified,Job location too far / relocation not feasible,,,,,,
1282,Gurugram,Haryana,Female,OBC,1990,1,Housekeeping Operations,Hospitality,Faridabad Skill Centre 4,2024-02-02,2024-04-26,completed,60.5,CERT-1282,wage_employment,Hospitality Helper (low-relevance role),Hospitality,"Yohannan, Lall and Sangha",2024-05-01,confirmed,,active,,9500.0,10100.0,,
1283,Ghaziabad,Uttar Pradesh,Female,General,2006,1,Housekeeping Operations,Hospitality,Faridabad Skill Centre 4,2024-02-02,2024-04-26,completed,74.4,CERT-1283,not_placed,,,,,unverified,No suitable openings in area,,,,,,
1284,Ghaziabad,Uttar Pradesh,Female,ST,1997,1,Housekeeping Operations,Hospitality,Faridabad Skill Centre 4,2024-02-02,2024-04-26,completed,91.7,CERT-1284,not_placed,,,,,unverified,No suitable openings in area,,,,,,
1285,Gurugram,Haryana,Female,ST,2000,1,Housekeeping Operations,Hospitality,Faridabad Skill Centre 4,2024-02-02,2024-04-26,completed,85.6,CERT-1285,wage_employment,Hospitality Helper (low-relevance role),Hospitality,Shanker-Dhar,2024-05-29,unverified,,ended,Moved to a better opportunity,9500.0,9300.0,,
1286,Jaipur,Rajasthan,Other,SC,1999,1,Housekeeping Operations,Hospitality,Faridabad Skill Centre 4,2024-02-02,2024-04-26,completed,88.3,CERT-1286,not_placed,,,,,unverified,Felt underprepared / skill mismatch,,,,,,
1287,Ghaziabad,Uttar Pradesh,Female,ST,1996,1,Housekeeping Operations,Hospitality,Faridabad Skill Centre 4,2024-02-02,2024-04-26,completed,80.8,CERT-1287,apprenticeship,Hospitality Associate,Hospitality,Dewan-Koshy,2024-05-22,unverified,,ended,Commute / relocation issues,9300.0,,,
1288,Gurugram,Haryana,Other,OBC,2003,1,Housekeeping Operations,Hospitality,Faridabad Skill Centre 4,2024-02-02,2024-04-26,dropped_out,97.2,,,,,,,,,,,,,,
1289,Faridabad,Haryana,Other,General,1998,1,Housekeeping Operations,Hospitality,Faridabad Skill Centre 4,2024-02-02,2024-04-26,completed,55.0,CERT-1289,wage_employment,Hospitality Helper (low-relevance role),Hospitality,Mutti Group,2024-05-28,confirmed,,active,,12600.0,12600.0,13700.0,
1290,Jaipur,Rajasthan,Other,General,2006,1,Housekeeping Operations,Hospitality,Faridabad Skill Centre 4,2024-02-02,2024-04-26,completed,78.8,CERT-1290,wage_employment,Hospitality Helper (low-relevance role),Hospitality,Bhatti-Kakar,2024-05-09,unverified,,active,,12300.0,13000.0,13300.0,14100.0
1291,Faridabad,Haryana,Male,ST,2006,1,Housekeeping Operations,Hospitality,Faridabad Skill Centre 4,2024-02-02,2024-04-26,completed,50.8,CERT-1291,not_placed,,,,,unverified,Job location too far / relocation not feasible,,,,,,
1292,Gurugram,Haryana,Female,General,1991,1,Housekeeping Operations,Hospitality,Faridabad Skill Centre 4,2024-02-02,2024-04-26,completed,69.5,CERT-1292,not_placed,,,,,unverified,Wage offered too low,,,,,,
1293,Jaipur,Rajasthan,Other,OBC,2006,1,Housekeeping Operations,Hospitality,Gautam Buddh Nagar Skill Centre 6,2025-02-14,2025-05-09,completed,50.5,CERT-1293,wage_employment,Hospitality Associate,Hospitality,Shanker-Dhar,2025-07-07,confirmed,,active,,12300.0,12800.0,13500.0,14300.0
1294,Jaipur,Rajasthan,Male,OBC,1996,1,Housekeeping Operations,Hospitality,Gautam Buddh Nagar Skill Centre 6,2025-02-14,2025-05-09,completed,79.1,CERT-1294,wage_employment,Hospitality Helper (low-relevance role),Hospitality,"Murty, Kala and Tata",2025-07-09,confirmed,,active,,11300.0,11300.0,12000.0,12800.0
1295,Gurugram,Haryana,Male,ST,2007,1,Housekeeping Operations,Hospitality,Gautam Buddh Nagar Skill Centre 6,2025-02-14,2025-05-09,completed,70.7,CERT-1295,not_placed,,,,,unverified,Wage offered too low,,,,,,
1296,Ghaziabad,Uttar Pradesh,Female,SC,1990,1,Housekeeping Operations,Hospitality,Gautam Buddh Nagar Skill Centre 6,2025-02-14,2025-05-09,completed,92.8,CERT-1296,wage_employment,Hospitality Helper (low-relevance role),Hospitality,Shanker-Dhar,2025-07-08,confirmed,,ended,Commute / relocation issues,10500.0,,,
1297,Gurugram,Haryana,Female,OBC,2003,1,Housekeeping Operations,Hospitality,Gautam Buddh Nagar Skill Centre 6,2025-02-14,2025-05-09,dropped_out,73.9,,,,,,,,,,,,,,
1298,Ghaziabad,Uttar Pradesh,Other,ST,1990,1,Housekeeping Operations,Hospitality,Gautam Buddh Nagar Skill Centre 6,2025-02-14,2025-05-09,completed,83.3,CERT-1298,wage_employment,Hospitality Helper (low-relevance role),Hospitality,Bhatti-Kakar,2025-06-04,disputed,,active,,12700.0,13500.0,13600.0,
1299,Ghaziabad,Uttar Pradesh,Other,General,1990,1,Housekeeping Operations,Hospitality,Gautam Buddh Nagar Skill Centre 6,2025-02-14,2025-05-09,dropped_out,93.1,,,,,,,,,,,,,,
1300,Ghaziabad,Uttar Pradesh,Female,OBC,1992,1,Housekeeping Operations,Hospitality,Gautam Buddh Nagar Skill Centre 6,2025-02-14,2025-05-09,completed,59.8,CERT-1300,self_employment,Hospitality Helper (low-relevance role),Hospitality,,2025-07-15,confirmed,,active,,12900.0,14000.0,14100.0,
1301,Gurugram,Haryana,Male,ST,2003,1,Housekeeping Operations,Hospitality,Gautam Buddh Nagar Skill Centre 6,2025-02-14,2025-05-09,completed,69.1,CERT-1301,wage_employment,Hospitality Helper (low-relevance role),Hospitality,"Yohannan, Lall and Sangha",2025-07-01,unverified,,active,,12100.0,12900.0,,
1302,Faridabad,Haryana,Female,ST,2001,1,Housekeeping Operations,Hospitality,Gautam Buddh Nagar Skill Centre 6,2025-02-14,2025-05-09,completed,95.7,CERT-1302,self_employment,Hospitality Associate,Hospitality,,2025-05-23,unverified,,active,,10800.0,11200.0,11400.0,
1303,Gurugram,Haryana,Other,General,1991,1,Housekeeping Operations,Hospitality,Gautam Buddh Nagar Skill Centre 6,2025-02-14,2025-05-09,dropped_out,66.0,,,,,,,,,,,,,,
1304,Ghaziabad,Uttar Pradesh,Female,General,2003,1,Housekeeping Operations,Hospitality,Gautam Buddh Nagar Skill Centre 6,2025-02-14,2025-05-09,completed,52.1,CERT-1304,wage_employment,Hospitality Associate,Hospitality,Bhatti-Kakar,2025-06-16,unverified,,active,,11000.0,10900.0,11100.0,11500.0
1305,Jaipur,Rajasthan,Other,ST,2003,1,Housekeeping Operations,Hospitality,Gautam Buddh Nagar Skill Centre 6,2025-02-14,2025-05-09,completed,81.0,CERT-1305,wage_employment,Hospitality Associate,Hospitality,Bhatti-Kakar,2025-05-25,unverified,,active,,11100.0,11400.0,12400.0,
1306,Gautam Buddh Nagar,Uttar Pradesh,Female,ST,1994,1,Housekeeping Operations,Hospitality,Gautam Buddh Nagar Skill Centre 6,2025-02-14,2025-05-09,completed,49.6,CERT-1306,not_placed,,,,,unverified,Job location too far / relocation not feasible,,,,,,
1307,Gautam Buddh Nagar,Uttar Pradesh,Female,General,2000,1,Housekeeping Operations,Hospitality,Gautam Buddh Nagar Skill Centre 6,2025-02-14,2025-05-09,completed,62.9,CERT-1307,wage_employment,Hospitality Helper (low-relevance role),Hospitality,Mutti Group,2025-07-04,disputed,,active,,12500.0,13100.0,14500.0,16000.0
1308,Gautam Buddh Nagar,Uttar Pradesh,Other,OBC,1991,1,Housekeeping Operations,Hospitality,Gautam Buddh Nagar Skill Centre 6,2025-02-14,2025-05-09,dropped_out,68.5,,,,,,,,,,,,,,
1309,Gautam Buddh Nagar,Uttar Pradesh,Male,General,1990,1,Housekeeping Operations,Hospitality,Gautam Buddh Nagar Skill Centre 6,2025-02-14,2025-05-09,completed,79.1,CERT-1309,not_placed,,,,,unverified,Job location too far / relocation not feasible,,,,,,
1310,Gurugram,Haryana,Male,OBC,1992,1,Housekeeping Operations,Hospitality,Gautam Buddh Nagar Skill Centre 6,2025-02-14,2025-05-09,completed,47.7,CERT-1310,not_placed,,,,,unverified,Wage offered too low,,,,,,
1311,Gurugram,Haryana,Other,ST,1997,1,Housekeeping Operations,Hospitality,Gautam Buddh Nagar Skill Centre 6,2025-02-14,2025-05-09,completed,49.7,CERT-1311,not_placed,,,,,unverified,Job location too far / relocation not feasible,,,,,,
1312,Jaipur,Rajasthan,Other,General,1990,1,Housekeeping Operations,Hospitality,Gautam Buddh Nagar Skill Centre 6,2025-02-14,2025-05-09,completed,52.3,CERT-1312,not_placed,,,,,unverified,Family responsibilities / not permitted to work,,,,,,
1313,Gurugram,Haryana,Male,SC,1999,1,Housekeeping Operations,Hospitality,Gautam Buddh Nagar Skill Centre 6,2025-02-14,2025-05-09,completed,89.9,CERT-1313,not_placed,,,,,unverified,No suitable openings in area,,,,,,
1314,Ghaziabad,Uttar Pradesh,Female,General,1992,1,Housekeeping Operations,Hospitality,Gautam Buddh Nagar Skill Centre 6,2025-02-14,2025-05-09,completed,81.1,CERT-1314,not_placed,,,,,unverified,Pursuing further education,,,,,,
1315,Ghaziabad,Uttar Pradesh,Other,ST,1990,1,Housekeeping Operations,Hospitality,Gautam Buddh Nagar Skill Centre 6,2025-02-14,2025-05-09,completed,55.7,CERT-1315,wage_employment,Hospitality Helper (low-relevance role),Hospitality,Bhatti-Kakar,2025-05-26,unverified,,active,,11700.0,11600.0,12500.0,13400.0
1316,Ghaziabad,Uttar Pradesh,Other,OBC,2006,1,Housekeeping Operations,Hospitality,Gautam Buddh Nagar Skill Centre 6,2025-02-14,2025-05-09,completed,57.5,CERT-1316,not_placed,,,,,unverified,No suitable openings in area,,,,,,
1317,Gurugram,Haryana,Female,ST,1990,1,Housekeeping Operations,Hospitality,Gautam Buddh Nagar Skill Centre 6,2025-02-14,2025-05-09,completed,86.5,CERT-1317,apprenticeship,Hospitality Associate,Hospitality,Bhatti-Kakar,2025-06-03,confirmed,,active,,12300.0,12700.0,12900.0,12800.0
1318,Jaipur,Rajasthan,Male,SC,1990,1,Housekeeping Operations,Hospitality,Gautam Buddh Nagar Skill Centre 6,2025-02-14,2025-05-09,completed,57.8,CERT-1318,wage_employment,Hospitality Helper (low-relevance role),Hospitality,Bhatti-Kakar,2025-06-24,confirmed,,active,,9600.0,9700.0,10000.0,10900.0
1319,Gurugram,Haryana,Male,General,1993,1,Housekeeping Operations,Hospitality,Gautam Buddh Nagar Skill Centre 6,2025-02-14,2025-05-09,completed,86.4,CERT-1319,wage_employment,Hospitality Helper (low-relevance role),Hospitality,Bhatti-Kakar,2025-05-22,disputed,,ended,Family circumstances changed,12800.0,13400.0,13400.0,
1320,Gautam Buddh Nagar,Uttar Pradesh,Other,OBC,1990,1,Housekeeping Operations,Hospitality,Gautam Buddh Nagar Skill Centre 6,2025-02-14,2025-05-09,completed,76.5,CERT-1320,not_placed,,,,,unverified,Family responsibilities / not permitted to work,,,,,,
1321,Faridabad,Haryana,Male,SC,2007,1,Housekeeping Operations,Hospitality,Gautam Buddh Nagar Skill Centre 6,2025-02-14,2025-05-09,completed,97.6,CERT-1321,not_placed,,,,,unverified,Family responsibilities / not permitted to work,,,,,,
1322,Ghaziabad,Uttar Pradesh,Female,General,1996,1,Housekeeping Operations,Hospitality,Gautam Buddh Nagar Skill Centre 6,2025-02-14,2025-05-09,completed,91.5,CERT-1322,wage_employment,Hospitality Helper (low-relevance role),Hospitality,"Yohannan, Lall and Sangha",2025-07-17,confirmed,,active,,12900.0,13700.0,14400.0,
1323,Jaipur,Rajasthan,Male,OBC,1990,1,Housekeeping Operations,Hospitality,Gautam Buddh Nagar Skill Centre 6,2025-02-14,2025-05-09,completed,45.7,CERT-1323,not_placed,,,,,unverified,Family responsibilities / not permitted to work,,,,,,
1324,Gautam Buddh Nagar,Uttar Pradesh,Male,OBC,1994,1,Housekeeping Operations,Hospitality,Gautam Buddh Nagar Skill Centre 6,2025-02-14,2025-05-09,completed,79.5,CERT-1324,wage_employment,Hospitality Helper (low-relevance role),Hospitality,Dewan-Koshy,2025-07-10,confirmed,,ended,Moved to a better opportunity,11900.0,,,
1325,Gautam Buddh Nagar,Uttar Pradesh,Male,ST,1998,1,Housekeeping Operations,Hospitality,Gautam Buddh Nagar Skill Centre 6,2025-02-14,2025-05-09,completed,95.9,CERT-1325,wage_employment,Hospitality Associate,Hospitality,Shanker-Dhar,2025-06-15,unverified,,active,,10000.0,10500.0,11700.0,11700.0
1326,Gurugram,Haryana,Female,SC,2006,1,Housekeeping Operations,Hospitality,Gautam Buddh Nagar Skill Centre 6,2025-02-14,2025-05-09,completed,90.4,CERT-1326,not_placed,,,,,unverified,No suitable openings in area,,,,,,
1327,Jaipur,Rajasthan,Other,OBC,2003,1,Housekeeping Operations,Hospitality,Gautam Buddh Nagar Skill Centre 6,2025-02-14,2025-05-09,completed,89.1,CERT-1327,apprenticeship,Hospitality Helper (low-relevance role),Hospitality,"Murty, Kala and Tata",2025-07-19,unverified,,active,,11100.0,11700.0,12200.0,
1328,Gurugram,Haryana,Female,ST,1999,1,Housekeeping Operations,Hospitality,Gautam Buddh Nagar Skill Centre 6,2025-02-14,2025-05-09,completed,81.6,CERT-1328,not_placed,,,,,unverified,Wage offered too low,,,,,,
1329,Gautam Buddh Nagar,Uttar Pradesh,Male,General,1999,1,Housekeeping Operations,Hospitality,Gautam Buddh Nagar Skill Centre 6,2025-02-14,2025-05-09,completed,83.2,CERT-1329,not_placed,,,,,unverified,Family responsibilities / not permitted to work,,,,,,
1330,Faridabad,Haryana,Female,General,2004,1,Housekeeping Operations,Hospitality,Gautam Buddh Nagar Skill Centre 6,2025-02-14,2025-05-09,dropped_out,55.4,,,,,,,,,,,,,,
1331,Ghaziabad,Uttar Pradesh,Other,General,1996,1,Housekeeping Operations,Hospitality,Gautam Buddh Nagar Skill Centre 6,2025-02-14,2025-05-09,completed,68.7,CERT-1331,not_placed,,,,,unverified,Job location too far / relocation not feasible,,,,,,
1332,Ghaziabad,Uttar Pradesh,Male,SC,2000,1,Housekeeping Operations,Hospitality,Gautam Buddh Nagar Skill Centre 6,2025-02-14,2025-05-09,completed,96.4,CERT-1332,wage_employment,Hospitality Helper (low-relevance role),Hospitality,Mutti Group,2025-05-22,confirmed,,active,,10400.0,10600.0,10500.0,
1333,Ghaziabad,Uttar Pradesh,Female,General,2000,1,Housekeeping Operations,Hospitality,Gautam Buddh Nagar Skill Centre 6,2025-02-14,2025-05-09,completed,69.6,CERT-1333,self_employment,Hospitality Associate,Hospitality,,2025-06-12,unverified,,ended,Health-related reasons,11900.0,11900.0,,
1334,Gurugram,Haryana,Male,SC,1995,1,Housekeeping Operations,Hospitality,Gautam Buddh Nagar Skill Centre 6,2025-02-14,2025-05-09,completed,68.0,CERT-1334,not_placed,,,,,unverified,No suitable openings in area,,,,,,
1335,Gurugram,Haryana,Other,General,1993,1,Housekeeping Operations,Hospitality,Gautam Buddh Nagar Skill Centre 6,2025-02-14,2025-05-09,completed,71.3,CERT-1335,not_placed,,,,,unverified,Family responsibilities / not permitted to work,,,,,,
1336,Gurugram,Haryana,Male,SC,2001,1,Housekeeping Operations,Hospitality,Gautam Buddh Nagar Skill Centre 6,2025-02-14,2025-05-09,completed,58.8,CERT-1336,not_placed,,,,,unverified,Health-related reasons,,,,,,
1337,Jaipur,Rajasthan,Other,OBC,1992,1,Housekeeping Operations,Hospitality,Gautam Buddh Nagar Skill Centre 6,2025-02-14,2025-05-09,completed,49.2,CERT-1337,not_placed,,,,,unverified,No suitable openings in area,,,,,,
1338,Gurugram,Haryana,Male,OBC,2001,1,Housekeeping Operations,Hospitality,Gautam Buddh Nagar Skill Centre 6,2025-02-14,2025-05-09,completed,82.0,CERT-1338,not_placed,,,,,unverified,Job location too far / relocation not feasible,,,,,,
1339,Faridabad,Haryana,Other,General,1995,1,Housekeeping Operations,Hospitality,Gautam Buddh Nagar Skill Centre 6,2025-02-14,2025-05-09,completed,55.6,CERT-1339,wage_employment,Hospitality Helper (low-relevance role),Hospitality,Bhatti-Kakar,2025-05-25,confirmed,,ended,Left due to low wage relative to workload,12000.0,11800.0,,
1340,Gautam Buddh Nagar,Uttar Pradesh,Other,ST,2006,1,Housekeeping Operations,Hospitality,Gautam Buddh Nagar Skill Centre 6,2025-02-14,2025-05-09,completed,45.7,CERT-1340,not_placed,,,,,unverified,Wage offered too low,,,,,,
1341,Jaipur,Rajasthan,Female,ST,1997,1,Housekeeping Operations,Hospitality,Gautam Buddh Nagar Skill Centre 6,2025-02-14,2025-05-09,completed,86.9,CERT-1341,wage_employment,Hospitality Helper (low-relevance role),Hospitality,"Murty, Kala and Tata",2025-05-23,confirmed,,active,,10300.0,10800.0,11100.0,11100.0
1342,Ghaziabad,Uttar Pradesh,Female,General,1998,1,Housekeeping Operations,Hospitality,Gautam Buddh Nagar Skill Centre 6,2025-02-14,2025-05-09,completed,63.2,CERT-1342,not_placed,,,,,unverified,Pursuing further education,,,,,,
1343,Ghaziabad,Uttar Pradesh,Female,SC,1991,1,Housekeeping Operations,Hospitality,Gautam Buddh Nagar Skill Centre 6,2025-02-14,2025-05-09,completed,57.8,CERT-1343,wage_employment,Hospitality Helper (low-relevance role),Hospitality,"Yohannan, Lall and Sangha",2025-06-01,confirmed,,ended,Family circumstances changed,10900.0,11000.0,,
1344,Gautam Buddh Nagar,Uttar Pradesh,Other,SC,1999,1,Housekeeping Operations,Hospitality,Gautam Buddh Nagar Skill Centre 6,2025-02-14,2025-05-09,completed,49.5,CERT-1344,not_placed,,,,,unverified,Wage offered too low,,,,,,
1345,Gurugram,Haryana,Male,SC,1997,1,Housekeeping Operations,Hospitality,Gautam Buddh Nagar Skill Centre 6,2025-02-14,2025-05-09,completed,87.2,CERT-1345,not_placed,,,,,unverified,Pursuing further education,,,,,,
1346,Ghaziabad,Uttar Pradesh,Male,General,2005,1,Housekeeping Operations,Hospitality,Gautam Buddh Nagar Skill Centre 6,2025-02-14,2025-05-09,completed,50.7,CERT-1346,wage_employment,Hospitality Associate,Hospitality,Dewan-Koshy,2025-05-28,unverified,,active,,9900.0,10200.0,11100.0,11800.0
1347,Ghaziabad,Uttar Pradesh,Other,General,2002,1,Housekeeping Operations,Hospitality,Gautam Buddh Nagar Skill Centre 6,2025-02-14,2025-05-09,completed,68.5,CERT-1347,not_placed,,,,,unverified,Job location too far / relocation not feasible,,,,,,
1348,Faridabad,Haryana,Female,SC,1993,1,Housekeeping Operations,Hospitality,Gautam Buddh Nagar Skill Centre 6,2025-02-14,2025-05-09,completed,72.2,CERT-1348,wage_employment,Hospitality Helper (low-relevance role),Hospitality,"Yohannan, Lall and Sangha",2025-06-20,unverified,,ended,Moved to a better opportunity,9800.0,10500.0,,
1349,Jaipur,Rajasthan,Other,ST,1997,1,Housekeeping Operations,Hospitality,Gautam Buddh Nagar Skill Centre 6,2025-02-14,2025-05-09,completed,46.8,CERT-1349,apprenticeship,Hospitality Helper (low-relevance role),Hospitality,"Yohannan, Lall and Sangha",2025-06-27,confirmed,,ended,Left due to low wage relative to workload,9200.0,,,
1350,Gurugram,Haryana,Other,ST,2003,1,Housekeeping Operations,Hospitality,Gautam Buddh Nagar Skill Centre 6,2025-02-14,2025-05-09,completed,60.8,CERT-1350,self_employment,Hospitality Helper (low-relevance role),Hospitality,,2025-06-01,confirmed,,active,,9400.0,9900.0,10400.0,
1351,Faridabad,Haryana,Female,SC,1991,1,Housekeeping Operations,Hospitality,Gautam Buddh Nagar Skill Centre 6,2025-02-14,2025-05-09,completed,45.2,CERT-1351,self_employment,Hospitality Helper (low-relevance role),Hospitality,,2025-06-04,confirmed,,active,,9300.0,9800.0,10100.0,10500.0
1352,Faridabad,Haryana,Other,ST,1997,1,Housekeeping Operations,Hospitality,Gautam Buddh Nagar Skill Centre 6,2025-02-14,2025-05-09,completed,69.7,CERT-1352,not_placed,,,,,unverified,Pursuing further education,,,,,,
1353,Faridabad,Haryana,Male,OBC,2003,1,Housekeeping Operations,Hospitality,Gautam Buddh Nagar Skill Centre 6,2025-02-14,2025-05-09,dropped_out,46.2,,,,,,,,,,,,,,
1354,Ghaziabad,Uttar Pradesh,Male,General,1992,1,Housekeeping Operations,Hospitality,Gautam Buddh Nagar Skill Centre 6,2025-02-14,2025-05-09,completed,96.2,CERT-1354,not_placed,,,,,unverified,Job location too far / relocation not feasible,,,,,,
1355,Faridabad,Haryana,Male,SC,1997,1,Housekeeping Operations,Hospitality,Gautam Buddh Nagar Skill Centre 6,2025-02-14,2025-05-09,completed,46.5,CERT-1355,not_placed,,,,,unverified,Family responsibilities / not permitted to work,,,,,,
1356,Jaipur,Rajasthan,Female,OBC,2000,1,Housekeeping Operations,Hospitality,Gautam Buddh Nagar Skill Centre 6,2025-02-14,2025-05-09,completed,45.3,CERT-1356,self_employment,Hospitality Helper (low-relevance role),Hospitality,,2025-05-24,confirmed,,active,,10700.0,10600.0,11100.0,11800.0
1357,Jaipur,Rajasthan,Male,OBC,2006,1,Housekeeping Operations,Hospitality,Gautam Buddh Nagar Skill Centre 6,2025-02-14,2025-05-09,completed,57.7,CERT-1357,wage_employment,Hospitality Helper (low-relevance role),Hospitality,"Yohannan, Lall and Sangha",2025-07-04,unverified,,active,,11000.0,11100.0,11600.0,12000.0
1358,Gurugram,Haryana,Female,SC,2002,1,Housekeeping Operations,Hospitality,Gautam Buddh Nagar Skill Centre 6,2025-02-14,2025-05-09,completed,65.7,CERT-1358,wage_employment,Hospitality Associate,Hospitality,Bhatti-Kakar,2025-06-10,confirmed,,active,,9700.0,10200.0,11300.0,11900.0
1359,Gurugram,Haryana,Male,ST,2002,1,Housekeeping Operations,Hospitality,Gautam Buddh Nagar Skill Centre 6,2025-02-14,2025-05-09,completed,75.0,CERT-1359,not_placed,,,,,unverified,No suitable openings in area,,,,,,
1360,Gautam Buddh Nagar,Uttar Pradesh,Male,OBC,1996,1,Housekeeping Operations,Hospitality,Gautam Buddh Nagar Skill Centre 6,2025-02-14,2025-05-09,dropped_out,59.8,,,,,,,,,,,,,,
1361,Ghaziabad,Uttar Pradesh,Other,OBC,2005,1,F&B Service,Hospitality,Jaipur Skill Centre 5,2024-03-08,2024-05-31,completed,57.0,CERT-1361,not_placed,,,,,unverified,Felt underprepared / skill mismatch,,,,,,
1362,Jaipur,Rajasthan,Other,OBC,1995,1,F&B Service,Hospitality,Jaipur Skill Centre 5,2024-03-08,2024-05-31,completed,82.5,CERT-1362,not_placed,,,,,unverified,Wage offered too low,,,,,,
1363,Ghaziabad,Uttar Pradesh,Female,ST,2005,1,F&B Service,Hospitality,Jaipur Skill Centre 5,2024-03-08,2024-05-31,completed,56.8,CERT-1363,apprenticeship,Hospitality Helper (low-relevance role),Hospitality,Mutti Group,2024-07-23,unverified,,ended,Left due to low wage relative to workload,9700.0,9600.0,,
1364,Faridabad,Haryana,Male,SC,1991,1,F&B Service,Hospitality,Jaipur Skill Centre 5,2024-03-08,2024-05-31,completed,72.9,CERT-1364,not_placed,,,,,unverified,Felt underprepared / skill mismatch,,,,,,
1365,Jaipur,Rajasthan,Other,ST,1998,1,F&B Service,Hospitality,Jaipur Skill Centre 5,2024-03-08,2024-05-31,completed,75.8,CERT-1365,wage_employment,Hospitality Helper (low-relevance role),Hospitality,"Murty, Kala and Tata",2024-06-25,confirmed,,active,,10600.0,11000.0,12200.0,
1366,Gautam Buddh Nagar,Uttar Pradesh,Female,SC,2005,1,F&B Service,Hospitality,Jaipur Skill Centre 5,2024-03-08,2024-05-31,completed,57.9,CERT-1366,not_placed,,,,,unverified,Wage offered too low,,,,,,
1367,Gautam Buddh Nagar,Uttar Pradesh,Other,ST,1995,1,F&B Service,Hospitality,Jaipur Skill Centre 5,2024-03-08,2024-05-31,completed,64.4,CERT-1367,self_employment,Hospitality Helper (low-relevance role),Hospitality,,2024-07-28,confirmed,,ended,Job did not match trained skillset,9900.0,10800.0,11600.0,
1368,Ghaziabad,Uttar Pradesh,Female,OBC,1991,1,F&B Service,Hospitality,Jaipur Skill Centre 5,2024-03-08,2024-05-31,completed,45.7,CERT-1368,apprenticeship,Hospitality Helper (low-relevance role),Hospitality,"Murty, Kala and Tata",2024-06-29,confirmed,,active,,12700.0,12700.0,12700.0,12900.0
1369,Ghaziabad,Uttar Pradesh,Other,SC,2001,1,F&B Service,Hospitality,Jaipur Skill Centre 5,2024-03-08,2024-05-31,completed,86.2,CERT-1369,not_placed,,,,,unverified,Job location too far / relocation not feasible,,,,,,
1370,Faridabad,Haryana,Other,General,1997,1,F&B Service,Hospitality,Jaipur Skill Centre 5,2024-03-08,2024-05-31,completed,90.1,CERT-1370,not_placed,,,,,unverified,Wage offered too low,,,,,,
1371,Ghaziabad,Uttar Pradesh,Male,SC,1994,1,F&B Service,Hospitality,Jaipur Skill Centre 5,2024-03-08,2024-05-31,completed,87.9,CERT-1371,wage_employment,Hospitality Helper (low-relevance role),Hospitality,"Yohannan, Lall and Sangha",2024-06-28,confirmed,,active,,12500.0,13600.0,14400.0,15600.0
1372,Gurugram,Haryana,Female,OBC,1998,1,F&B Service,Hospitality,Jaipur Skill Centre 5,2024-03-08,2024-05-31,completed,74.4,CERT-1372,wage_employment,Hospitality Helper (low-relevance role),Hospitality,Shanker-Dhar,2024-07-02,confirmed,,active,,11600.0,11600.0,11800.0,13000.0
1373,Gautam Buddh Nagar,Uttar Pradesh,Other,OBC,2007,1,F&B Service,Hospitality,Jaipur Skill Centre 5,2024-03-08,2024-05-31,completed,69.4,CERT-1373,not_placed,,,,,unverified,No suitable openings in area,,,,,,
1374,Gurugram,Haryana,Male,ST,1992,1,F&B Service,Hospitality,Jaipur Skill Centre 5,2024-03-08,2024-05-31,completed,48.5,CERT-1374,apprenticeship,Hospitality Associate,Hospitality,Shanker-Dhar,2024-06-29,confirmed,,ended,Workplace conditions / employer issues,9900.0,,,
1375,Ghaziabad,Uttar Pradesh,Female,OBC,1998,1,F&B Service,Hospitality,Jaipur Skill Centre 5,2024-03-08,2024-05-31,completed,48.3,CERT-1375,not_placed,,,,,unverified,Wage offered too low,,,,,,
1376,Ghaziabad,Uttar Pradesh,Male,SC,2003,1,F&B Service,Hospitality,Jaipur Skill Centre 5,2024-03-08,2024-05-31,completed,50.0,CERT-1376,not_placed,,,,,unverified,Family responsibilities / not permitted to work,,,,,,
1377,Gurugram,Haryana,Male,OBC,1999,1,F&B Service,Hospitality,Jaipur Skill Centre 5,2024-03-08,2024-05-31,completed,96.5,CERT-1377,not_placed,,,,,unverified,Wage offered too low,,,,,,
1378,Gautam Buddh Nagar,Uttar Pradesh,Other,SC,1995,1,F&B Service,Hospitality,Jaipur Skill Centre 5,2024-03-08,2024-05-31,completed,89.3,CERT-1378,self_employment,Hospitality Helper (low-relevance role),Hospitality,,2024-07-14,confirmed,,active,,12800.0,13600.0,,
1379,Jaipur,Rajasthan,Female,SC,1999,1,F&B Service,Hospitality,Jaipur Skill Centre 5,2024-03-08,2024-05-31,completed,55.2,CERT-1379,not_placed,,,,,unverified,Pursuing further education,,,,,,
1380,Ghaziabad,Uttar Pradesh,Female,SC,2004,1,F&B Service,Hospitality,Jaipur Skill Centre 5,2024-03-08,2024-05-31,completed,78.7,CERT-1380,wage_employment,Hospitality Helper (low-relevance role),Hospitality,Mutti Group,2024-06-12,unverified,,ended,Family circumstances changed,11700.0,,,
1381,Gurugram,Haryana,Other,OBC,1995,1,F&B Service,Hospitality,Jaipur Skill Centre 5,2024-03-08,2024-05-31,dropped_out,95.7,,,,,,,,,,,,,,
1382,Ghaziabad,Uttar Pradesh,Male,ST,2005,1,F&B Service,Hospitality,Jaipur Skill Centre 5,2024-03-08,2024-05-31,completed,80.2,CERT-1382,not_placed,,,,,unverified,Family responsibilities / not permitted to work,,,,,,
1383,Ghaziabad,Uttar Pradesh,Female,OBC,2001,1,F&B Service,Hospitality,Jaipur Skill Centre 5,2024-03-08,2024-05-31,completed,49.9,CERT-1383,self_employment,Hospitality Helper (low-relevance role),Hospitality,,2024-08-13,unverified,,active,,11600.0,11900.0,12500.0,13400.0
1384,Ghaziabad,Uttar Pradesh,Female,ST,1998,1,F&B Service,Hospitality,Jaipur Skill Centre 5,2024-03-08,2024-05-31,completed,94.8,CERT-1384,not_placed,,,,,unverified,Job location too far / relocation not feasible,,,,,,
1385,Jaipur,Rajasthan,Other,General,1998,1,F&B Service,Hospitality,Jaipur Skill Centre 5,2024-03-08,2024-05-31,completed,86.1,CERT-1385,wage_employment,Hospitality Helper (low-relevance role),Hospitality,"Murty, Kala and Tata",2024-07-06,unverified,,active,,10400.0,10600.0,11000.0,
1386,Jaipur,Rajasthan,Other,SC,2001,1,F&B Service,Hospitality,Jaipur Skill Centre 5,2024-03-08,2024-05-31,completed,93.8,CERT-1386,not_placed,,,,,unverified,Felt underprepared / skill mismatch,,,,,,
1387,Ghaziabad,Uttar Pradesh,Other,ST,2003,1,F&B Service,Hospitality,Jaipur Skill Centre 5,2024-03-08,2024-05-31,completed,56.1,CERT-1387,not_placed,,,,,unverified,Felt underprepared / skill mismatch,,,,,,
1388,Faridabad,Haryana,Male,General,2002,1,F&B Service,Hospitality,Jaipur Skill Centre 5,2024-03-08,2024-05-31,completed,51.6,CERT-1388,not_placed,,,,,unverified,Wage offered too low,,,,,,
1389,Gautam Buddh Nagar,Uttar Pradesh,Male,OBC,2000,1,F&B Service,Hospitality,Jaipur Skill Centre 5,2024-03-08,2024-05-31,completed,95.3,CERT-1389,wage_employment,Hospitality Helper (low-relevance role),Hospitality,"Murty, Kala and Tata",2024-07-26,unverified,,active,,11400.0,12300.0,12800.0,13900.0
1390,Gautam Buddh Nagar,Uttar Pradesh,Female,OBC,1992,1,F&B Service,Hospitality,Jaipur Skill Centre 5,2024-03-08,2024-05-31,completed,58.8,CERT-1390,not_placed,,,,,unverified,Pursuing further education,,,,,,
1391,Faridabad,Haryana,Male,ST,1993,1,F&B Service,Hospitality,Jaipur Skill Centre 5,2024-03-08,2024-05-31,completed,64.0,CERT-1391,wage_employment,Hospitality Helper (low-relevance role),Hospitality,"Yohannan, Lall and Sangha",2024-07-18,confirmed,,active,,10500.0,11300.0,11500.0,11700.0
1392,Gurugram,Haryana,Female,SC,2000,1,F&B Service,Hospitality,Jaipur Skill Centre 5,2024-03-08,2024-05-31,completed,66.7,CERT-1392,not_placed,,,,,unverified,Felt underprepared / skill mismatch,,,,,,
1393,Ghaziabad,Uttar Pradesh,Male,SC,2005,1,F&B Service,Hospitality,Jaipur Skill Centre 5,2024-03-08,2024-05-31,dropped_out,88.7,,,,,,,,,,,,,,
1394,Gurugram,Haryana,Other,ST,1995,1,F&B Service,Hospitality,Jaipur Skill Centre 5,2024-03-08,2024-05-31,dropped_out,89.1,,,,,,,,,,,,,,
1395,Jaipur,Rajasthan,Male,ST,1995,1,F&B Service,Hospitality,Jaipur Skill Centre 5,2024-03-08,2024-05-31,completed,95.8,CERT-1395,not_placed,,,,,unverified,Job location too far / relocation not feasible,,,,,,
1396,Ghaziabad,Uttar Pradesh,Male,ST,2007,1,F&B Service,Hospitality,Jaipur Skill Centre 5,2024-03-08,2024-05-31,completed,54.1,CERT-1396,self_employment,Hospitality Helper (low-relevance role),Hospitality,,2024-08-09,disputed,,ended,Commute / relocation issues,12000.0,11900.0,,
1397,Gurugram,Haryana,Female,General,1997,1,F&B Service,Hospitality,Jaipur Skill Centre 5,2024-03-08,2024-05-31,dropped_out,49.2,,,,,,,,,,,,,,
1398,Ghaziabad,Uttar Pradesh,Other,ST,2004,1,F&B Service,Hospitality,Jaipur Skill Centre 5,2024-03-08,2024-05-31,completed,49.5,CERT-1398,not_placed,,,,,unverified,Family responsibilities / not permitted to work,,,,,,
1399,Gautam Buddh Nagar,Uttar Pradesh,Other,SC,1999,1,F&B Service,Hospitality,Jaipur Skill Centre 5,2024-03-08,2024-05-31,completed,91.0,CERT-1399,not_placed,,,,,unverified,Job location too far / relocation not feasible,,,,,,
1400,Jaipur,Rajasthan,Male,General,2002,1,F&B Service,Hospitality,Jaipur Skill Centre 5,2024-03-08,2024-05-31,completed,65.5,CERT-1400,wage_employment,Hospitality Helper (low-relevance role),Hospitality,Bhatti-Kakar,2024-07-29,confirmed,,active,,9800.0,10200.0,10300.0,10300.0
1401,Gautam Buddh Nagar,Uttar Pradesh,Female,General,2004,1,F&B Service,Hospitality,Jaipur Skill Centre 5,2024-03-08,2024-05-31,completed,61.0,CERT-1401,not_placed,,,,,unverified,Job location too far / relocation not feasible,,,,,,
1402,Faridabad,Haryana,Other,ST,1995,1,F&B Service,Hospitality,Jaipur Skill Centre 5,2024-03-08,2024-05-31,completed,65.6,CERT-1402,not_placed,,,,,unverified,Job location too far / relocation not feasible,,,,,,
1403,Gurugram,Haryana,Other,ST,1991,1,F&B Service,Hospitality,Jaipur Skill Centre 5,2024-03-08,2024-05-31,completed,59.0,CERT-1403,self_employment,Hospitality Associate,Hospitality,,2024-07-22,unverified,,active,,10100.0,10100.0,10300.0,
1404,Ghaziabad,Uttar Pradesh,Male,ST,2005,1,F&B Service,Hospitality,Jaipur Skill Centre 5,2024-03-08,2024-05-31,completed,70.2,CERT-1404,self_employment,Hospitality Associate,Hospitality,,2024-06-07,confirmed,,active,,10400.0,10800.0,11400.0,
1405,Gautam Buddh Nagar,Uttar Pradesh,Other,General,1998,1,F&B Service,Hospitality,Jaipur Skill Centre 5,2024-03-08,2024-05-31,completed,64.7,CERT-1405,wage_employment,Hospitality Associate,Hospitality,Bhatti-Kakar,2024-07-12,unverified,,ended,Family circumstances changed,12800.0,13200.0,14100.0,
1406,Gautam Buddh Nagar,Uttar Pradesh,Male,ST,1991,1,F&B Service,Hospitality,Jaipur Skill Centre 5,2024-03-08,2024-05-31,dropped_out,98.0,,,,,,,,,,,,,,
1407,Gautam Buddh Nagar,Uttar Pradesh,Female,OBC,1992,1,F&B Service,Hospitality,Jaipur Skill Centre 5,2024-03-08,2024-05-31,completed,76.0,CERT-1407,not_placed,,,,,unverified,Job location too far / relocation not feasible,,,,,,
1408,Faridabad,Haryana,Female,ST,1992,1,F&B Service,Hospitality,Jaipur Skill Centre 5,2024-03-08,2024-05-31,completed,97.7,CERT-1408,wage_employment,Hospitality Helper (low-relevance role),Hospitality,"Murty, Kala and Tata",2024-08-08,unverified,,active,,10200.0,11400.0,11600.0,12300.0
1409,Faridabad,Haryana,Female,General,2007,1,F&B Service,Hospitality,Jaipur Skill Centre 5,2024-03-08,2024-05-31,completed,82.7,CERT-1409,wage_employment,Hospitality Associate,Hospitality,Dewan-Koshy,2024-07-22,confirmed,,active,,9900.0,10400.0,11200.0,11800.0
1410,Ghaziabad,Uttar Pradesh,Male,General,1992,1,F&B Service,Hospitality,Jaipur Skill Centre 5,2024-03-08,2024-05-31,completed,56.5,CERT-1410,wage_employment,Hospitality Helper (low-relevance role),Hospitality,Mutti Group,2024-07-14,confirmed,,active,,11900.0,12300.0,13000.0,
1411,Ghaziabad,Uttar Pradesh,Other,ST,1997,1,F&B Service,Hospitality,Jaipur Skill Centre 5,2024-03-08,2024-05-31,completed,89.4,CERT-1411,not_placed,,,,,unverified,Family responsibilities / not permitted to work,,,,,,
1412,Faridabad,Haryana,Male,ST,2003,1,F&B Service,Hospitality,Jaipur Skill Centre 5,2024-03-08,2024-05-31,completed,50.1,CERT-1412,wage_employment,Hospitality Helper (low-relevance role),Hospitality,"Murty, Kala and Tata",2024-06-14,unverified,,active,,11100.0,12100.0,12500.0,
1413,Jaipur,Rajasthan,Other,OBC,2001,1,F&B Service,Hospitality,Jaipur Skill Centre 5,2024-03-08,2024-05-31,completed,70.9,CERT-1413,not_placed,,,,,unverified,Job location too far / relocation not feasible,,,,,,
1414,Jaipur,Rajasthan,Other,SC,1991,1,F&B Service,Hospitality,Jaipur Skill Centre 5,2024-03-08,2024-05-31,completed,80.9,CERT-1414,not_placed,,,,,unverified,No suitable openings in area,,,,,,
1415,Jaipur,Rajasthan,Male,SC,2002,1,F&B Service,Hospitality,Jaipur Skill Centre 5,2024-03-08,2024-05-31,completed,89.5,CERT-1415,not_placed,,,,,unverified,Wage offered too low,,,,,,
1416,Faridabad,Haryana,Other,OBC,2001,1,F&B Service,Hospitality,Jaipur Skill Centre 5,2024-03-08,2024-05-31,completed,55.9,CERT-1416,not_placed,,,,,unverified,Family responsibilities / not permitted to work,,,,,,
1417,Gurugram,Haryana,Other,General,2007,1,F&B Service,Hospitality,Jaipur Skill Centre 5,2024-03-08,2024-05-31,completed,83.0,CERT-1417,wage_employment,Hospitality Associate,Hospitality,Bhatti-Kakar,2024-08-12,confirmed,,active,,12900.0,13600.0,13400.0,14200.0
1418,Gautam Buddh Nagar,Uttar Pradesh,Female,SC,1995,1,F&B Service,Hospitality,Jaipur Skill Centre 5,2024-03-08,2024-05-31,completed,92.9,CERT-1418,apprenticeship,Hospitality Helper (low-relevance role),Hospitality,"Murty, Kala and Tata",2024-07-26,confirmed,,active,,9200.0,9700.0,9700.0,
1419,Gautam Buddh Nagar,Uttar Pradesh,Male,SC,2003,1,F&B Service,Hospitality,Jaipur Skill Centre 5,2024-03-08,2024-05-31,completed,61.6,CERT-1419,self_employment,Hospitality Helper (low-relevance role),Hospitality,,2024-07-30,confirmed,,active,,12500.0,12800.0,13200.0,
1420,Ghaziabad,Uttar Pradesh,Male,SC,1991,1,F&B Service,Hospitality,Jaipur Skill Centre 5,2024-03-08,2024-05-31,completed,94.6,CERT-1420,not_placed,,,,,unverified,Felt underprepared / skill mismatch,,,,,,
1421,Gautam Buddh Nagar,Uttar Pradesh,Female,ST,2003,1,F&B Service,Hospitality,Jaipur Skill Centre 5,2024-03-08,2024-05-31,completed,65.2,CERT-1421,not_placed,,,,,unverified,Wage offered too low,,,,,,
1422,Jaipur,Rajasthan,Female,SC,1994,1,F&B Service,Hospitality,Jaipur Skill Centre 5,2024-03-08,2024-05-31,completed,84.2,CERT-1422,wage_employment,Hospitality Helper (low-relevance role),Hospitality,Dewan-Koshy,2024-06-21,unverified,,ended,Left due to low wage relative to workload,11600.0,12200.0,,
1423,Jaipur,Rajasthan,Other,General,1992,1,F&B Service,Hospitality,Jaipur Skill Centre 5,2024-03-08,2024-05-31,dropped_out,75.1,,,,,,,,,,,,,,
1424,Ghaziabad,Uttar Pradesh,Male,OBC,2001,1,F&B Service,Hospitality,Jaipur Skill Centre 5,2024-03-08,2024-05-31,completed,74.2,CERT-1424,self_employment,Hospitality Helper (low-relevance role),Hospitality,,2024-06-25,unverified,,active,,11500.0,12100.0,12500.0,12900.0
1425,Jaipur,Rajasthan,Other,OBC,1990,1,F&B Service,Hospitality,Jaipur Skill Centre 5,2024-03-08,2024-05-31,completed,95.2,CERT-1425,self_employment,Hospitality Helper (low-relevance role),Hospitality,,2024-06-10,unverified,,ended,Moved to a better opportunity,10700.0,11200.0,11500.0,
1426,Jaipur,Rajasthan,Male,ST,2006,1,F&B Service,Hospitality,Jaipur Skill Centre 5,2024-03-08,2024-05-31,completed,81.5,CERT-1426,wage_employment,Hospitality Helper (low-relevance role),Hospitality,Shanker-Dhar,2024-07-17,unverified,,active,,9500.0,9500.0,9800.0,10100.0
1427,Gautam Buddh Nagar,Uttar Pradesh,Other,OBC,2003,1,F&B Service,Hospitality,Jaipur Skill Centre 5,2024-03-08,2024-05-31,completed,52.3,CERT-1427,not_placed,,,,,unverified,No suitable openings in area,,,,,,
1428,Gautam Buddh Nagar,Uttar Pradesh,Other,ST,1996,1,F&B Service,Hospitality,Jaipur Skill Centre 5,2024-03-08,2024-05-31,dropped_out,59.8,,,,,,,,,,,,,,
1429,Jaipur,Rajasthan,Other,ST,1998,1,F&B Service,Hospitality,Faridabad Skill Centre 4,2024-11-18,2025-02-10,completed,49.2,CERT-1429,not_placed,,,,,unverified,Wage offered too low,,,,,,
1430,Jaipur,Rajasthan,Female,SC,1990,1,F&B Service,Hospitality,Faridabad Skill Centre 4,2024-11-18,2025-02-10,completed,83.2,CERT-1430,apprenticeship,Hospitality Associate,Hospitality,Dewan-Koshy,2025-03-28,unverified,,active,,10200.0,10600.0,11600.0,12800.0
1431,Ghaziabad,Uttar Pradesh,Other,SC,1991,1,F&B Service,Hospitality,Faridabad Skill Centre 4,2024-11-18,2025-02-10,completed,51.7,CERT-1431,not_placed,,,,,unverified,Job location too far / relocation not feasible,,,,,,
1432,Jaipur,Rajasthan,Other,ST,1998,1,F&B Service,Hospitality,Faridabad Skill Centre 4,2024-11-18,2025-02-10,completed,73.0,CERT-1432,not_placed,,,,,unverified,Felt underprepared / skill mismatch,,,,,,
1433,Gurugram,Haryana,Other,OBC,2002,1,F&B Service,Hospitality,Faridabad Skill Centre 4,2024-11-18,2025-02-10,completed,53.8,CERT-1433,not_placed,,,,,unverified,No suitable openings in area,,,,,,
1434,Jaipur,Rajasthan,Female,OBC,1995,1,F&B Service,Hospitality,Faridabad Skill Centre 4,2024-11-18,2025-02-10,completed,92.8,CERT-1434,not_placed,,,,,unverified,Wage offered too low,,,,,,
1435,Ghaziabad,Uttar Pradesh,Female,SC,1994,1,F&B Service,Hospitality,Faridabad Skill Centre 4,2024-11-18,2025-02-10,completed,68.1,CERT-1435,not_placed,,,,,unverified,Job location too far / relocation not feasible,,,,,,
1436,Jaipur,Rajasthan,Other,ST,1999,1,F&B Service,Hospitality,Faridabad Skill Centre 4,2024-11-18,2025-02-10,completed,66.7,CERT-1436,wage_employment,Hospitality Helper (low-relevance role),Hospitality,Shanker-Dhar,2025-03-22,confirmed,,active,,10100.0,10200.0,10400.0,10800.0
1437,Jaipur,Rajasthan,Male,ST,2005,1,F&B Service,Hospitality,Faridabad Skill Centre 4,2024-11-18,2025-02-10,completed,49.6,CERT-1437,not_placed,,,,,unverified,Pursuing further education,,,,,,
1438,Gurugram,Haryana,Male,OBC,2006,1,F&B Service,Hospitality,Faridabad Skill Centre 4,2024-11-18,2025-02-10,completed,62.1,CERT-1438,self_employment,Hospitality Helper (low-relevance role),Hospitality,,2025-03-02,unverified,,active,,10300.0,10700.0,11000.0,10700.0
1439,Gautam Buddh Nagar,Uttar Pradesh,Male,OBC,1996,1,F&B Service,Hospitality,Faridabad Skill Centre 4,2024-11-18,2025-02-10,dropped_out,50.8,,,,,,,,,,,,,,
1440,Ghaziabad,Uttar Pradesh,Female,SC,1991,1,F&B Service,Hospitality,Faridabad Skill Centre 4,2024-11-18,2025-02-10,completed,79.6,CERT-1440,apprenticeship,Hospitality Associate,Hospitality,Bhatti-Kakar,2025-03-03,unverified,,active,,11400.0,12400.0,13100.0,14000.0
1441,Ghaziabad,Uttar Pradesh,Other,General,1999,1,F&B Service,Hospitality,Faridabad Skill Centre 4,2024-11-18,2025-02-10,dropped_out,90.3,,,,,,,,,,,,,,
1442,Ghaziabad,Uttar Pradesh,Other,OBC,2004,1,F&B Service,Hospitality,Faridabad Skill Centre 4,2024-11-18,2025-02-10,completed,91.7,CERT-1442,apprenticeship,Hospitality Helper (low-relevance role),Hospitality,Shanker-Dhar,2025-02-28,unverified,,active,,10700.0,10800.0,11500.0,
1443,Faridabad,Haryana,Male,OBC,1994,1,F&B Service,Hospitality,Faridabad Skill Centre 4,2024-11-18,2025-02-10,dropped_out,62.6,,,,,,,,,,,,,,
1444,Ghaziabad,Uttar Pradesh,Other,SC,2002,1,F&B Service,Hospitality,Faridabad Skill Centre 4,2024-11-18,2025-02-10,completed,48.3,CERT-1444,not_placed,,,,,unverified,Wage offered too low,,,,,,
1445,Jaipur,Rajasthan,Male,ST,2001,1,F&B Service,Hospitality,Faridabad Skill Centre 4,2024-11-18,2025-02-10,completed,94.1,CERT-1445,wage_employment,Hospitality Helper (low-relevance role),Hospitality,"Yohannan, Lall and Sangha",2025-02-20,unverified,,active,,12400.0,13000.0,12800.0,
1446,Ghaziabad,Uttar Pradesh,Female,ST,2002,1,F&B Service,Hospitality,Faridabad Skill Centre 4,2024-11-18,2025-02-10,completed,94.9,CERT-1446,wage_employment,Hospitality Helper (low-relevance role),Hospitality,Dewan-Koshy,2025-03-21,confirmed,,active,,11400.0,12000.0,12400.0,12800.0
1447,Gurugram,Haryana,Female,SC,1999,1,F&B Service,Hospitality,Faridabad Skill Centre 4,2024-11-18,2025-02-10,completed,53.8,CERT-1447,wage_employment,Hospitality Helper (low-relevance role),Hospitality,"Murty, Kala and Tata",2025-04-25,confirmed,,ended,Left due to low wage relative to workload,10300.0,10500.0,,
1448,Jaipur,Rajasthan,Other,OBC,1998,1,F&B Service,Hospitality,Faridabad Skill Centre 4,2024-11-18,2025-02-10,completed,61.2,CERT-1448,not_placed,,,,,unverified,Job location too far / relocation not feasible,,,,,,
1449,Faridabad,Haryana,Female,SC,2005,1,F&B Service,Hospitality,Faridabad Skill Centre 4,2024-11-18,2025-02-10,completed,87.4,CERT-1449,wage_employment,Hospitality Helper (low-relevance role),Hospitality,Mutti Group,2025-03-21,unverified,,active,,12800.0,13100.0,,
1450,Gautam Buddh Nagar,Uttar Pradesh,Female,SC,1993,1,F&B Service,Hospitality,Faridabad Skill Centre 4,2024-11-18,2025-02-10,completed,69.5,CERT-1450,not_placed,,,,,unverified,Felt underprepared / skill mismatch,,,,,,
1451,Jaipur,Rajasthan,Female,General,1998,1,F&B Service,Hospitality,Faridabad Skill Centre 4,2024-11-18,2025-02-10,completed,79.9,CERT-1451,not_placed,,,,,unverified,Job location too far / relocation not feasible,,,,,,
1452,Ghaziabad,Uttar Pradesh,Male,ST,2001,1,F&B Service,Hospitality,Faridabad Skill Centre 4,2024-11-18,2025-02-10,completed,62.8,CERT-1452,wage_employment,Hospitality Associate,Hospitality,"Murty, Kala and Tata",2025-04-18,confirmed,,active,,11600.0,12000.0,12800.0,12500.0
1453,Jaipur,Rajasthan,Male,SC,1999,1,F&B Service,Hospitality,Faridabad Skill Centre 4,2024-11-18,2025-02-10,completed,50.2,CERT-1453,wage_employment,Hospitality Helper (low-relevance role),Hospitality,Dewan-Koshy,2025-03-20,unverified,,active,,10600.0,10500.0,,
1454,Gautam Buddh Nagar,Uttar Pradesh,Male,ST,1998,1,F&B Service,Hospitality,Faridabad Skill Centre 4,2024-11-18,2025-02-10,completed,50.1,CERT-1454,not_placed,,,,,unverified,Job location too far / relocation not feasible,,,,,,
1455,Jaipur,Rajasthan,Other,OBC,2005,1,F&B Service,Hospitality,Faridabad Skill Centre 4,2024-11-18,2025-02-10,completed,51.6,CERT-1455,wage_employment,Hospitality Helper (low-relevance role),Hospitality,"Murty, Kala and Tata",2025-02-20,unverified,,ended,Commute / relocation issues,10100.0,10400.0,,
1456,Gautam Buddh Nagar,Uttar Pradesh,Female,ST,1991,1,F&B Service,Hospitality,Faridabad Skill Centre 4,2024-11-18,2025-02-10,completed,94.8,CERT-1456,self_employment,Hospitality Helper (low-relevance role),Hospitality,,2025-03-21,unverified,,active,,11400.0,11700.0,11900.0,
1457,Jaipur,Rajasthan,Male,ST,2003,1,F&B Service,Hospitality,Faridabad Skill Centre 4,2024-11-18,2025-02-10,completed,63.7,CERT-1457,wage_employment,Hospitality Associate,Hospitality,Bhatti-Kakar,2025-04-03,unverified,,active,,10800.0,10900.0,11700.0,
1458,Gautam Buddh Nagar,Uttar Pradesh,Female,General,1998,1,F&B Service,Hospitality,Faridabad Skill Centre 4,2024-11-18,2025-02-10,completed,93.3,CERT-1458,wage_employment,Hospitality Helper (low-relevance role),Hospitality,"Murty, Kala and Tata",2025-03-16,confirmed,,active,,11800.0,12300.0,11900.0,12000.0
1459,Ghaziabad,Uttar Pradesh,Other,ST,2001,1,F&B Service,Hospitality,Faridabad Skill Centre 4,2024-11-18,2025-02-10,completed,74.7,CERT-1459,self_employment,Hospitality Helper (low-relevance role),Hospitality,,2025-04-21,confirmed,,ended,Moved to a better opportunity,13000.0,12900.0,,
1460,Jaipur,Rajasthan,Male,General,2002,1,F&B Service,Hospitality,Faridabad Skill Centre 4,2024-11-18,2025-02-10,completed,51.7,CERT-1460,wage_employment,Hospitality Helper (low-relevance role),Hospitality,Bhatti-Kakar,2025-02-24,confirmed,,active,,12200.0,11800.0,,
1461,Jaipur,Rajasthan,Male,SC,1999,1,F&B Service,Hospitality,Faridabad Skill Centre 4,2024-11-18,2025-02-10,completed,59.0,CERT-1461,not_placed,,,,,unverified,Job location too far / relocation not feasible,,,,,,
1462,Gurugram,Haryana,Female,SC,1996,1,F&B Service,Hospitality,Faridabad Skill Centre 4,2024-11-18,2025-02-10,completed,61.8,CERT-1462,wage_employment,Hospitality Helper (low-relevance role),Hospitality,Dewan-Koshy,2025-02-27,unverified,,active,,10500.0,11100.0,11500.0,12200.0
1463,Gautam Buddh Nagar,Uttar Pradesh,Male,ST,2007,1,F&B Service,Hospitality,Faridabad Skill Centre 4,2024-11-18,2025-02-10,completed,58.8,CERT-1463,not_placed,,,,,unverified,Wage offered too low,,,,,,
1464,Gautam Buddh Nagar,Uttar Pradesh,Other,OBC,1998,1,F&B Service,Hospitality,Faridabad Skill Centre 4,2024-11-18,2025-02-10,completed,62.2,CERT-1464,not_placed,,,,,unverified,No suitable openings in area,,,,,,
1465,Gautam Buddh Nagar,Uttar Pradesh,Male,OBC,1995,1,F&B Service,Hospitality,Faridabad Skill Centre 4,2024-11-18,2025-02-10,completed,93.3,CERT-1465,wage_employment,Hospitality Helper (low-relevance role),Hospitality,Shanker-Dhar,2025-04-06,unverified,,active,,9200.0,9300.0,9300.0,9200.0
1466,Gautam Buddh Nagar,Uttar Pradesh,Female,General,2003,1,F&B Service,Hospitality,Faridabad Skill Centre 4,2024-11-18,2025-02-10,completed,47.2,CERT-1466,not_placed,,,,,unverified,Felt underprepared / skill mismatch,,,,,,
1467,Faridabad,Haryana,Female,SC,2007,1,F&B Service,Hospitality,Faridabad Skill Centre 4,2024-11-18,2025-02-10,completed,65.7,CERT-1467,not_placed,,,,,unverified,Wage offered too low,,,,,,
1468,Ghaziabad,Uttar Pradesh,Male,SC,2002,1,F&B Service,Hospitality,Faridabad Skill Centre 4,2024-11-18,2025-02-10,completed,58.6,CERT-1468,wage_employment,Hospitality Helper (low-relevance role),Hospitality,Dewan-Koshy,2025-02-25,confirmed,,ended,Moved to a better opportunity,12000.0,,,
1469,Gautam Buddh Nagar,Uttar Pradesh,Other,General,2005,1,F&B Service,Hospitality,Faridabad Skill Centre 4,2024-11-18,2025-02-10,completed,51.9,CERT-1469,not_placed,,,,,unverified,Health-related reasons,,,,,,
1470,Jaipur,Rajasthan,Other,General,2004,1,F&B Service,Hospitality,Faridabad Skill Centre 4,2024-11-18,2025-02-10,completed,48.7,CERT-1470,not_placed,,,,,unverified,Family responsibilities / not permitted to work,,,,,,
1471,Gautam Buddh Nagar,Uttar Pradesh,Male,OBC,1996,1,F&B Service,Hospitality,Faridabad Skill Centre 4,2024-11-18,2025-02-10,completed,69.6,CERT-1471,wage_employment,Hospitality Helper (low-relevance role),Hospitality,Mutti Group,2025-03-29,confirmed,,active,,12500.0,13000.0,13500.0,13400.0
1472,Gautam Buddh Nagar,Uttar Pradesh,Other,OBC,1994,1,F&B Service,Hospitality,Faridabad Skill Centre 4,2024-11-18,2025-02-10,completed,97.7,CERT-1472,not_placed,,,,,unverified,Felt underprepared / skill mismatch,,,,,,
1473,Gurugram,Haryana,Other,General,1996,1,F&B Service,Hospitality,Faridabad Skill Centre 4,2024-11-18,2025-02-10,dropped_out,64.2,,,,,,,,,,,,,,
1474,Ghaziabad,Uttar Pradesh,Female,ST,2000,1,F&B Service,Hospitality,Faridabad Skill Centre 4,2024-11-18,2025-02-10,completed,93.7,CERT-1474,wage_employment,Hospitality Associate,Hospitality,"Yohannan, Lall and Sangha",2025-03-31,unverified,,active,,12100.0,13200.0,14300.0,14800.0
1475,Jaipur,Rajasthan,Female,ST,2004,1,F&B Service,Hospitality,Faridabad Skill Centre 4,2024-11-18,2025-02-10,completed,49.3,CERT-1475,wage_employment,Hospitality Helper (low-relevance role),Hospitality,Mutti Group,2025-03-31,confirmed,,active,,10000.0,10500.0,11100.0,11000.0
1476,Jaipur,Rajasthan,Female,ST,1998,1,F&B Service,Hospitality,Faridabad Skill Centre 4,2024-11-18,2025-02-10,completed,66.4,CERT-1476,self_employment,Hospitality Associate,Hospitality,,2025-02-22,confirmed,,active,,12400.0,13000.0,13800.0,14900.0
1477,Faridabad,Haryana,Male,General,1998,1,F&B Service,Hospitality,Faridabad Skill Centre 4,2024-11-18,2025-02-10,completed,61.0,CERT-1477,wage_employment,Hospitality Helper (low-relevance role),Hospitality,Mutti Group,2025-03-25,unverified,,active,,11200.0,10700.0,11500.0,12000.0
1478,Gurugram,Haryana,Male,General,2005,1,F&B Service,Hospitality,Faridabad Skill Centre 4,2024-11-18,2025-02-10,completed,47.7,CERT-1478,not_placed,,,,,unverified,Family responsibilities / not permitted to work,,,,,,
1479,Faridabad,Haryana,Male,SC,1999,1,F&B Service,Hospitality,Faridabad Skill Centre 4,2024-11-18,2025-02-10,completed,84.4,CERT-1479,wage_employment,Hospitality Helper (low-relevance role),Hospitality,Dewan-Koshy,2025-04-14,unverified,,active,,12800.0,13700.0,14100.0,14200.0
1480,Jaipur,Rajasthan,Other,ST,1995,1,F&B Service,Hospitality,Faridabad Skill Centre 4,2024-11-18,2025-02-10,dropped_out,72.5,,,,,,,,,,,,,,
1481,Faridabad,Haryana,Male,General,2007,1,F&B Service,Hospitality,Faridabad Skill Centre 4,2024-11-18,2025-02-10,completed,90.7,CERT-1481,not_placed,,,,,unverified,No suitable openings in area,,,,,,
1482,Faridabad,Haryana,Male,General,2001,1,F&B Service,Hospitality,Faridabad Skill Centre 4,2024-11-18,2025-02-10,completed,55.9,CERT-1482,not_placed,,,,,unverified,Felt underprepared / skill mismatch,,,,,,
1483,Ghaziabad,Uttar Pradesh,Female,ST,2002,1,F&B Service,Hospitality,Faridabad Skill Centre 4,2024-11-18,2025-02-10,completed,54.7,CERT-1483,not_placed,,,,,unverified,Felt underprepared / skill mismatch,,,,,,
1484,Faridabad,Haryana,Other,General,1992,1,F&B Service,Hospitality,Faridabad Skill Centre 4,2024-11-18,2025-02-10,dropped_out,68.2,,,,,,,,,,,,,,
1485,Ghaziabad,Uttar Pradesh,Female,OBC,2001,1,F&B Service,Hospitality,Faridabad Skill Centre 4,2024-11-18,2025-02-10,completed,67.2,CERT-1485,self_employment,Hospitality Helper (low-relevance role),Hospitality,,2025-04-08,unverified,,active,,9900.0,10000.0,10300.0,
1486,Gautam Buddh Nagar,Uttar Pradesh,Other,SC,2002,1,F&B Service,Hospitality,Faridabad Skill Centre 4,2024-11-18,2025-02-10,completed,81.0,CERT-1486,wage_employment,Hospitality Associate,Hospitality,"Yohannan, Lall and Sangha",2025-03-03,confirmed,,active,,10300.0,10600.0,,
1487,Faridabad,Haryana,Male,SC,1998,1,F&B Service,Hospitality,Faridabad Skill Centre 4,2024-11-18,2025-02-10,completed,70.4,CERT-1487,not_placed,,,,,unverified,Wage offered too low,,,,,,
1488,Gautam Buddh Nagar,Uttar Pradesh,Female,SC,2006,1,F&B Service,Hospitality,Faridabad Skill Centre 4,2024-11-18,2025-02-10,completed,63.6,CERT-1488,wage_employment,Hospitality Associate,Hospitality,Mutti Group,2025-03-28,confirmed,,ended,Job did not match trained skillset,10200.0,,,
1489,Faridabad,Haryana,Other,ST,2007,1,F&B Service,Hospitality,Faridabad Skill Centre 4,2024-11-18,2025-02-10,completed,46.5,CERT-1489,wage_employment,Hospitality Helper (low-relevance role),Hospitality,Dewan-Koshy,2025-03-03,confirmed,,active,,9400.0,10000.0,10900.0,11200.0
1490,Faridabad,Haryana,Other,ST,1995,1,F&B Service,Hospitality,Faridabad Skill Centre 4,2024-11-18,2025-02-10,completed,87.3,CERT-1490,self_employment,Hospitality Helper (low-relevance role),Hospitality,,2025-03-26,confirmed,,active,,11700.0,11800.0,11800.0,
1491,Gautam Buddh Nagar,Uttar Pradesh,Female,ST,1991,1,F&B Service,Hospitality,Faridabad Skill Centre 4,2024-11-18,2025-02-10,completed,81.3,CERT-1491,wage_employment,Hospitality Helper (low-relevance role),Hospitality,"Yohannan, Lall and Sangha",2025-03-07,unverified,,active,,12500.0,12900.0,13800.0,
1492,Gurugram,Haryana,Male,OBC,2002,1,F&B Service,Hospitality,Faridabad Skill Centre 4,2024-11-18,2025-02-10,completed,61.9,CERT-1492,not_placed,,,,,unverified,Felt underprepared / skill mismatch,,,,,,
1493,Gurugram,Haryana,Male,ST,1995,1,F&B Service,Hospitality,Faridabad Skill Centre 4,2024-11-18,2025-02-10,completed,54.1,CERT-1493,self_employment,Hospitality Associate,Hospitality,,2025-04-06,unverified,,ended,Health-related reasons,12800.0,,,
1494,Ghaziabad,Uttar Pradesh,Female,ST,2007,1,F&B Service,Hospitality,Faridabad Skill Centre 4,2024-11-18,2025-02-10,completed,79.1,CERT-1494,self_employment,Hospitality Helper (low-relevance role),Hospitality,,2025-03-20,confirmed,,active,,10900.0,11100.0,12000.0,
1495,Faridabad,Haryana,Other,ST,2005,1,F&B Service,Hospitality,Faridabad Skill Centre 4,2024-11-18,2025-02-10,completed,46.5,CERT-1495,wage_employment,Hospitality Associate,Hospitality,Bhatti-Kakar,2025-02-20,unverified,,active,,11800.0,12600.0,13300.0,14300.0
1496,Gurugram,Haryana,Female,General,2000,1,F&B Service,Hospitality,Faridabad Skill Centre 4,2024-11-18,2025-02-10,completed,56.2,CERT-1496,not_placed,,,,,unverified,Job location too far / relocation not feasible,,,,,,
